tenant_id,product_id,region,state,month,quarter,units,revenue,target,channel
pharma-a,P001,East,Karnataka,4,Q2,2786,2379244,2095515,Hospital
pharma-b,P002,North,Maharashtra,4,Q2,4311,2659887,2741294,Retail
pharma-b,P008,West,Gujarat,5,Q2,606,531462,580221,Online
pharma-b,P009,South,Karnataka,6,Q2,2174,421756,406563,Distributor
pharma-b,P020,East,Maharashtra,12,Q4,8027,5209523,4623179,Online
pharma-a,P018,East,Gujarat,6,Q2,9959,2947864,3128778,Hospital
pharma-a,P010,North,Karnataka,2,Q1,6727,2583168,2547063,Distributor
pharma-a,P012,East,Karnataka,11,Q4,4874,3986932,4509205,Hospital
pharma-a,P018,South,Karnataka,8,Q3,6716,2525216,2896061,Retail
pharma-b,P002,South,Maharashtra,6,Q2,7072,2644928,2300708,Distributor
pharma-a,P016,West,Tamil Nadu,3,Q1,4839,1171038,1082025,Distributor
pharma-b,P019,West,Delhi,4,Q2,2766,1717686,1714344,Hospital
pharma-a,P005,South,Tamil Nadu,10,Q4,1540,760760,733742,Online
pharma-b,P018,North,Maharashtra,11,Q4,9297,8069796,7505294,Distributor
pharma-a,P010,West,Karnataka,8,Q3,553,463967,516282,Distributor
pharma-a,P017,North,Delhi,11,Q4,8817,6374691,5798886,Distributor
pharma-a,P018,North,Gujarat,6,Q2,8505,1012095,894246,Distributor
pharma-b,P008,North,Karnataka,10,Q4,1790,334730,358017,Hospital
pharma-a,P005,West,Gujarat,3,Q1,4842,3098880,3445117,Online
pharma-a,P018,South,Delhi,7,Q3,6618,3626664,4061443,Online
pharma-a,P008,South,Maharashtra,6,Q2,844,592488,602072,Retail
pharma-a,P003,North,Karnataka,2,Q1,1014,993720,943168,Retail
pharma-b,P016,South,Gujarat,3,Q1,9855,6799950,6744199,Online
pharma-b,P007,North,Maharashtra,11,Q4,7562,3493644,3413547,Online
pharma-a,P004,North,Tamil Nadu,12,Q4,6059,5568221,6172382,Retail
pharma-a,P007,West,Karnataka,7,Q3,3506,1349810,1334676,Hospital
pharma-b,P018,North,Maharashtra,11,Q4,9356,8944336,7642285,Hospital
pharma-a,P006,West,Tamil Nadu,8,Q3,4002,3941970,3824941,Hospital
pharma-a,P013,North,Tamil Nadu,5,Q2,7954,3117968,3045949,Online
pharma-a,P007,East,Karnataka,1,Q1,9989,8520617,8628475,Distributor
pharma-a,P002,West,Gujarat,9,Q3,3079,486482,553730,Hospital
pharma-a,P003,North,Karnataka,7,Q3,2464,1682912,1554782,Hospital
pharma-a,P014,East,Delhi,4,Q2,5647,1942568,1805975,Retail
pharma-b,P015,East,Maharashtra,1,Q1,8008,5893888,6775238,Hospital
pharma-a,P018,South,Gujarat,5,Q2,2670,1220190,1359607,Retail
pharma-b,P010,South,Tamil Nadu,9,Q3,5456,3961056,4536027,Hospital
pharma-b,P004,South,Delhi,2,Q1,2253,1937580,1968517,Distributor
pharma-b,P020,South,Delhi,4,Q2,4825,2977025,2966782,Hospital
pharma-a,P014,East,Maharashtra,1,Q1,5964,5301996,4714778,Distributor
pharma-a,P015,West,Gujarat,1,Q1,2332,412764,467874,Retail
pharma-a,P012,South,Tamil Nadu,3,Q1,1185,491775,471806,Hospital
pharma-b,P007,South,Maharashtra,6,Q2,9673,9624635,9354309,Retail
pharma-a,P006,South,Tamil Nadu,1,Q1,3438,2936052,3309947,Online
pharma-a,P009,South,Maharashtra,7,Q3,1134,1110186,1100424,Retail
pharma-b,P012,East,Karnataka,4,Q2,887,687425,624139,Distributor
pharma-b,P003,East,Delhi,11,Q4,8846,4502614,4745104,Distributor
pharma-a,P004,East,Karnataka,10,Q4,4849,674011,594828,Online
pharma-b,P011,West,Gujarat,9,Q3,2394,1182636,1324376,Retail
pharma-b,P002,West,Maharashtra,9,Q3,9321,7484763,7977477,Retail
pharma-b,P014,North,Delhi,10,Q4,5643,4395897,4854848,Distributor
pharma-b,P014,East,Tamil Nadu,12,Q4,5344,3564448,3165894,Online
pharma-b,P006,East,Tamil Nadu,9,Q3,506,207966,194671,Online
pharma-b,P015,West,Tamil Nadu,11,Q4,4001,2492623,2472571,Retail
pharma-a,P010,East,Maharashtra,4,Q2,5585,1843050,2012553,Retail
pharma-a,P002,South,Tamil Nadu,10,Q4,1693,958238,933642,Retail
pharma-b,P016,West,Karnataka,3,Q1,590,512120,567496,Hospital
pharma-b,P008,South,Gujarat,8,Q3,1322,885740,819096,Hospital
pharma-b,P005,West,Gujarat,9,Q3,5698,4974354,5558481,Online
pharma-b,P006,West,Tamil Nadu,5,Q2,4550,4368000,4548391,Online
pharma-a,P009,West,Maharashtra,12,Q4,5181,1761540,1640900,Distributor
pharma-a,P005,South,Karnataka,7,Q3,3003,2471469,2259382,Online
pharma-b,P011,West,Tamil Nadu,1,Q1,3888,3701376,3612702,Hospital
pharma-b,P016,North,Delhi,5,Q2,6889,6702997,7490548,Online
pharma-a,P016,South,Delhi,7,Q3,8456,1090824,1054452,Online
pharma-a,P015,South,Gujarat,9,Q3,941,473323,486371,Hospital
pharma-a,P014,South,Tamil Nadu,3,Q1,1323,484218,466655,Retail
pharma-b,P011,East,Tamil Nadu,5,Q2,7406,2651348,2917737,Online
pharma-a,P018,North,Delhi,4,Q2,1624,1459976,1660263,Hospital
pharma-a,P008,South,Maharashtra,10,Q4,2996,1030624,915056,Hospital
pharma-a,P015,East,Delhi,3,Q1,2376,2128896,2332823,Distributor
pharma-a,P019,North,Delhi,10,Q4,6649,3364394,3809978,Retail
pharma-a,P019,South,Maharashtra,12,Q4,5441,5277770,5569513,Hospital
pharma-a,P012,West,Delhi,2,Q1,8789,6706007,6386595,Online
pharma-b,P004,West,Delhi,11,Q4,8032,6618368,5929378,Retail
pharma-b,P020,West,Tamil Nadu,7,Q3,4897,2105710,2327891,Hospital
pharma-b,P015,South,Tamil Nadu,10,Q4,6709,2978796,2557624,Distributor
pharma-a,P016,South,Delhi,5,Q2,6076,2345336,2612929,Distributor
pharma-a,P017,South,Maharashtra,4,Q2,7158,4294800,4365891,Retail
pharma-b,P016,West,Maharashtra,2,Q1,5320,1734320,1684580,Retail
pharma-b,P019,East,Tamil Nadu,9,Q3,9198,4157496,4064580,Distributor
pharma-b,P015,East,Delhi,5,Q2,4277,953771,1017087,Distributor
pharma-a,P018,South,Karnataka,4,Q2,8433,3229839,3447451,Distributor
pharma-a,P007,East,Karnataka,6,Q2,3439,1406551,1201538,Retail
pharma-b,P002,North,Gujarat,5,Q2,2568,1933704,2147452,Online
pharma-a,P001,East,Tamil Nadu,8,Q3,7716,3456768,3129443,Hospital
pharma-b,P016,North,Maharashtra,7,Q3,8556,1497300,1531897,Hospital
pharma-a,P005,East,Maharashtra,4,Q2,2440,1637240,1767127,Retail
pharma-b,P015,West,Delhi,10,Q4,7525,3100300,3164131,Hospital
pharma-a,P007,South,Delhi,11,Q4,1830,475800,438668,Hospital
pharma-a,P001,West,Tamil Nadu,12,Q4,8199,3263202,2805674,Distributor
pharma-b,P015,North,Karnataka,5,Q2,3741,2001435,1770134,Retail
pharma-a,P009,South,Maharashtra,1,Q1,3218,2931598,2762396,Distributor
pharma-b,P004,West,Delhi,12,Q4,7094,2681532,2681911,Online
pharma-b,P003,North,Tamil Nadu,12,Q4,5780,4150040,3839245,Hospital
pharma-a,P019,North,Delhi,10,Q4,1159,1021079,1099580,Online
pharma-b,P009,South,Gujarat,7,Q3,8556,1651308,1636451,Online
pharma-b,P011,North,Karnataka,6,Q2,7244,5867640,5859664,Online
pharma-a,P015,North,Delhi,5,Q2,5796,1263528,1441755,Online
pharma-a,P018,West,Tamil Nadu,1,Q1,3573,2250990,2157650,Online
pharma-b,P002,South,Delhi,9,Q3,2646,1042524,1023169,Online
pharma-a,P001,South,Karnataka,5,Q2,9524,1085736,1102755,Hospital
pharma-a,P004,West,Maharashtra,11,Q4,3022,1843420,2082688,Distributor
pharma-b,P014,West,Tamil Nadu,4,Q2,7983,5300712,4735616,Retail
pharma-a,P003,East,Tamil Nadu,6,Q2,8818,3289114,3605411,Distributor
pharma-b,P019,West,Karnataka,8,Q3,9324,5547780,5290014,Online
pharma-b,P011,South,Karnataka,10,Q4,6774,2296386,2541648,Online
pharma-a,P011,West,Tamil Nadu,7,Q3,2992,1816144,2069400,Retail
pharma-b,P004,West,Maharashtra,9,Q3,7986,918390,979677,Online
pharma-a,P003,West,Delhi,6,Q2,7012,5364180,4688800,Distributor
pharma-b,P011,West,Gujarat,1,Q1,1621,551140,572826,Distributor
pharma-a,P003,West,Maharashtra,11,Q4,2146,1188884,1069887,Distributor
pharma-a,P002,East,Maharashtra,5,Q2,6373,3078159,3014151,Retail
pharma-b,P019,South,Karnataka,3,Q1,1793,1298132,1442551,Retail
pharma-b,P019,South,Karnataka,8,Q3,4661,2656770,2461757,Hospital
pharma-b,P010,South,Maharashtra,8,Q3,6161,4318861,4058633,Online
pharma-b,P015,East,Karnataka,7,Q3,8416,1758944,1620271,Distributor
pharma-b,P010,North,Tamil Nadu,5,Q2,632,429128,476126,Hospital
pharma-b,P010,South,Gujarat,6,Q2,4088,3070088,2784691,Distributor
pharma-a,P004,North,Delhi,8,Q3,1046,724878,695490,Retail
pharma-a,P010,East,Tamil Nadu,3,Q1,3789,890415,966949,Distributor
pharma-b,P006,East,Tamil Nadu,5,Q2,6049,5583227,4938648,Hospital
pharma-a,P008,West,Gujarat,6,Q2,1979,1798911,1742015,Distributor
pharma-a,P015,East,Delhi,10,Q4,6742,6350964,6614940,Distributor
pharma-a,P008,West,Maharashtra,10,Q4,9698,4218630,4744173,Retail
pharma-a,P015,East,Tamil Nadu,2,Q1,2790,407340,461874,Distributor
pharma-b,P004,North,Karnataka,9,Q3,2722,1352834,1334020,Online
pharma-a,P014,North,Tamil Nadu,10,Q4,7186,2773796,2384951,Distributor
pharma-a,P015,West,Karnataka,6,Q2,2127,1705854,1637961,Distributor
pharma-a,P013,East,Karnataka,2,Q1,7950,1534350,1609273,Hospital
pharma-a,P011,South,Karnataka,10,Q4,3862,656540,721501,Retail
pharma-a,P008,East,Karnataka,10,Q4,546,209118,231602,Retail
pharma-a,P018,East,Karnataka,2,Q1,922,215748,184347,Retail
pharma-b,P001,South,Delhi,1,Q1,2576,2212784,2160314,Hospital
pharma-a,P016,West,Delhi,9,Q3,2286,1284732,1286211,Hospital
pharma-b,P015,North,Maharashtra,8,Q3,7080,3794880,4006745,Online
pharma-b,P003,North,Delhi,10,Q4,2930,489310,434437,Distributor
pharma-b,P020,East,Tamil Nadu,9,Q3,7548,1517148,1650549,Hospital
pharma-a,P014,West,Karnataka,7,Q3,6053,5732191,5652225,Online
pharma-a,P011,West,Delhi,11,Q4,4676,2258508,2565840,Online
pharma-a,P003,North,Maharashtra,7,Q3,2082,1794684,1923253,Retail
pharma-a,P019,East,Maharashtra,7,Q3,6293,6255242,6565515,Online
pharma-a,P010,East,Delhi,2,Q1,9968,6170192,5638454,Online
pharma-a,P004,East,Gujarat,6,Q2,2382,2096160,1956913,Retail
pharma-b,P018,North,Gujarat,11,Q4,4881,629649,569281,Distributor
pharma-b,P012,North,Karnataka,3,Q1,9778,7558394,7333420,Retail
pharma-a,P003,South,Tamil Nadu,7,Q3,7932,3561468,3195430,Distributor
pharma-b,P019,North,Maharashtra,3,Q1,3079,2684888,2779802,Hospital
pharma-b,P015,West,Tamil Nadu,10,Q4,7742,4056808,3780742,Hospital
pharma-b,P014,North,Delhi,11,Q4,8472,5413608,5685045,Hospital
pharma-a,P013,North,Maharashtra,4,Q2,5438,1718408,1856232,Distributor
pharma-b,P011,North,Maharashtra,8,Q3,7555,2107845,1873359,Retail
pharma-b,P003,West,Maharashtra,7,Q3,807,459990,518109,Distributor
pharma-b,P019,West,Tamil Nadu,5,Q2,2387,1226918,1050557,Distributor
pharma-a,P020,West,Delhi,2,Q1,7655,7379420,6506869,Online
pharma-b,P017,North,Tamil Nadu,5,Q2,6062,1976212,1877244,Retail
pharma-a,P017,North,Gujarat,9,Q3,3676,3286344,3137842,Retail
pharma-a,P004,South,Delhi,4,Q2,3342,2392872,2143680,Hospital
pharma-a,P016,West,Gujarat,10,Q4,7854,6259638,7056153,Distributor
pharma-b,P005,West,Maharashtra,8,Q3,7745,5777770,5435992,Distributor
pharma-a,P012,North,Delhi,8,Q3,7904,1090752,945755,Distributor
pharma-a,P003,West,Tamil Nadu,10,Q4,9581,8718710,9343634,Hospital
pharma-b,P019,South,Delhi,10,Q4,8292,5082996,4550594,Hospital
pharma-b,P004,East,Maharashtra,9,Q3,3327,465780,430531,Online
pharma-b,P017,South,Delhi,6,Q2,5134,2546464,2476769,Distributor
pharma-a,P011,North,Delhi,2,Q1,9641,7654954,7394450,Distributor
pharma-a,P011,North,Gujarat,11,Q4,2817,1290186,1216735,Online
pharma-a,P020,North,Delhi,9,Q3,6671,5056618,5499064,Retail
pharma-a,P014,East,Maharashtra,6,Q2,5560,1579040,1792764,Distributor
pharma-b,P007,South,Karnataka,3,Q1,1764,709128,782401,Hospital
pharma-a,P011,South,Gujarat,7,Q3,3027,805182,728088,Retail
pharma-b,P002,West,Delhi,11,Q4,4391,2432614,2513324,Online
pharma-a,P018,South,Delhi,8,Q3,3678,1750728,1844378,Online
pharma-b,P010,West,Gujarat,9,Q3,7359,1950135,2135529,Retail
pharma-b,P002,West,Delhi,9,Q3,2180,1805040,1992344,Hospital
pharma-b,P003,South,Delhi,8,Q3,8910,2227500,2448721,Hospital
pharma-a,P015,East,Maharashtra,7,Q3,1372,692860,693277,Retail
pharma-b,P003,East,Karnataka,1,Q1,5721,1149921,1266928,Distributor
pharma-a,P005,North,Delhi,8,Q3,2773,2431921,2581875,Online
pharma-a,P003,North,Delhi,4,Q2,2949,1949289,2206727,Online
pharma-a,P010,South,Delhi,2,Q1,1282,441008,430400,Online
pharma-a,P004,West,Gujarat,9,Q3,769,574443,577092,Retail
pharma-a,P010,West,Maharashtra,10,Q4,6280,2172880,2218943,Retail
pharma-a,P017,East,Maharashtra,9,Q3,9414,5827266,6327966,Hospital
pharma-b,P016,North,Tamil Nadu,6,Q2,4655,4026575,3442208,Hospital
pharma-b,P008,North,Gujarat,12,Q4,5947,1403492,1211635,Distributor
pharma-a,P015,West,Karnataka,3,Q1,1533,1276989,1382796,Online
pharma-a,P010,South,Maharashtra,4,Q2,1186,501678,566901,Online
pharma-b,P009,North,Karnataka,5,Q2,6348,6233736,6758943,Distributor
pharma-b,P004,East,Tamil Nadu,7,Q3,7704,3813480,3629330,Retail
pharma-b,P016,East,Gujarat,5,Q2,1853,1563932,1528508,Online
pharma-a,P018,East,Delhi,2,Q1,1811,787785,825815,Distributor
pharma-b,P020,West,Karnataka,12,Q4,7772,3567348,3510765,Distributor
pharma-b,P009,North,Maharashtra,11,Q4,7155,3377160,3390418,Retail
pharma-a,P005,West,Maharashtra,3,Q1,1601,545941,591556,Distributor
pharma-b,P013,North,Gujarat,3,Q1,7871,3770209,3625448,Hospital
pharma-a,P017,East,Tamil Nadu,6,Q2,5066,1798430,2046893,Hospital
pharma-a,P016,West,Gujarat,2,Q1,4788,4275684,3968206,Online
pharma-a,P020,East,Tamil Nadu,4,Q2,2509,597142,660348,Online
pharma-a,P015,North,Delhi,11,Q4,6192,5114592,4447044,Distributor
pharma-b,P006,South,Delhi,9,Q3,4173,934752,1070795,Retail
pharma-a,P016,North,Delhi,9,Q3,9876,4710852,4664788,Retail
pharma-a,P003,East,Tamil Nadu,12,Q4,8342,5322196,5179766,Online
pharma-a,P005,East,Maharashtra,8,Q3,8132,6473072,6506783,Retail
pharma-a,P005,West,Gujarat,1,Q1,2534,1596420,1430240,Retail
pharma-a,P011,South,Delhi,9,Q3,5153,4977798,4348892,Retail
pharma-b,P005,East,Gujarat,9,Q3,2030,1246420,1299138,Retail
pharma-a,P020,East,Gujarat,1,Q1,964,176412,152356,Distributor
pharma-a,P019,West,Gujarat,11,Q4,996,606564,677349,Distributor
pharma-b,P016,South,Tamil Nadu,5,Q2,7930,1379820,1457895,Retail
pharma-b,P014,West,Tamil Nadu,4,Q2,6073,4378633,3910559,Distributor
pharma-b,P013,South,Delhi,9,Q3,9702,2018016,1908507,Online
pharma-a,P009,West,Karnataka,3,Q1,2086,314986,295161,Online
pharma-b,P008,South,Delhi,10,Q4,5623,1653162,1783656,Online
pharma-b,P016,East,Tamil Nadu,1,Q1,1975,991450,993069,Retail
pharma-a,P019,East,Maharashtra,1,Q1,5109,3096054,3186631,Online
pharma-b,P018,North,Maharashtra,7,Q3,2694,996780,1064812,Online
pharma-b,P002,West,Maharashtra,10,Q4,9704,2901496,2781829,Distributor
pharma-a,P013,West,Gujarat,5,Q2,2446,565026,645556,Online
pharma-b,P011,East,Karnataka,4,Q2,8841,4517751,4517856,Hospital
pharma-a,P005,East,Tamil Nadu,9,Q3,7987,2012724,2076885,Retail
pharma-b,P020,East,Karnataka,7,Q3,5402,3819214,3631736,Online
pharma-b,P016,North,Delhi,6,Q2,2295,1207170,1237482,Hospital
pharma-b,P009,South,Maharashtra,10,Q4,8371,2293654,2310328,Online
pharma-a,P008,North,Gujarat,12,Q4,2300,678500,580579,Distributor
pharma-b,P005,West,Karnataka,7,Q3,8721,7787853,8048305,Online
pharma-a,P005,South,Gujarat,6,Q2,8337,5319006,5122455,Retail
pharma-b,P018,East,Gujarat,6,Q2,4831,3497644,3481044,Retail
pharma-b,P018,East,Karnataka,5,Q2,5235,4297935,3920504,Online
pharma-b,P016,East,Gujarat,12,Q4,4980,1962120,1739541,Online
pharma-b,P012,South,Delhi,1,Q1,5212,4331172,3784183,Online
pharma-b,P016,South,Karnataka,9,Q3,4942,3335850,3532169,Retail
pharma-a,P020,South,Karnataka,1,Q1,9200,3045200,3171220,Hospital
pharma-a,P014,East,Tamil Nadu,2,Q1,2752,288960,329228,Retail
pharma-b,P016,West,Karnataka,5,Q2,5762,2258704,2357566,Hospital
pharma-a,P018,North,Karnataka,7,Q3,3380,463060,532126,Online
pharma-b,P006,East,Maharashtra,1,Q1,5388,3669228,3782368,Distributor
pharma-b,P015,West,Karnataka,9,Q3,8168,3095672,2810385,Hospital
pharma-b,P006,West,Delhi,12,Q4,3550,404700,433427,Distributor
pharma-a,P006,West,Tamil Nadu,9,Q3,5872,1103936,1071093,Hospital
pharma-a,P005,West,Delhi,4,Q2,611,224237,216404,Online
pharma-b,P011,East,Gujarat,12,Q4,9886,1097346,1018848,Distributor
pharma-a,P002,North,Tamil Nadu,5,Q2,3116,1604740,1694319,Distributor
pharma-a,P010,East,Gujarat,4,Q2,4090,965240,958922,Online
pharma-b,P014,West,Gujarat,11,Q4,4078,3588640,3316763,Hospital
pharma-b,P017,East,Maharashtra,10,Q4,2338,381094,418682,Retail
pharma-a,P006,East,Gujarat,8,Q3,2404,1913584,1744462,Online
pharma-a,P017,West,Maharashtra,8,Q3,2661,1663125,1620927,Hospital
pharma-b,P010,North,Tamil Nadu,5,Q2,549,473787,433690,Hospital
pharma-a,P014,East,Maharashtra,9,Q3,1487,252790,289657,Online
pharma-a,P010,West,Karnataka,3,Q1,7387,3567921,4095463,Online
pharma-b,P013,West,Maharashtra,11,Q4,9335,2203060,2304533,Distributor
pharma-a,P006,West,Gujarat,3,Q1,4148,3957192,3367736,Hospital
pharma-b,P015,West,Gujarat,7,Q3,4262,1504486,1486714,Retail
pharma-b,P007,North,Maharashtra,11,Q4,7368,5371272,5799985,Hospital
pharma-a,P007,North,Maharashtra,10,Q4,1050,584850,602006,Hospital
pharma-a,P002,West,Tamil Nadu,4,Q2,9343,3008446,3238037,Hospital
pharma-a,P017,East,Karnataka,12,Q4,9938,4233588,4331986,Distributor
pharma-a,P010,South,Gujarat,4,Q2,7275,2960925,2761199,Retail
pharma-b,P018,West,Maharashtra,6,Q2,6744,6096576,6141318,Online
pharma-b,P005,East,Tamil Nadu,3,Q1,9313,5438792,5016145,Retail
pharma-b,P005,West,Maharashtra,9,Q3,7261,3819286,3884924,Retail
pharma-b,P008,East,Karnataka,6,Q2,1795,1005200,1109881,Hospital
pharma-a,P002,East,Tamil Nadu,11,Q4,1147,1140118,993995,Retail
pharma-b,P007,East,Delhi,1,Q1,3970,1167180,1328978,Hospital
pharma-b,P008,South,Tamil Nadu,4,Q2,9545,4094805,4433257,Online
pharma-b,P018,East,Delhi,5,Q2,6392,3995000,4453800,Online
pharma-a,P016,East,Karnataka,6,Q2,5626,2942398,2541392,Retail
pharma-a,P001,East,Gujarat,10,Q4,9988,8359956,8153242,Retail
pharma-a,P011,South,Tamil Nadu,10,Q4,4526,2765386,2807399,Distributor
pharma-b,P016,West,Tamil Nadu,3,Q1,6270,1711710,1526824,Online
pharma-a,P018,North,Gujarat,1,Q1,1717,1608829,1690018,Hospital
pharma-b,P005,South,Maharashtra,12,Q4,2974,324166,296811,Online
pharma-b,P002,West,Tamil Nadu,1,Q1,608,391552,397618,Hospital
pharma-a,P017,East,Gujarat,5,Q2,780,478920,523913,Online
pharma-a,P004,North,Gujarat,3,Q1,4448,1316608,1363919,Distributor
pharma-b,P009,West,Maharashtra,6,Q2,7152,4076640,4156137,Retail
pharma-b,P003,North,Maharashtra,7,Q3,6713,3262518,3314099,Hospital
pharma-a,P006,North,Tamil Nadu,7,Q3,5927,4024433,4600726,Hospital
pharma-a,P008,South,Gujarat,8,Q3,4941,726327,818750,Distributor
pharma-a,P006,East,Maharashtra,4,Q2,2862,2489940,2729490,Online
pharma-a,P010,South,Gujarat,4,Q2,9784,9333936,10312437,Distributor
pharma-b,P005,North,Gujarat,12,Q4,6166,949564,834957,Retail
pharma-a,P011,West,Delhi,1,Q1,4978,4490156,5153692,Online
pharma-a,P012,West,Tamil Nadu,3,Q1,6727,1257949,1360660,Distributor
pharma-a,P003,North,Delhi,3,Q1,6725,5568300,6042535,Retail
pharma-b,P011,East,Maharashtra,2,Q1,585,242775,238749,Distributor
pharma-a,P005,North,Karnataka,7,Q3,7853,5261510,5347914,Online
pharma-a,P001,North,Delhi,9,Q3,2024,1439064,1481391,Distributor
pharma-b,P001,East,Tamil Nadu,7,Q3,1887,1588854,1780057,Retail
pharma-a,P013,South,Karnataka,5,Q2,5433,2031942,2027750,Hospital
pharma-a,P014,East,Tamil Nadu,5,Q2,8433,7598133,6633750,Distributor
pharma-a,P016,South,Tamil Nadu,2,Q1,2719,1117509,952151,Online
pharma-b,P020,West,Delhi,8,Q3,5984,3231360,3537184,Retail
pharma-b,P011,South,Tamil Nadu,6,Q2,3410,1728870,1971979,Distributor
pharma-b,P019,South,Delhi,7,Q3,5092,4766112,5174853,Distributor
pharma-a,P019,South,Gujarat,9,Q3,3447,2750706,2971547,Hospital
pharma-b,P007,West,Delhi,12,Q4,1633,1531754,1691571,Online
pharma-b,P005,East,Karnataka,5,Q2,3025,2516800,2458758,Online
pharma-a,P015,West,Gujarat,7,Q3,9255,5719590,6446256,Online
pharma-a,P012,North,Maharashtra,4,Q2,6316,1705320,1780524,Hospital
pharma-b,P011,West,Maharashtra,1,Q1,2115,769860,705653,Retail
pharma-b,P012,West,Tamil Nadu,11,Q4,8699,2209546,2106780,Hospital
pharma-b,P004,East,Tamil Nadu,2,Q1,2401,2283351,2585216,Retail
pharma-b,P010,East,Tamil Nadu,4,Q2,9037,5367978,5123681,Hospital
pharma-b,P015,East,Maharashtra,5,Q2,1232,1144528,1216900,Hospital
pharma-b,P004,South,Karnataka,9,Q3,3358,2233070,2005387,Online
pharma-b,P008,West,Karnataka,3,Q1,7580,3827900,3287238,Retail
pharma-b,P019,West,Tamil Nadu,1,Q1,4019,1245890,1163042,Hospital
pharma-a,P018,South,Delhi,6,Q2,3728,2117504,1872268,Online
pharma-b,P020,West,Gujarat,7,Q3,2371,1081176,1033166,Online
pharma-a,P010,North,Karnataka,6,Q2,2431,836264,787437,Retail
pharma-b,P005,West,Tamil Nadu,10,Q4,2758,1897504,1831305,Retail
pharma-b,P018,South,Gujarat,3,Q1,8522,3366190,3002940,Distributor
pharma-b,P020,North,Delhi,1,Q1,8439,2016921,1832450,Online
pharma-b,P014,West,Tamil Nadu,12,Q4,7772,4663200,4197700,Hospital
pharma-a,P010,North,Delhi,4,Q2,9308,3676660,3310695,Online
pharma-b,P018,North,Gujarat,2,Q1,4889,4365877,4422335,Distributor
pharma-a,P015,South,Tamil Nadu,2,Q1,4555,1840220,2047139,Hospital
pharma-b,P009,East,Maharashtra,8,Q3,2423,2166162,2368842,Retail
pharma-b,P020,West,Karnataka,10,Q4,2781,2511243,2290218,Retail
pharma-a,P019,East,Gujarat,5,Q2,9327,2536944,2402729,Distributor
pharma-b,P019,East,Gujarat,11,Q4,2060,490280,558346,Online
pharma-a,P009,South,Karnataka,4,Q2,2896,2397888,2269910,Retail
pharma-b,P016,South,Gujarat,11,Q4,4902,3637284,3543687,Online
pharma-a,P003,West,Gujarat,12,Q4,5058,4102038,4638998,Distributor
pharma-b,P016,East,Gujarat,1,Q1,2026,1718048,1961401,Distributor
pharma-a,P018,West,Karnataka,7,Q3,3970,2405820,2238762,Distributor
pharma-b,P018,South,Gujarat,8,Q3,6131,4892538,5277464,Hospital
pharma-a,P015,North,Maharashtra,3,Q1,7730,4382910,3726362,Online
pharma-a,P005,East,Karnataka,5,Q2,2029,1562330,1496916,Hospital
pharma-b,P006,North,Tamil Nadu,11,Q4,5505,4640715,4918380,Retail
pharma-b,P003,North,Maharashtra,4,Q2,8312,1487848,1323901,Retail
pharma-b,P001,North,Delhi,2,Q1,7419,6009390,5346269,Hospital
pharma-a,P013,North,Maharashtra,2,Q1,5633,2681308,2987772,Retail
pharma-b,P005,South,Maharashtra,9,Q3,9728,1050624,1085395,Retail
pharma-b,P012,South,Karnataka,7,Q3,7748,7593040,6948948,Hospital
pharma-a,P004,West,Delhi,7,Q3,5652,5143320,4587579,Distributor
pharma-a,P008,East,Maharashtra,11,Q4,5442,1687020,1696002,Retail
pharma-b,P010,North,Karnataka,8,Q3,6822,1466730,1352801,Hospital
pharma-a,P012,East,Karnataka,7,Q3,9812,5200360,4990388,Retail
pharma-b,P003,North,Gujarat,2,Q1,725,266800,244048,Hospital
pharma-b,P017,East,Gujarat,7,Q3,7439,6085102,5906706,Retail
pharma-b,P003,East,Maharashtra,9,Q3,3829,3549483,3182513,Distributor
pharma-b,P019,North,Delhi,12,Q4,7667,6493949,7377310,Retail
pharma-a,P008,North,Tamil Nadu,2,Q1,7928,5755728,5943650,Distributor
pharma-a,P004,North,Karnataka,12,Q4,685,182895,182698,Distributor
pharma-b,P006,East,Karnataka,12,Q4,4903,4167550,4650670,Hospital
pharma-b,P014,East,Gujarat,2,Q1,4808,3985832,4553873,Hospital
pharma-b,P015,East,Maharashtra,8,Q3,9787,2642490,2537599,Distributor
pharma-a,P019,North,Karnataka,12,Q4,8836,901272,777988,Hospital
pharma-a,P002,West,Delhi,7,Q3,2958,837114,945393,Hospital
pharma-b,P008,East,Karnataka,7,Q3,5741,2164357,2376029,Distributor
pharma-a,P017,North,Karnataka,4,Q2,8950,1315650,1494872,Hospital
pharma-b,P010,East,Delhi,2,Q1,9561,5421087,4620884,Retail
pharma-b,P019,East,Gujarat,4,Q2,8100,3863700,3969979,Online
pharma-a,P018,South,Karnataka,1,Q1,7218,895032,823339,Distributor
pharma-a,P011,North,Tamil Nadu,12,Q4,5538,1140828,1039931,Retail
pharma-b,P016,North,Karnataka,12,Q4,5084,991380,855729,Retail
pharma-b,P012,West,Maharashtra,10,Q4,2065,1274105,1134022,Online
pharma-a,P019,North,Tamil Nadu,11,Q4,2641,903222,846773,Distributor
pharma-b,P011,East,Tamil Nadu,5,Q2,4327,761552,862888,Retail
pharma-a,P005,North,Karnataka,8,Q3,8135,3424835,3328781,Distributor
pharma-a,P015,East,Tamil Nadu,5,Q2,2464,473088,424494,Distributor
pharma-a,P007,East,Karnataka,2,Q1,4566,2118624,2052678,Hospital
pharma-b,P009,South,Maharashtra,7,Q3,7908,5290452,5684186,Retail
pharma-a,P015,North,Karnataka,2,Q1,695,113285,124512,Retail
pharma-a,P007,West,Delhi,11,Q4,1876,1305696,1339429,Hospital
pharma-a,P003,South,Tamil Nadu,3,Q1,2006,1939802,2131467,Distributor
pharma-a,P002,West,Maharashtra,3,Q1,9902,5376786,5895676,Online
pharma-b,P001,West,Tamil Nadu,3,Q1,6299,2009381,2255512,Distributor
pharma-b,P015,South,Maharashtra,10,Q4,4526,3448812,3236818,Online
pharma-b,P002,North,Delhi,7,Q3,2748,1453692,1322623,Retail
pharma-a,P013,East,Tamil Nadu,9,Q3,8440,3814880,4287173,Distributor
pharma-b,P009,South,Maharashtra,6,Q2,4088,531440,594537,Distributor
pharma-a,P016,East,Gujarat,4,Q2,3115,629230,581633,Retail
pharma-b,P018,North,Karnataka,10,Q4,6863,3177569,3592438,Retail
pharma-a,P008,East,Delhi,10,Q4,962,788840,836303,Retail
pharma-a,P016,East,Karnataka,8,Q3,1121,215232,186573,Retail
pharma-a,P017,West,Maharashtra,6,Q2,3800,3515000,3125351,Retail
pharma-b,P002,North,Karnataka,10,Q4,2820,2515440,2221828,Distributor
pharma-a,P012,West,Gujarat,2,Q1,6014,2459726,2328821,Retail
pharma-b,P016,East,Karnataka,12,Q4,9707,7862670,8781659,Distributor
pharma-a,P019,South,Tamil Nadu,5,Q2,5325,1224750,1106331,Hospital
pharma-b,P019,North,Karnataka,10,Q4,5713,5301664,6045272,Retail
pharma-a,P016,South,Delhi,12,Q4,1774,608482,580518,Distributor
pharma-a,P003,East,Tamil Nadu,1,Q1,4845,1521330,1407020,Hospital
pharma-b,P009,North,Maharashtra,1,Q1,6823,3739004,3999894,Retail
pharma-b,P016,West,Delhi,9,Q3,6649,1349747,1482888,Retail
pharma-a,P015,North,Maharashtra,5,Q2,828,352728,327450,Hospital
pharma-a,P011,South,Tamil Nadu,3,Q1,1728,1140480,1291650,Hospital
pharma-b,P020,West,Maharashtra,7,Q3,3203,2309363,2579387,Retail
pharma-a,P004,East,Karnataka,4,Q2,7205,5857665,5952756,Distributor
pharma-b,P010,South,Maharashtra,1,Q1,6937,4751845,4822641,Online
pharma-a,P002,East,Maharashtra,7,Q3,1935,775935,851331,Online
pharma-a,P004,North,Karnataka,3,Q1,5281,966423,958760,Hospital
pharma-b,P013,West,Tamil Nadu,11,Q4,4841,934313,974077,Online
pharma-a,P012,West,Delhi,3,Q1,7803,1131435,1051090,Online
pharma-b,P008,East,Gujarat,1,Q1,2976,2589120,2741726,Hospital
pharma-a,P012,West,Gujarat,4,Q2,9570,1550340,1708845,Online
pharma-b,P019,South,Tamil Nadu,5,Q2,1793,903672,1012865,Hospital
pharma-a,P004,West,Karnataka,3,Q1,3971,3681117,3341783,Hospital
pharma-b,P003,West,Karnataka,11,Q4,2922,2787588,2867074,Distributor
pharma-a,P003,West,Gujarat,7,Q3,9544,4132552,4574682,Online
pharma-a,P020,West,Maharashtra,7,Q3,2951,740701,755498,Hospital
pharma-a,P019,North,Delhi,9,Q3,6133,6120734,5957108,Online
pharma-b,P019,West,Maharashtra,3,Q1,5012,2566144,2291966,Online
pharma-a,P013,East,Karnataka,1,Q1,8285,3106875,3476933,Hospital
pharma-b,P010,East,Delhi,8,Q3,2109,2085801,1915572,Distributor
pharma-b,P011,East,Tamil Nadu,10,Q4,1962,572904,562886,Online
pharma-b,P017,East,Maharashtra,9,Q3,3104,518368,488995,Online
pharma-a,P017,North,Karnataka,4,Q2,3788,3625116,3144020,Hospital
pharma-b,P002,East,Karnataka,5,Q2,6535,6162505,6096353,Online
pharma-a,P001,South,Delhi,8,Q3,7808,2194048,2497169,Online
pharma-b,P012,South,Delhi,12,Q4,1980,774180,664428,Hospital
pharma-a,P019,South,Karnataka,11,Q4,4188,3321084,3028892,Online
pharma-a,P001,West,Karnataka,11,Q4,3337,2385955,2601309,Retail
pharma-b,P020,East,Delhi,7,Q3,6668,6481296,6187127,Distributor
pharma-a,P015,East,Gujarat,10,Q4,7006,4890188,4306757,Distributor
pharma-b,P010,North,Tamil Nadu,2,Q1,6009,2301447,2398518,Distributor
pharma-b,P010,South,Karnataka,9,Q3,4437,701046,765282,Online
pharma-b,P005,North,Tamil Nadu,5,Q2,4750,2508000,2436220,Hospital
pharma-a,P011,South,Gujarat,11,Q4,8294,6527378,6250285,Distributor
pharma-a,P018,South,Delhi,2,Q1,8213,1897203,2034324,Retail
pharma-b,P003,South,Delhi,4,Q2,5531,2931430,3184785,Distributor
pharma-b,P009,East,Tamil Nadu,2,Q1,8209,1264186,1403142,Hospital
pharma-b,P007,North,Tamil Nadu,9,Q3,5388,2817924,2440938,Retail
pharma-a,P007,East,Tamil Nadu,10,Q4,7996,1967016,1858662,Retail
pharma-a,P016,East,Karnataka,6,Q2,1450,150800,148630,Retail
pharma-a,P019,South,Tamil Nadu,2,Q1,2620,1909980,1871997,Online
pharma-b,P014,West,Tamil Nadu,1,Q1,1118,722228,657100,Distributor
pharma-a,P011,South,Maharashtra,11,Q4,567,420147,449591,Retail
pharma-b,P010,South,Maharashtra,7,Q3,8746,6139692,5782573,Hospital
pharma-a,P010,East,Tamil Nadu,12,Q4,9024,6407040,6453396,Online
pharma-a,P011,West,Delhi,4,Q2,3201,2980131,2893759,Retail
pharma-a,P005,South,Maharashtra,10,Q4,8767,2393391,2122814,Hospital
pharma-b,P009,North,Gujarat,1,Q1,2271,1746399,1922498,Hospital
pharma-a,P014,West,Tamil Nadu,2,Q1,9466,3388828,3362798,Retail
pharma-a,P001,East,Tamil Nadu,11,Q4,2154,1675812,1686022,Retail
pharma-b,P004,North,Delhi,2,Q1,2241,1364769,1241385,Retail
pharma-b,P017,South,Delhi,12,Q4,7213,2899626,2604189,Online
pharma-a,P016,East,Karnataka,1,Q1,708,557196,488494,Hospital
pharma-b,P005,North,Gujarat,2,Q1,2159,781558,815400,Online
pharma-b,P009,West,Maharashtra,2,Q1,3362,3345190,2882996,Distributor
pharma-b,P011,West,Maharashtra,2,Q1,1251,136359,150758,Retail
pharma-b,P012,West,Gujarat,5,Q2,2022,972582,1064480,Retail
pharma-a,P013,West,Tamil Nadu,5,Q2,6819,5496114,6074313,Online
pharma-a,P004,South,Maharashtra,3,Q1,2199,1156674,1299370,Online
pharma-b,P006,West,Delhi,10,Q4,972,955476,1008351,Retail
pharma-b,P016,North,Tamil Nadu,8,Q3,1253,205492,190796,Distributor
pharma-a,P017,South,Delhi,9,Q3,9070,7292280,7731086,Hospital
pharma-b,P008,West,Delhi,11,Q4,6805,1714860,1889278,Hospital
pharma-a,P006,West,Tamil Nadu,3,Q1,1726,1499894,1496135,Retail
pharma-b,P009,North,Gujarat,4,Q2,9519,7215402,6952698,Retail
pharma-a,P015,West,Gujarat,8,Q3,1942,1897334,1896455,Distributor
pharma-a,P016,North,Maharashtra,7,Q3,7255,986680,1003591,Hospital
pharma-a,P020,East,Gujarat,9,Q3,3889,2994530,3148575,Distributor
pharma-b,P002,South,Tamil Nadu,6,Q2,9677,8564145,8871832,Online
pharma-b,P015,North,Maharashtra,11,Q4,4133,421566,401502,Distributor
pharma-b,P004,North,Karnataka,8,Q3,2801,2635741,2807213,Online
pharma-a,P009,South,Karnataka,2,Q1,6937,2219840,2191234,Retail
pharma-b,P004,West,Maharashtra,11,Q4,2518,2241020,2504398,Online
pharma-a,P016,North,Gujarat,12,Q4,1295,862470,975102,Online
pharma-a,P019,South,Karnataka,2,Q1,6847,5292731,5452379,Distributor
pharma-b,P014,South,Delhi,7,Q3,6117,2452917,2418217,Retail
pharma-a,P014,East,Gujarat,6,Q2,9569,7148043,6541908,Retail
pharma-b,P012,South,Karnataka,9,Q3,9388,7604280,7916536,Hospital
pharma-b,P018,West,Gujarat,10,Q4,7339,5797810,6228938,Distributor
pharma-b,P001,North,Maharashtra,7,Q3,2881,443674,466335,Retail
pharma-b,P006,East,Delhi,3,Q1,1516,1223412,1327777,Retail
pharma-a,P012,West,Maharashtra,10,Q4,9705,9559425,8768786,Online
pharma-a,P017,East,Maharashtra,7,Q3,6849,3602574,4096164,Distributor
pharma-a,P001,East,Karnataka,10,Q4,7759,7363291,6757031,Distributor
pharma-a,P007,East,Tamil Nadu,3,Q1,1720,500520,569963,Hospital
pharma-b,P002,West,Delhi,9,Q3,4829,1125157,1010704,Distributor
pharma-a,P011,West,Karnataka,1,Q1,3018,1297740,1335457,Distributor
pharma-b,P019,East,Maharashtra,12,Q4,5707,3641066,3335174,Retail
pharma-a,P017,South,Tamil Nadu,9,Q3,9298,4769874,4185963,Retail
pharma-a,P011,East,Delhi,5,Q2,4079,3548730,3674653,Online
pharma-a,P004,East,Tamil Nadu,4,Q2,4494,629160,663616,Distributor
pharma-b,P004,West,Delhi,9,Q3,5133,641625,720802,Distributor
pharma-b,P016,North,Delhi,11,Q4,3654,1563912,1570431,Hospital
pharma-a,P018,North,Maharashtra,4,Q2,3992,3932120,4150830,Hospital
pharma-a,P018,West,Maharashtra,12,Q4,3019,374356,369776,Distributor
pharma-a,P003,North,Maharashtra,3,Q1,4627,3104717,2704620,Retail
pharma-b,P014,West,Tamil Nadu,11,Q4,7126,3869418,3656295,Online
pharma-a,P018,North,Gujarat,2,Q1,1245,1017165,1123433,Distributor
pharma-a,P010,East,Gujarat,2,Q1,5112,4513896,5091707,Online
pharma-b,P001,West,Karnataka,9,Q3,4102,980378,1052951,Distributor
pharma-a,P010,East,Maharashtra,9,Q3,9594,2340936,2076341,Hospital
pharma-b,P018,North,Delhi,4,Q2,6133,1938028,1887244,Retail
pharma-a,P006,South,Gujarat,5,Q2,3683,799211,722812,Hospital
pharma-b,P018,North,Delhi,11,Q4,1603,570668,501880,Online
pharma-b,P012,South,Karnataka,2,Q1,5171,3795514,3305675,Retail
pharma-b,P016,West,Delhi,10,Q4,5508,4461480,4574136,Distributor
pharma-b,P014,South,Maharashtra,6,Q2,4533,4097832,3755489,Online
pharma-b,P012,South,Delhi,8,Q3,8083,4494148,4303697,Distributor
pharma-b,P018,North,Karnataka,11,Q4,1843,1771123,1654556,Retail
pharma-a,P009,North,Maharashtra,1,Q1,8809,6571514,5647284,Online
pharma-a,P002,East,Gujarat,9,Q3,8234,6331946,6854706,Distributor
pharma-b,P008,East,Karnataka,8,Q3,8710,5417620,4752153,Distributor
pharma-a,P008,South,Gujarat,3,Q1,7810,2054030,1856316,Retail
pharma-b,P012,North,Karnataka,8,Q3,4296,704544,654737,Retail
pharma-a,P007,East,Tamil Nadu,8,Q3,7948,1168356,1007089,Distributor
pharma-a,P017,East,Delhi,10,Q4,9418,6432494,5803106,Online
pharma-b,P019,North,Gujarat,5,Q2,6665,2186120,2196857,Distributor
pharma-b,P016,West,Gujarat,1,Q1,8722,2110724,2072666,Retail
pharma-a,P017,East,Karnataka,3,Q1,3562,929682,891255,Hospital
pharma-a,P014,East,Maharashtra,8,Q3,8344,4922960,4495702,Retail
pharma-b,P001,South,Maharashtra,3,Q1,9896,6986576,6276311,Hospital
pharma-a,P002,South,Delhi,3,Q1,8964,4616460,4754064,Hospital
pharma-b,P003,South,Tamil Nadu,10,Q4,8223,8124324,8079644,Retail
pharma-b,P020,South,Gujarat,3,Q1,8869,3281530,2954415,Distributor
pharma-b,P020,North,Karnataka,7,Q3,6815,1601525,1413459,Retail
pharma-b,P005,North,Karnataka,8,Q3,1139,1136722,1233525,Hospital
pharma-a,P016,South,Gujarat,9,Q3,519,463467,488293,Online
pharma-b,P012,North,Gujarat,7,Q3,4259,3922539,3901502,Online
pharma-b,P019,North,Tamil Nadu,3,Q1,4670,2745960,2964971,Hospital
pharma-b,P020,West,Delhi,4,Q2,589,486514,522075,Hospital
pharma-a,P017,North,Tamil Nadu,11,Q4,3865,3107460,3391128,Online
pharma-b,P004,South,Tamil Nadu,11,Q4,4655,1708385,1890316,Online
pharma-b,P020,East,Tamil Nadu,4,Q2,7270,4834550,5246146,Online
pharma-a,P012,West,Delhi,5,Q2,9964,4503728,4874197,Online
pharma-a,P004,South,Tamil Nadu,12,Q4,3150,636300,581792,Online
pharma-b,P018,North,Karnataka,7,Q3,586,540878,474526,Retail
pharma-b,P020,West,Maharashtra,2,Q1,4810,1572870,1511922,Hospital
pharma-b,P013,East,Gujarat,1,Q1,3371,2545105,2540805,Hospital
pharma-a,P017,East,Karnataka,1,Q1,8864,5566592,5897998,Retail
pharma-a,P012,South,Maharashtra,3,Q1,1922,734204,795805,Distributor
pharma-b,P013,South,Gujarat,1,Q1,1624,311808,316447,Distributor
pharma-b,P009,South,Gujarat,4,Q2,7950,4078350,4169998,Distributor
pharma-a,P014,North,Gujarat,2,Q1,8743,3505943,3337621,Hospital
pharma-b,P018,East,Tamil Nadu,7,Q3,9726,5786970,6255657,Distributor
pharma-b,P015,North,Tamil Nadu,2,Q1,4724,798356,770255,Retail
pharma-a,P011,West,Delhi,9,Q3,9276,1011084,1071997,Distributor
pharma-a,P010,North,Tamil Nadu,11,Q4,6103,1080231,1097909,Retail
pharma-b,P011,East,Karnataka,10,Q4,4908,1408596,1597538,Retail
pharma-b,P007,South,Karnataka,5,Q2,3887,1298258,1182492,Retail
pharma-b,P005,North,Maharashtra,2,Q1,8571,6239688,5316133,Hospital
pharma-b,P012,East,Tamil Nadu,10,Q4,5001,3010602,2724178,Distributor
pharma-b,P008,South,Maharashtra,9,Q3,7433,4378037,4955483,Hospital
pharma-b,P013,South,Tamil Nadu,2,Q1,8990,5133290,4849395,Hospital
pharma-a,P007,West,Gujarat,2,Q1,5831,2740570,2833292,Distributor
pharma-a,P018,East,Karnataka,5,Q2,8222,5977394,5696031,Retail
pharma-b,P014,South,Tamil Nadu,12,Q4,6599,3121327,3453117,Distributor
pharma-b,P006,South,Gujarat,11,Q4,4244,3959652,3484339,Distributor
pharma-a,P018,West,Tamil Nadu,4,Q2,2889,2654991,3020701,Retail
pharma-b,P001,South,Tamil Nadu,8,Q3,2703,2619207,2721868,Distributor
pharma-b,P010,East,Gujarat,10,Q4,1281,649467,571331,Retail
pharma-a,P007,East,Tamil Nadu,11,Q4,2077,1163120,1248467,Distributor
pharma-b,P012,East,Delhi,1,Q1,7246,1623104,1550595,Retail
pharma-a,P010,East,Delhi,11,Q4,8863,5308937,5746517,Online
pharma-a,P013,East,Tamil Nadu,11,Q4,2873,2841397,2558032,Distributor
pharma-b,P020,West,Maharashtra,2,Q1,3154,1422454,1306474,Distributor
pharma-b,P009,West,Delhi,8,Q3,6450,5579250,5724734,Online
pharma-b,P006,South,Maharashtra,3,Q1,4344,3375288,3123809,Hospital
pharma-a,P006,West,Maharashtra,2,Q1,1545,1543455,1531039,Hospital
pharma-a,P013,North,Maharashtra,5,Q2,3044,566184,592483,Online
pharma-b,P008,South,Delhi,8,Q3,2571,601614,606440,Retail
pharma-a,P002,East,Delhi,8,Q3,8154,8080614,8178997,Distributor
pharma-b,P005,South,Gujarat,10,Q4,7980,5953080,6397617,Online
pharma-b,P012,West,Gujarat,4,Q2,1967,1085784,1023199,Online
pharma-b,P005,East,Maharashtra,1,Q1,9074,8475116,9131836,Retail
pharma-b,P010,West,Gujarat,1,Q1,8559,7472007,7420600,Hospital
pharma-b,P010,South,Maharashtra,9,Q3,6621,1939953,1888584,Online
pharma-b,P008,South,Tamil Nadu,7,Q3,4114,1518066,1326429,Retail
pharma-b,P010,East,Tamil Nadu,4,Q2,1621,463606,413067,Hospital
pharma-b,P020,West,Delhi,12,Q4,8560,2499520,2365028,Retail
pharma-a,P018,North,Karnataka,2,Q1,5122,1920750,1704688,Online
pharma-a,P008,North,Karnataka,1,Q1,8586,2764692,2633573,Distributor
pharma-b,P012,West,Maharashtra,6,Q2,1814,1746882,1878196,Retail
pharma-a,P009,West,Maharashtra,9,Q3,8202,2337570,2121713,Distributor
pharma-b,P001,North,Karnataka,7,Q3,7757,2738221,2933417,Hospital
pharma-a,P015,North,Gujarat,11,Q4,3915,2286360,2210308,Distributor
pharma-b,P006,North,Gujarat,9,Q3,2501,897859,892803,Distributor
pharma-a,P012,North,Karnataka,2,Q1,4366,3265768,3201264,Hospital
pharma-a,P009,North,Tamil Nadu,4,Q2,646,92378,94624,Online
pharma-a,P012,North,Karnataka,3,Q1,8690,1677170,1770728,Distributor
pharma-a,P002,East,Karnataka,12,Q4,9287,8451170,7455770,Online
pharma-a,P011,East,Tamil Nadu,12,Q4,3661,442981,468131,Distributor
pharma-a,P009,North,Tamil Nadu,12,Q4,7668,5152896,4835551,Online
pharma-a,P019,South,Gujarat,6,Q2,5803,4926747,4880033,Retail
pharma-a,P017,South,Tamil Nadu,5,Q2,4814,3148356,3022843,Hospital
pharma-b,P006,North,Gujarat,6,Q2,4412,1888336,2013534,Online
pharma-a,P017,West,Gujarat,3,Q1,5138,2209340,2149558,Distributor
pharma-a,P004,North,Maharashtra,3,Q1,3426,3405444,2926577,Hospital
pharma-b,P007,North,Maharashtra,10,Q4,6866,5307418,5291351,Distributor
pharma-a,P012,South,Gujarat,12,Q4,1661,187693,211917,Retail
pharma-b,P003,West,Maharashtra,6,Q2,9642,8301762,9393220,Online
pharma-b,P002,East,Gujarat,1,Q1,1653,1576962,1484191,Retail
pharma-a,P004,South,Gujarat,7,Q3,3604,1070388,1078798,Retail
pharma-a,P018,West,Maharashtra,11,Q4,9946,4634836,4877459,Online
pharma-a,P006,South,Gujarat,7,Q3,8768,3901760,4086155,Online
pharma-b,P011,East,Delhi,7,Q3,7554,7138530,7622238,Retail
pharma-a,P013,East,Delhi,8,Q3,7831,3962486,3368345,Hospital
pharma-b,P020,North,Gujarat,3,Q1,5445,577170,542597,Retail
pharma-a,P011,North,Delhi,9,Q3,8876,5938044,6063933,Retail
pharma-a,P002,West,Delhi,3,Q1,2767,1026557,985622,Retail
pharma-a,P009,East,Maharashtra,10,Q4,7050,4808100,5410865,Hospital
pharma-b,P016,South,Tamil Nadu,12,Q4,9940,9333660,10475135,Distributor
pharma-a,P019,West,Maharashtra,1,Q1,5978,2725968,3036558,Online
pharma-b,P004,South,Gujarat,1,Q1,6766,1048730,987311,Hospital
pharma-b,P018,South,Delhi,9,Q3,4117,1053952,911832,Online
pharma-b,P020,North,Karnataka,7,Q3,5247,4748535,4597990,Retail
pharma-b,P003,West,Gujarat,12,Q4,1307,863927,837799,Hospital
pharma-b,P017,West,Karnataka,3,Q1,8379,5630688,5120730,Online
pharma-a,P018,South,Karnataka,2,Q1,4862,4351490,4260194,Hospital
pharma-a,P014,West,Delhi,6,Q2,3620,1549360,1477093,Hospital
pharma-b,P006,East,Gujarat,8,Q3,2889,1591839,1374494,Retail
pharma-a,P012,South,Maharashtra,2,Q1,1393,484764,550053,Retail
pharma-b,P001,East,Maharashtra,5,Q2,7873,4582086,3926043,Retail
pharma-a,P007,East,Gujarat,8,Q3,2815,2282965,2419090,Hospital
pharma-b,P019,North,Delhi,3,Q1,1484,578760,526792,Distributor
pharma-a,P015,North,Maharashtra,7,Q3,4945,3847210,4253571,Distributor
pharma-a,P001,East,Tamil Nadu,4,Q2,6737,4176940,4774173,Hospital
pharma-b,P016,North,Karnataka,4,Q2,8702,4942736,5032724,Hospital
pharma-a,P008,East,Delhi,8,Q3,6945,5986590,5370579,Distributor
pharma-b,P012,East,Karnataka,9,Q3,5019,4672689,4058711,Distributor
pharma-b,P001,East,Karnataka,3,Q1,6099,3061698,3205841,Hospital
pharma-b,P017,South,Tamil Nadu,4,Q2,9886,2530816,2474984,Distributor
pharma-b,P015,South,Karnataka,11,Q4,2770,1922380,1946229,Retail
pharma-a,P010,South,Tamil Nadu,3,Q1,9754,2545794,2406408,Hospital
pharma-a,P011,South,Maharashtra,6,Q2,7283,3794443,3570587,Distributor
pharma-a,P007,North,Karnataka,3,Q1,929,817520,936703,Distributor
pharma-a,P020,South,Karnataka,11,Q4,927,432909,378294,Online
pharma-a,P017,West,Delhi,3,Q1,6848,4129344,4096945,Retail
pharma-a,P008,North,Tamil Nadu,1,Q1,4921,2568762,2354954,Retail
pharma-a,P003,South,Tamil Nadu,10,Q4,8527,6855708,6495568,Online
pharma-a,P014,West,Maharashtra,10,Q4,6732,5634684,5318404,Hospital
pharma-a,P015,West,Maharashtra,4,Q2,8998,5848700,5665538,Hospital
pharma-b,P017,North,Karnataka,5,Q2,7701,3904407,4354660,Distributor
pharma-b,P006,West,Delhi,10,Q4,1393,1122758,1128473,Retail
pharma-b,P015,North,Gujarat,2,Q1,3445,3090165,3169379,Retail
pharma-b,P014,East,Tamil Nadu,1,Q1,3430,1934520,1986935,Retail
pharma-b,P003,East,Delhi,12,Q4,3186,2660310,2846475,Hospital
pharma-a,P015,East,Maharashtra,9,Q3,6792,5732448,6233005,Retail
pharma-b,P018,West,Maharashtra,3,Q1,5991,4067889,4521017,Retail
pharma-a,P005,South,Maharashtra,7,Q3,5547,2307552,2466885,Online
pharma-b,P006,North,Karnataka,4,Q2,557,410509,443193,Hospital
pharma-b,P016,West,Gujarat,1,Q1,8584,2944312,2694228,Online
pharma-b,P014,West,Maharashtra,10,Q4,607,212450,236807,Distributor
pharma-a,P002,South,Karnataka,1,Q1,6218,851866,761237,Hospital
pharma-b,P011,North,Maharashtra,2,Q1,7331,2067342,1857301,Distributor
pharma-a,P015,East,Maharashtra,2,Q1,5403,2323290,2231684,Online
pharma-a,P014,North,Delhi,8,Q3,2704,605696,641060,Distributor
pharma-b,P017,West,Gujarat,4,Q2,3925,2849550,2471857,Hospital
pharma-b,P020,East,Tamil Nadu,10,Q4,5685,2075025,2090831,Distributor
pharma-a,P020,West,Gujarat,12,Q4,8654,5227016,5709961,Retail
pharma-b,P007,North,Maharashtra,1,Q1,8116,6005840,6540478,Retail
pharma-b,P014,North,Delhi,6,Q2,9681,8954925,9324325,Hospital
pharma-a,P010,East,Maharashtra,5,Q2,5419,3348942,3399169,Hospital
pharma-a,P011,East,Tamil Nadu,12,Q4,9821,7169330,8158940,Retail
pharma-a,P011,East,Tamil Nadu,8,Q3,1082,823402,733425,Retail
pharma-b,P018,East,Tamil Nadu,7,Q3,1417,1353235,1361790,Distributor
pharma-a,P007,East,Delhi,2,Q1,2946,1140102,1256645,Distributor
pharma-b,P018,South,Gujarat,10,Q4,6882,2002662,2059853,Distributor
pharma-b,P002,East,Tamil Nadu,2,Q1,8643,8625714,7946807,Online
pharma-b,P007,East,Karnataka,2,Q1,6631,5987793,5156798,Retail
pharma-a,P015,North,Tamil Nadu,9,Q3,3024,889056,846412,Online
pharma-b,P011,South,Maharashtra,9,Q3,2674,828940,884786,Online
pharma-b,P017,North,Maharashtra,5,Q2,1221,980463,1082859,Hospital
pharma-b,P015,North,Maharashtra,9,Q3,5619,691137,707218,Distributor
pharma-a,P011,South,Karnataka,5,Q2,5032,3245640,3069547,Online
pharma-a,P009,South,Karnataka,5,Q2,2375,273125,310676,Hospital
pharma-a,P018,East,Gujarat,6,Q2,4940,1205360,1365652,Distributor
pharma-a,P006,North,Delhi,10,Q4,6049,3949997,3883219,Retail
pharma-a,P016,North,Maharashtra,7,Q3,1381,259628,253900,Retail
pharma-b,P020,East,Delhi,6,Q2,3746,3109180,3350206,Hospital
pharma-b,P019,South,Maharashtra,12,Q4,8172,1626228,1604558,Online
pharma-b,P008,South,Karnataka,10,Q4,4727,2231144,2158906,Distributor
pharma-b,P015,West,Maharashtra,2,Q1,8287,1781705,1702298,Online
pharma-a,P010,East,Gujarat,10,Q4,2587,1603940,1412878,Hospital
pharma-b,P018,North,Delhi,9,Q3,8052,4106520,4218056,Retail
pharma-a,P018,South,Tamil Nadu,7,Q3,1582,708736,646701,Online
pharma-b,P019,East,Gujarat,12,Q4,4369,1210213,1269251,Hospital
pharma-b,P004,West,Delhi,9,Q3,2099,1975159,1942697,Distributor
pharma-b,P003,North,Gujarat,7,Q3,5864,3553584,3708153,Hospital
pharma-a,P007,South,Gujarat,11,Q4,503,440125,393479,Retail
pharma-b,P018,East,Tamil Nadu,10,Q4,9968,5552176,5045262,Distributor
pharma-b,P019,East,Tamil Nadu,12,Q4,6140,1172740,1201845,Online
pharma-a,P010,North,Delhi,9,Q3,1370,137000,145357,Distributor
pharma-a,P010,North,Karnataka,7,Q3,6959,5149660,4868685,Online
pharma-b,P013,West,Gujarat,4,Q2,3341,1957826,1745833,Online
pharma-b,P014,South,Delhi,11,Q4,2556,605772,517014,Hospital
pharma-a,P016,West,Karnataka,2,Q1,2748,2080236,2271165,Online
pharma-b,P020,South,Tamil Nadu,9,Q3,7448,4952920,5428506,Online
pharma-b,P008,South,Tamil Nadu,10,Q4,621,429111,428873,Retail
pharma-b,P014,East,Maharashtra,1,Q1,9808,5825952,6184042,Hospital
pharma-b,P003,South,Gujarat,5,Q2,8117,5105593,4459584,Hospital
pharma-a,P016,North,Gujarat,10,Q4,5619,4085013,3536936,Distributor
pharma-a,P016,West,Gujarat,8,Q3,9903,8427453,8001480,Distributor
pharma-b,P010,South,Maharashtra,12,Q4,5481,4625964,5021513,Distributor
pharma-a,P016,South,Gujarat,1,Q1,5280,4899840,5248777,Hospital
pharma-b,P016,North,Karnataka,9,Q3,1759,1707989,1853388,Distributor
pharma-a,P020,East,Delhi,5,Q2,732,628788,555512,Retail
pharma-a,P015,East,Karnataka,5,Q2,4369,2603924,2354579,Hospital
pharma-b,P003,South,Gujarat,3,Q1,8625,7503750,8614872,Online
pharma-a,P015,South,Karnataka,10,Q4,6153,953715,994417,Hospital
pharma-a,P006,West,Tamil Nadu,8,Q3,5437,3191519,3427197,Retail
pharma-b,P013,West,Delhi,3,Q1,9190,9107290,8928971,Distributor
pharma-b,P013,East,Gujarat,11,Q4,1172,233228,262454,Distributor
pharma-b,P020,East,Delhi,5,Q2,4875,4489875,3948768,Online
pharma-b,P008,South,Gujarat,6,Q2,3447,1447740,1468419,Hospital
pharma-a,P001,West,Maharashtra,9,Q3,2202,1763802,1735197,Retail
pharma-b,P009,South,Maharashtra,1,Q1,2006,316948,358643,Retail
pharma-a,P004,North,Gujarat,3,Q1,6659,5140748,5547675,Retail
pharma-a,P006,East,Delhi,8,Q3,1740,1311960,1293636,Distributor
pharma-b,P011,East,Karnataka,2,Q1,5043,4513485,3920937,Online
pharma-b,P002,East,Delhi,3,Q1,7718,1319778,1316500,Retail
pharma-b,P006,West,Maharashtra,3,Q1,9357,8299659,8128487,Hospital
pharma-b,P009,North,Maharashtra,2,Q1,1653,1132305,1209600,Online
pharma-a,P016,South,Maharashtra,1,Q1,6897,2565684,2297524,Distributor
pharma-b,P019,North,Gujarat,12,Q4,8539,5029471,4932992,Hospital
pharma-a,P001,West,Tamil Nadu,2,Q1,9793,6345864,7174079,Distributor
pharma-b,P010,West,Maharashtra,11,Q4,1985,940890,950663,Distributor
pharma-a,P015,East,Karnataka,3,Q1,9584,1341760,1529947,Retail
pharma-b,P013,North,Delhi,8,Q3,1890,1411830,1385563,Retail
pharma-a,P002,South,Maharashtra,12,Q4,4407,2644200,2555963,Distributor
pharma-b,P018,West,Maharashtra,1,Q1,6058,951106,904801,Hospital
pharma-b,P004,South,Gujarat,8,Q3,9291,2341332,2510646,Retail
pharma-a,P002,South,Tamil Nadu,11,Q4,812,472584,530311,Hospital
pharma-a,P005,North,Karnataka,11,Q4,1318,545652,598155,Hospital
pharma-b,P020,South,Gujarat,2,Q1,2242,484272,483857,Retail
pharma-a,P007,West,Delhi,12,Q4,7086,3061152,2712917,Retail
pharma-b,P007,North,Gujarat,3,Q1,5996,983344,871462,Retail
pharma-b,P006,East,Gujarat,3,Q1,7687,2682763,3025358,Hospital
pharma-a,P004,West,Karnataka,1,Q1,8478,1542996,1314485,Retail
pharma-a,P019,East,Tamil Nadu,12,Q4,8298,6704784,5954302,Retail
pharma-b,P017,West,Tamil Nadu,4,Q2,3359,2435275,2575308,Retail
pharma-b,P020,North,Delhi,6,Q2,7361,765544,778797,Retail
pharma-a,P017,North,Gujarat,6,Q2,9342,5782698,5295695,Retail
pharma-b,P002,South,Maharashtra,3,Q1,8272,5037648,4548477,Hospital
pharma-a,P012,East,Karnataka,7,Q3,4618,2041156,2112689,Online
pharma-a,P004,North,Gujarat,3,Q1,3089,2792456,2397936,Hospital
pharma-a,P008,West,Gujarat,10,Q4,5840,3089360,2810160,Distributor
pharma-a,P004,East,Karnataka,2,Q1,4384,3748320,3650033,Retail
pharma-b,P008,North,Tamil Nadu,10,Q4,8436,1307580,1460758,Retail
pharma-a,P020,West,Karnataka,7,Q3,6619,1581941,1561885,Retail
pharma-b,P009,South,Delhi,3,Q1,1025,828200,845260,Distributor
pharma-a,P004,West,Tamil Nadu,7,Q3,3304,2900912,2764780,Distributor
pharma-a,P020,South,Gujarat,9,Q3,4263,801444,780212,Online
pharma-a,P019,West,Tamil Nadu,5,Q2,737,624239,610776,Retail
pharma-a,P011,West,Gujarat,4,Q2,2940,2019780,2261094,Online
pharma-a,P002,West,Gujarat,1,Q1,7474,4805782,4653419,Hospital
pharma-b,P016,South,Maharashtra,9,Q3,703,568727,608273,Retail
pharma-a,P012,East,Karnataka,11,Q4,1986,230376,228978,Distributor
pharma-a,P015,North,Tamil Nadu,8,Q3,2771,2757145,2925166,Retail
pharma-b,P015,North,Maharashtra,7,Q3,5954,3828422,3291731,Online
pharma-b,P020,South,Maharashtra,10,Q4,6000,5118000,5781666,Distributor
pharma-a,P004,West,Delhi,8,Q3,1169,554106,531902,Hospital
pharma-a,P005,East,Karnataka,9,Q3,2360,1803040,1791406,Retail
pharma-a,P011,East,Delhi,9,Q3,7429,2845307,2464997,Distributor
pharma-b,P015,West,Gujarat,9,Q3,2510,1458310,1550107,Distributor
pharma-b,P020,East,Maharashtra,4,Q2,8001,1512189,1321730,Retail
pharma-b,P003,North,Karnataka,5,Q2,2335,1898355,1697862,Retail
pharma-a,P017,North,Delhi,7,Q3,9370,2201950,2184711,Online
pharma-b,P001,East,Karnataka,2,Q1,861,854112,931491,Distributor
pharma-b,P019,East,Delhi,8,Q3,9186,8836932,8965426,Online
pharma-b,P019,South,Delhi,3,Q1,4759,1579988,1572519,Distributor
pharma-a,P005,East,Delhi,8,Q3,3225,2363925,2664709,Distributor
pharma-a,P006,South,Karnataka,4,Q2,2415,342930,393728,Retail
pharma-b,P009,East,Karnataka,4,Q2,9715,8005160,6887693,Distributor
pharma-b,P005,East,Tamil Nadu,9,Q3,3163,2043298,1921656,Hospital
pharma-b,P016,South,Tamil Nadu,6,Q2,3056,317824,362651,Distributor
pharma-b,P016,East,Gujarat,11,Q4,2909,2670462,2722721,Online
pharma-b,P004,West,Maharashtra,3,Q1,9526,2086194,1966080,Online
pharma-a,P015,East,Maharashtra,6,Q2,1401,1011522,1054404,Retail
pharma-b,P007,North,Maharashtra,9,Q3,7798,6183814,6502078,Hospital
pharma-b,P007,West,Delhi,10,Q4,8881,1394317,1565168,Distributor
pharma-b,P005,West,Delhi,7,Q3,6608,740096,692282,Distributor
pharma-b,P015,North,Karnataka,12,Q4,7778,6681302,7668659,Online
pharma-b,P006,West,Tamil Nadu,3,Q1,1910,471770,430412,Online
pharma-b,P003,West,Maharashtra,1,Q1,7208,5434832,6110507,Online
pharma-a,P018,West,Gujarat,3,Q1,3764,1091560,1200372,Distributor
pharma-b,P002,East,Gujarat,5,Q2,8595,5775840,6191451,Retail
pharma-a,P001,South,Delhi,5,Q2,8242,1870934,1957266,Distributor
pharma-b,P006,West,Karnataka,1,Q1,2455,2167765,2022882,Hospital
pharma-b,P019,West,Gujarat,7,Q3,4725,3510675,3706478,Hospital
pharma-b,P017,North,Delhi,3,Q1,1458,363042,343403,Retail
pharma-b,P006,North,Delhi,6,Q2,7373,5537123,6221685,Distributor
pharma-a,P010,East,Gujarat,11,Q4,1758,1100508,999420,Retail
pharma-a,P020,South,Gujarat,6,Q2,5680,5373280,5929406,Distributor
pharma-b,P012,North,Gujarat,10,Q4,6261,5904123,5273062,Retail
pharma-b,P012,West,Tamil Nadu,6,Q2,3171,646884,592133,Retail
pharma-a,P018,North,Tamil Nadu,8,Q3,1751,383469,420149,Hospital
pharma-b,P012,East,Delhi,3,Q1,7740,5503140,5541311,Distributor
pharma-a,P010,North,Maharashtra,4,Q2,2608,2548016,2696497,Retail
pharma-b,P005,South,Karnataka,2,Q1,7460,6020220,6495258,Hospital
pharma-a,P001,West,Tamil Nadu,1,Q1,3717,780570,671163,Hospital
pharma-b,P004,East,Maharashtra,2,Q1,5442,4261086,3635054,Hospital
pharma-a,P020,South,Gujarat,4,Q2,3527,2772222,2648747,Hospital
pharma-a,P009,East,Delhi,3,Q1,8702,7823098,8359498,Retail
pharma-a,P004,North,Gujarat,4,Q2,3638,1411544,1272552,Hospital
pharma-a,P007,West,Delhi,12,Q4,3533,1943150,2044305,Hospital
pharma-a,P012,West,Tamil Nadu,4,Q2,8925,2972025,2889620,Distributor
pharma-a,P015,North,Gujarat,3,Q1,8623,7588240,7272380,Distributor
pharma-a,P003,East,Tamil Nadu,2,Q1,6804,2653560,2619285,Distributor
pharma-b,P008,West,Delhi,7,Q3,3593,3510361,3057112,Online
pharma-b,P006,North,Tamil Nadu,11,Q4,2223,1122615,1101754,Hospital
pharma-a,P005,West,Tamil Nadu,12,Q4,2166,1860594,2097981,Retail
pharma-a,P012,South,Delhi,4,Q2,7123,1602675,1474238,Online
pharma-b,P009,East,Tamil Nadu,6,Q2,8295,6486690,6687450,Online
pharma-b,P017,East,Karnataka,8,Q3,2270,510750,472549,Online
pharma-a,P005,North,Maharashtra,12,Q4,1365,1296750,1128780,Hospital
pharma-a,P013,East,Karnataka,5,Q2,2078,1824484,1592692,Online
pharma-b,P007,East,Tamil Nadu,8,Q3,8770,3218590,3259567,Hospital
pharma-a,P014,North,Tamil Nadu,8,Q3,5653,5500369,5296310,Online
pharma-a,P002,South,Gujarat,11,Q4,5465,4497695,4044521,Online
pharma-a,P010,West,Tamil Nadu,2,Q1,9820,7767620,7745607,Online
pharma-b,P018,South,Gujarat,1,Q1,6912,2550528,2546465,Online
pharma-b,P010,East,Maharashtra,1,Q1,1239,286209,315139,Distributor
pharma-a,P011,West,Maharashtra,7,Q3,6154,2861610,2786003,Hospital
pharma-a,P008,South,Delhi,10,Q4,1891,1520364,1322184,Distributor
pharma-a,P011,South,Maharashtra,9,Q3,5843,806334,796877,Online
pharma-b,P009,North,Tamil Nadu,10,Q4,864,366336,352899,Online
pharma-b,P019,North,Tamil Nadu,2,Q1,3873,1719612,1717925,Distributor
pharma-a,P020,East,Delhi,7,Q3,3805,2313440,2407442,Hospital
pharma-a,P010,East,Maharashtra,5,Q2,9896,5056856,5518956,Hospital
pharma-a,P019,East,Delhi,2,Q1,9780,8997600,9081449,Online
pharma-a,P012,North,Delhi,9,Q3,5413,2939259,3083391,Distributor
pharma-a,P014,West,Delhi,10,Q4,8943,5043852,5303449,Retail
pharma-a,P017,South,Gujarat,8,Q3,3989,3095464,3524604,Online
pharma-b,P018,West,Gujarat,12,Q4,1481,938954,854630,Online
pharma-a,P008,South,Delhi,7,Q3,7221,3076146,3408541,Hospital
pharma-a,P014,East,Delhi,11,Q4,3131,1133422,1196957,Retail
pharma-b,P008,North,Karnataka,4,Q2,953,334503,364311,Distributor
pharma-b,P016,West,Tamil Nadu,11,Q4,1106,338436,303850,Retail
pharma-a,P009,East,Gujarat,3,Q1,1191,999249,995004,Hospital
pharma-a,P003,East,Gujarat,5,Q2,1541,795156,889804,Hospital
pharma-b,P005,South,Maharashtra,10,Q4,8696,1939208,1951982,Distributor
pharma-b,P003,South,Gujarat,2,Q1,5634,2462058,2707525,Online
pharma-a,P014,South,Karnataka,2,Q1,3369,1074711,1226220,Online
pharma-b,P009,North,Tamil Nadu,9,Q3,6639,5417424,6146681,Distributor
pharma-b,P016,South,Delhi,3,Q1,6447,3777942,4022380,Distributor
pharma-a,P020,North,Maharashtra,12,Q4,4426,1588934,1614068,Distributor
pharma-b,P004,South,Tamil Nadu,7,Q3,628,315256,355688,Distributor
pharma-b,P003,South,Delhi,4,Q2,3125,1715625,1783230,Online
pharma-a,P009,North,Tamil Nadu,8,Q3,7265,6981665,6631301,Online
pharma-a,P006,East,Gujarat,2,Q1,6264,3319920,3421625,Distributor
pharma-b,P001,North,Karnataka,11,Q4,7764,7065240,7364309,Hospital
pharma-b,P007,East,Delhi,10,Q4,1847,393411,353026,Retail
pharma-b,P011,West,Tamil Nadu,12,Q4,2687,983442,887107,Distributor
pharma-b,P007,North,Tamil Nadu,6,Q2,3480,1746960,1944221,Retail
pharma-a,P001,South,Maharashtra,8,Q3,3748,1379264,1462541,Retail
pharma-a,P013,West,Gujarat,5,Q2,2945,562495,639787,Retail
pharma-a,P001,West,Tamil Nadu,11,Q4,8596,1899716,1742695,Retail
pharma-a,P009,East,Tamil Nadu,7,Q3,2633,1424453,1576728,Retail
pharma-b,P007,West,Karnataka,7,Q3,2891,372939,349465,Distributor
pharma-a,P020,West,Karnataka,6,Q2,8006,1497122,1277188,Retail
pharma-b,P013,South,Tamil Nadu,12,Q4,7435,6342055,6526981,Hospital
pharma-a,P018,North,Maharashtra,6,Q2,4347,2529954,2839792,Hospital
pharma-a,P009,West,Delhi,7,Q3,6576,1545360,1762355,Hospital
pharma-a,P009,South,Gujarat,8,Q3,6057,6044886,5987008,Hospital
pharma-b,P017,West,Karnataka,5,Q2,2414,1013880,875230,Retail
pharma-b,P009,East,Tamil Nadu,5,Q2,4812,3498324,3844226,Distributor
pharma-b,P014,South,Delhi,12,Q4,8549,7540218,8558262,Online
pharma-a,P007,South,Maharashtra,4,Q2,3500,476000,471751,Retail
pharma-b,P014,North,Tamil Nadu,1,Q1,7733,3595845,4123159,Online
pharma-b,P016,North,Karnataka,2,Q1,6227,1214265,1106341,Distributor
pharma-a,P006,East,Gujarat,11,Q4,3979,2773363,3187707,Hospital
pharma-a,P014,North,Karnataka,8,Q3,2045,891620,764821,Hospital
pharma-b,P012,North,Delhi,3,Q1,973,178059,175934,Online
pharma-b,P009,North,Delhi,1,Q1,7923,3422736,3882154,Retail
pharma-a,P002,East,Delhi,1,Q1,1658,1094280,1242631,Online
pharma-a,P013,East,Karnataka,4,Q2,7035,1343685,1150400,Retail
pharma-a,P013,West,Delhi,11,Q4,3025,674575,633806,Online
pharma-b,P020,South,Delhi,11,Q4,2074,1974448,1895938,Retail
pharma-b,P015,West,Tamil Nadu,5,Q2,9725,6943650,6783398,Online
pharma-b,P020,South,Tamil Nadu,11,Q4,7479,1458405,1257336,Distributor
pharma-b,P008,South,Tamil Nadu,9,Q3,9096,1682760,1577101,Online
pharma-a,P016,East,Karnataka,3,Q1,5421,5209581,4816758,Online
pharma-b,P019,North,Gujarat,2,Q1,1238,773750,682671,Online
pharma-b,P004,West,Gujarat,5,Q2,6323,2276280,2334712,Hospital
pharma-a,P015,South,Karnataka,7,Q3,1241,229585,223816,Distributor
pharma-b,P019,West,Tamil Nadu,10,Q4,4842,2174058,2478460,Retail
pharma-a,P006,North,Gujarat,5,Q2,2242,1219648,1232225,Hospital
pharma-b,P004,North,Karnataka,11,Q4,8317,4749007,5022273,Online
pharma-b,P020,East,Tamil Nadu,5,Q2,1935,441180,392885,Retail
pharma-a,P001,South,Maharashtra,4,Q2,8382,6403848,5722134,Retail
pharma-b,P018,South,Maharashtra,5,Q2,8092,2031092,2015242,Hospital
pharma-a,P006,South,Tamil Nadu,8,Q3,8224,986880,1093402,Retail
pharma-a,P010,West,Maharashtra,6,Q2,629,128945,133989,Online
pharma-b,P016,East,Maharashtra,8,Q3,7048,4207656,4224514,Online
pharma-a,P002,North,Tamil Nadu,10,Q4,5674,3778884,3284051,Online
pharma-b,P004,West,Gujarat,11,Q4,6181,3455179,3659913,Hospital
pharma-a,P010,South,Tamil Nadu,6,Q2,7678,2587486,2593413,Distributor
pharma-b,P005,East,Tamil Nadu,7,Q3,6402,5857830,5809195,Retail
pharma-a,P010,North,Tamil Nadu,3,Q1,3339,1015056,910397,Online
pharma-a,P014,West,Delhi,4,Q2,3931,2633770,2275879,Hospital
pharma-b,P009,East,Karnataka,3,Q1,8748,1154736,1261023,Distributor
pharma-b,P004,South,Maharashtra,9,Q3,4171,2494258,2313041,Distributor
pharma-b,P002,East,Karnataka,12,Q4,8944,6421792,6748312,Hospital
pharma-b,P015,North,Maharashtra,10,Q4,2169,2045367,2083700,Hospital
pharma-a,P004,South,Delhi,3,Q1,5286,4360950,4284438,Online
pharma-a,P005,East,Delhi,3,Q1,2514,2433552,2215912,Online
pharma-a,P008,West,Delhi,5,Q2,8774,2412850,2112619,Distributor
pharma-b,P012,South,Karnataka,9,Q3,7409,6712554,6165176,Online
pharma-b,P014,West,Gujarat,11,Q4,6427,835510,821117,Hospital
pharma-a,P003,East,Delhi,7,Q3,3192,1736448,1508001,Hospital
pharma-a,P019,North,Gujarat,5,Q2,7369,3765559,4201365,Distributor
pharma-b,P012,North,Delhi,9,Q3,2906,2374202,2305780,Retail
pharma-b,P012,West,Karnataka,5,Q2,1880,257560,260452,Online
pharma-a,P017,East,Karnataka,2,Q1,8883,5907195,5574476,Distributor
pharma-a,P001,North,Gujarat,10,Q4,4738,1644086,1807949,Distributor
pharma-b,P017,North,Maharashtra,6,Q2,4755,3528210,3536147,Hospital
pharma-a,P004,West,Delhi,10,Q4,585,329940,314001,Retail
pharma-a,P012,East,Delhi,11,Q4,9884,7788592,6947357,Online
pharma-a,P004,East,Gujarat,10,Q4,3654,3442068,3729703,Online
pharma-a,P005,West,Tamil Nadu,2,Q1,2011,327793,320406,Retail
pharma-b,P007,West,Maharashtra,6,Q2,9122,4670464,4794099,Online
pharma-b,P019,West,Tamil Nadu,8,Q3,8520,7233480,8260502,Retail
pharma-a,P017,South,Tamil Nadu,12,Q4,7999,1855768,2116335,Hospital
pharma-a,P015,West,Maharashtra,12,Q4,3069,2062368,1981522,Hospital
pharma-b,P004,North,Delhi,10,Q4,5244,739404,744456,Hospital
pharma-b,P010,East,Delhi,5,Q2,8461,1083008,1177620,Retail
pharma-b,P002,East,Delhi,4,Q2,3499,3282062,3518036,Hospital
pharma-a,P018,East,Maharashtra,1,Q1,7341,4345872,4441123,Online
pharma-b,P013,West,Gujarat,3,Q1,2769,1705704,1775532,Online
pharma-b,P005,East,Maharashtra,10,Q4,7211,3576656,3289975,Online
pharma-b,P018,North,Tamil Nadu,12,Q4,5044,3838484,3364657,Retail
pharma-a,P019,East,Gujarat,11,Q4,2528,1918752,1952917,Retail
pharma-a,P019,South,Tamil Nadu,9,Q3,805,179515,188037,Retail
pharma-a,P009,South,Karnataka,12,Q4,9995,5537230,4847260,Distributor
pharma-b,P019,North,Tamil Nadu,1,Q1,6069,3319743,3001553,Hospital
pharma-b,P013,East,Maharashtra,2,Q1,2127,1391058,1252573,Retail
pharma-a,P009,North,Karnataka,5,Q2,7172,5694568,5129423,Distributor
pharma-a,P001,North,Delhi,7,Q3,2117,903959,806998,Distributor
pharma-b,P013,North,Maharashtra,4,Q2,4425,3849750,3961783,Retail
pharma-b,P017,West,Maharashtra,5,Q2,1493,634525,627828,Online
pharma-a,P016,North,Tamil Nadu,11,Q4,4329,515151,479475,Hospital
pharma-a,P018,South,Delhi,10,Q4,7164,3983184,3485973,Retail
pharma-a,P012,South,Karnataka,9,Q3,7442,4971256,4899285,Hospital
pharma-b,P020,East,Karnataka,1,Q1,1485,880605,820715,Distributor
pharma-b,P012,South,Gujarat,9,Q3,5109,745914,670147,Hospital
pharma-b,P003,West,Maharashtra,3,Q1,9617,3712162,4133432,Retail
pharma-b,P011,East,Tamil Nadu,5,Q2,4529,3523562,4034149,Distributor
pharma-a,P015,East,Maharashtra,12,Q4,2690,2047090,2306409,Online
pharma-a,P001,South,Tamil Nadu,9,Q3,8511,7489680,7248791,Hospital
pharma-a,P018,North,Tamil Nadu,11,Q4,2522,1162642,1327285,Online
pharma-b,P013,South,Maharashtra,2,Q1,8080,3870320,4376845,Online
pharma-a,P008,North,Delhi,11,Q4,6362,1883152,1651505,Distributor
pharma-a,P008,West,Delhi,1,Q1,5099,3079796,3453536,Retail
pharma-a,P007,West,Maharashtra,5,Q2,9824,6012288,6001486,Retail
pharma-a,P003,South,Maharashtra,3,Q1,4753,3246299,3592496,Distributor
pharma-a,P001,East,Gujarat,8,Q3,532,285684,297765,Hospital
pharma-b,P014,West,Delhi,2,Q1,8991,5187807,5180919,Hospital
pharma-a,P002,East,Tamil Nadu,9,Q3,7854,3322242,2829047,Retail
pharma-b,P003,North,Karnataka,12,Q4,7443,1309968,1473843,Retail
pharma-a,P011,East,Maharashtra,11,Q4,2084,266752,265148,Hospital
pharma-b,P009,South,Maharashtra,8,Q3,4405,1973440,2170301,Distributor
pharma-a,P003,West,Maharashtra,11,Q4,7814,5407288,4798686,Hospital
pharma-a,P013,East,Maharashtra,3,Q1,1515,1395315,1371002,Distributor
pharma-b,P003,North,Maharashtra,9,Q3,1355,543355,600395,Online
pharma-a,P020,West,Karnataka,10,Q4,673,379572,366353,Online
pharma-a,P011,North,Tamil Nadu,9,Q3,5877,4119777,3739704,Hospital
pharma-a,P020,North,Gujarat,4,Q2,9891,2265039,2358379,Distributor
pharma-b,P014,West,Gujarat,8,Q3,3546,1234008,1099873,Hospital
pharma-a,P005,East,Gujarat,7,Q3,8907,6831669,7353007,Distributor
pharma-a,P005,West,Delhi,10,Q4,6118,2434964,2339145,Hospital
pharma-a,P002,South,Gujarat,9,Q3,1394,741608,706859,Retail
pharma-a,P003,East,Karnataka,11,Q4,8294,6726434,7113555,Online
pharma-b,P019,East,Gujarat,5,Q2,7359,3208524,2883449,Online
pharma-a,P016,South,Maharashtra,11,Q4,4154,3360586,3088654,Retail
pharma-a,P016,East,Tamil Nadu,4,Q2,7058,2032704,2231553,Hospital
pharma-b,P001,North,Delhi,1,Q1,9588,2080596,1857390,Online
pharma-a,P019,East,Maharashtra,1,Q1,3762,1136124,1062537,Retail
pharma-b,P006,East,Gujarat,4,Q2,3425,1027500,879999,Distributor
pharma-a,P001,South,Tamil Nadu,11,Q4,2318,1033828,1169088,Distributor
pharma-b,P008,East,Delhi,11,Q4,3307,2113173,2415632,Online
pharma-a,P004,South,Karnataka,4,Q2,3640,2347800,2262008,Distributor
pharma-b,P020,West,Karnataka,1,Q1,3598,3504452,3541741,Retail
pharma-b,P008,North,Delhi,3,Q1,8827,6161246,6874411,Retail
pharma-a,P016,North,Karnataka,9,Q3,6858,5959602,6643327,Distributor
pharma-b,P017,West,Karnataka,6,Q2,6625,4226750,4473393,Online
pharma-b,P009,West,Gujarat,11,Q4,1099,342888,314036,Retail
pharma-b,P008,West,Karnataka,5,Q2,7463,3627018,3704676,Distributor
pharma-b,P018,North,Karnataka,2,Q1,5334,2960370,2977084,Retail
pharma-a,P015,East,Tamil Nadu,8,Q3,8160,4422720,4301917,Online
pharma-b,P009,West,Maharashtra,3,Q1,7736,2622504,2438109,Hospital
pharma-b,P003,East,Gujarat,9,Q3,9456,7177104,6268825,Distributor
pharma-a,P004,North,Maharashtra,6,Q2,1127,742693,675918,Retail
pharma-b,P009,East,Delhi,4,Q2,2758,2689050,2892651,Distributor
pharma-a,P010,East,Delhi,7,Q3,7147,6725327,6886641,Hospital
pharma-b,P017,South,Tamil Nadu,4,Q2,4217,3542280,3807033,Online
pharma-a,P017,West,Tamil Nadu,6,Q2,1906,800520,883566,Online
pharma-b,P007,West,Tamil Nadu,9,Q3,993,479619,427669,Retail
pharma-b,P001,West,Delhi,6,Q2,4194,2218626,2169185,Online
pharma-b,P011,North,Gujarat,1,Q1,2779,714203,816457,Distributor
pharma-b,P013,South,Tamil Nadu,2,Q1,9257,4582215,4153785,Hospital
pharma-b,P019,West,Delhi,2,Q1,3308,681448,717200,Retail
pharma-a,P020,West,Maharashtra,3,Q1,3760,642960,722303,Online
pharma-b,P007,South,Delhi,11,Q4,9091,1554561,1533417,Distributor
pharma-a,P006,East,Tamil Nadu,7,Q3,3072,654336,581535,Online
pharma-b,P003,West,Karnataka,3,Q1,3869,1613373,1580557,Online
pharma-a,P020,East,Gujarat,4,Q2,8732,7273756,7677091,Distributor
pharma-a,P001,South,Tamil Nadu,2,Q1,7041,5062479,5529592,Distributor
pharma-b,P015,West,Gujarat,1,Q1,1992,784848,819294,Online
pharma-b,P010,West,Gujarat,3,Q1,7300,2591500,2342388,Online
pharma-b,P013,South,Gujarat,2,Q1,6947,5661805,6418823,Retail
pharma-a,P009,East,Maharashtra,12,Q4,4059,2455695,2390332,Hospital
pharma-b,P003,North,Gujarat,6,Q2,7219,4049859,3642652,Retail
pharma-a,P015,North,Maharashtra,11,Q4,8067,3952830,3767431,Online
pharma-a,P013,North,Maharashtra,5,Q2,2378,1964228,2210033,Distributor
pharma-b,P016,West,Maharashtra,2,Q1,9485,7322420,6756309,Online
pharma-a,P016,East,Karnataka,3,Q1,795,573195,504500,Distributor
pharma-a,P018,West,Karnataka,2,Q1,683,541619,504775,Online
pharma-b,P006,South,Maharashtra,11,Q4,9221,2959941,2908489,Hospital
pharma-a,P013,East,Tamil Nadu,1,Q1,576,85824,92837,Retail
pharma-a,P012,South,Karnataka,2,Q1,762,404622,347320,Hospital
pharma-b,P007,North,Karnataka,2,Q1,3250,2733250,2460237,Online
pharma-a,P011,East,Gujarat,11,Q4,3605,2664095,2430016,Online
pharma-b,P004,South,Karnataka,2,Q1,6342,2733402,2465764,Online
pharma-b,P001,West,Karnataka,8,Q3,4106,685702,718196,Distributor
pharma-b,P002,North,Karnataka,7,Q3,5440,4814400,4957198,Hospital
pharma-a,P009,North,Gujarat,6,Q2,6866,5451604,6145953,Retail
pharma-b,P006,East,Tamil Nadu,2,Q1,5990,706820,729834,Online
pharma-b,P017,South,Gujarat,10,Q4,717,242346,207536,Hospital
pharma-b,P008,West,Karnataka,10,Q4,1800,289800,258289,Online
pharma-b,P007,South,Tamil Nadu,4,Q2,1121,384503,433343,Online
pharma-b,P005,East,Delhi,11,Q4,1148,726684,790293,Online
pharma-b,P001,South,Delhi,6,Q2,4469,1385390,1401728,Retail
pharma-a,P020,West,Gujarat,6,Q2,3507,1935864,2011236,Hospital
pharma-b,P003,South,Maharashtra,11,Q4,2818,870762,772947,Retail
pharma-a,P008,North,Tamil Nadu,12,Q4,8152,3407536,3064218,Retail
pharma-a,P014,South,Gujarat,4,Q2,5466,2142672,2191796,Retail
pharma-b,P016,North,Delhi,7,Q3,6688,1812448,1796523,Online
pharma-b,P005,West,Maharashtra,7,Q3,7502,7306948,6393359,Distributor
pharma-a,P018,South,Delhi,7,Q3,8096,3343648,3297107,Online
pharma-b,P003,East,Karnataka,12,Q4,8188,2456400,2201959,Retail
pharma-a,P001,East,Tamil Nadu,7,Q3,7312,3685248,4205412,Distributor
pharma-b,P016,East,Gujarat,2,Q1,7197,1000383,1148181,Hospital
pharma-b,P019,South,Karnataka,7,Q3,4682,4162298,4678114,Distributor
pharma-b,P012,North,Tamil Nadu,7,Q3,4543,1580964,1570399,Distributor
pharma-a,P005,East,Gujarat,8,Q3,2914,1049040,969548,Retail
pharma-a,P004,North,Tamil Nadu,7,Q3,1816,1144080,1284784,Online
pharma-a,P014,East,Delhi,9,Q3,9235,7147890,7977011,Distributor
pharma-b,P003,North,Gujarat,6,Q2,2838,1064250,1143663,Online
pharma-b,P001,South,Tamil Nadu,1,Q1,2087,356877,386184,Online
pharma-b,P010,West,Karnataka,3,Q1,6638,1925020,2042858,Retail
pharma-b,P006,North,Tamil Nadu,10,Q4,3982,1154780,1051175,Retail
pharma-a,P009,West,Tamil Nadu,11,Q4,2289,2263821,2356479,Hospital
pharma-b,P003,West,Maharashtra,5,Q2,1552,698400,599855,Retail
pharma-b,P016,North,Maharashtra,1,Q1,4859,4222471,4799109,Hospital
pharma-a,P007,North,Tamil Nadu,10,Q4,9020,7928580,7371603,Online
pharma-b,P011,West,Delhi,6,Q2,6120,2582640,2828130,Distributor
pharma-b,P013,North,Delhi,6,Q2,2141,220523,217672,Online
pharma-a,P001,North,Gujarat,5,Q2,4572,2180844,2149386,Online
pharma-b,P007,North,Delhi,1,Q1,6401,6362594,5495539,Distributor
pharma-b,P008,West,Tamil Nadu,12,Q4,1833,835848,817772,Online
pharma-a,P013,East,Gujarat,4,Q2,2845,2816550,2833495,Hospital
pharma-a,P016,North,Delhi,11,Q4,9490,9442550,9348510,Online
pharma-a,P016,South,Karnataka,4,Q2,3292,2867332,3249441,Hospital
pharma-a,P014,North,Karnataka,6,Q2,6783,5996172,5601068,Distributor
pharma-b,P004,South,Gujarat,11,Q4,8560,1643520,1789237,Distributor
pharma-a,P019,North,Delhi,7,Q3,6752,5192288,5413638,Online
pharma-a,P008,East,Maharashtra,5,Q2,1936,414304,363237,Retail
pharma-a,P019,East,Karnataka,6,Q2,6729,4643010,4973013,Distributor
pharma-a,P019,South,Tamil Nadu,7,Q3,5737,5100193,4893671,Retail
pharma-a,P004,West,Maharashtra,9,Q3,8046,3403458,3040684,Distributor
pharma-a,P016,West,Karnataka,10,Q4,5143,1280607,1375523,Hospital
pharma-b,P010,North,Delhi,12,Q4,9903,5832867,6062233,Retail
pharma-b,P010,West,Maharashtra,6,Q2,3001,2841947,3026758,Retail
pharma-a,P006,West,Tamil Nadu,5,Q2,3108,379176,384629,Distributor
pharma-b,P016,East,Tamil Nadu,7,Q3,1676,1072640,1145607,Distributor
pharma-a,P018,West,Maharashtra,3,Q1,5798,5044260,5485043,Hospital
pharma-b,P015,South,Gujarat,3,Q1,7739,6284068,6250966,Retail
pharma-a,P007,South,Maharashtra,6,Q2,9931,2025924,2134301,Retail
pharma-b,P014,South,Maharashtra,2,Q1,6325,3700125,3344505,Hospital
pharma-a,P017,East,Gujarat,7,Q3,2934,2177028,2322377,Retail
pharma-a,P004,South,Tamil Nadu,8,Q3,5459,4389036,4515644,Retail
pharma-b,P003,West,Tamil Nadu,5,Q2,7792,3708992,3165553,Hospital
pharma-a,P004,West,Gujarat,4,Q2,877,613900,627341,Online
pharma-b,P004,South,Tamil Nadu,8,Q3,7605,3080025,3146020,Hospital
pharma-b,P003,South,Tamil Nadu,12,Q4,823,413969,420931,Online
pharma-a,P017,North,Karnataka,11,Q4,2422,690270,765234,Retail
pharma-a,P018,West,Delhi,2,Q1,1141,263571,269507,Retail
pharma-a,P018,East,Maharashtra,2,Q1,2543,1571574,1476609,Retail
pharma-b,P001,South,Delhi,1,Q1,9010,8118010,7614848,Online
pharma-a,P019,West,Delhi,9,Q3,6269,4513680,4565419,Retail
pharma-a,P002,South,Maharashtra,4,Q2,2821,1145326,1267676,Retail
pharma-a,P020,South,Gujarat,6,Q2,5044,1165164,1245247,Online
pharma-a,P018,East,Delhi,7,Q3,3175,1616075,1594775,Distributor
pharma-b,P005,South,Maharashtra,11,Q4,4913,3674924,3891894,Retail
pharma-b,P019,South,Tamil Nadu,3,Q1,5683,5148798,5046275,Hospital
pharma-a,P003,East,Maharashtra,9,Q3,2302,1841600,1868322,Hospital
pharma-b,P003,East,Delhi,5,Q2,2897,2865133,3121359,Distributor
pharma-a,P004,West,Karnataka,7,Q3,2220,2000220,2255629,Retail
pharma-b,P019,West,Maharashtra,9,Q3,6216,5078472,5188407,Distributor
pharma-b,P020,North,Maharashtra,3,Q1,5710,4961990,4797594,Distributor
pharma-b,P016,South,Delhi,1,Q1,8914,7398620,6633953,Retail
pharma-a,P013,East,Maharashtra,12,Q4,6564,5408736,5859058,Online
pharma-b,P006,West,Delhi,8,Q3,8728,3430104,3199418,Online
pharma-a,P010,North,Delhi,7,Q3,5623,5426195,4759001,Hospital
pharma-a,P008,North,Karnataka,10,Q4,1440,267840,287398,Online
pharma-a,P014,South,Tamil Nadu,8,Q3,8937,7158537,8227924,Hospital
pharma-b,P001,South,Maharashtra,12,Q4,7462,6111378,6174309,Distributor
pharma-a,P017,North,Gujarat,8,Q3,3261,2576190,2908661,Retail
pharma-a,P003,East,Karnataka,9,Q3,6288,955776,933617,Online
pharma-a,P012,North,Delhi,11,Q4,4592,4366992,4418242,Hospital
pharma-b,P010,West,Delhi,5,Q2,3990,406980,436041,Online
pharma-a,P010,North,Tamil Nadu,10,Q4,8499,1342842,1284728,Online
pharma-b,P010,East,Maharashtra,1,Q1,6229,5226131,4734076,Distributor
pharma-a,P004,West,Tamil Nadu,4,Q2,1888,1210208,1215406,Retail
pharma-b,P004,West,Maharashtra,3,Q1,4598,1521938,1508559,Distributor
pharma-b,P012,West,Karnataka,9,Q3,4915,1037065,1189317,Online
pharma-a,P005,East,Tamil Nadu,1,Q1,6385,6327535,6724687,Hospital
pharma-a,P010,North,Karnataka,7,Q3,7398,6369678,6047143,Hospital
pharma-a,P007,West,Delhi,2,Q1,7399,4439400,4506155,Retail
pharma-b,P013,West,Karnataka,2,Q1,2267,2065237,1768556,Retail
pharma-b,P017,North,Karnataka,1,Q1,6105,3290595,3760924,Hospital
pharma-b,P016,East,Delhi,8,Q3,1853,1628787,1594070,Retail
pharma-a,P008,East,Maharashtra,5,Q2,4552,3559664,3902042,Retail
pharma-b,P004,South,Karnataka,10,Q4,2936,980624,868968,Online
pharma-a,P009,South,Karnataka,7,Q3,789,576759,524789,Hospital
pharma-b,P014,East,Karnataka,4,Q2,6007,3219752,3199656,Online
pharma-a,P010,North,Delhi,6,Q2,5096,2339064,2487537,Retail
pharma-b,P002,South,Maharashtra,1,Q1,1354,1050704,1127853,Retail
pharma-b,P016,East,Gujarat,2,Q1,7559,2184551,2022192,Online
pharma-b,P011,East,Maharashtra,2,Q1,723,577677,586648,Retail
pharma-b,P012,East,Gujarat,9,Q3,6588,2259684,2361538,Retail
pharma-b,P003,North,Karnataka,11,Q4,2471,350882,359993,Retail
pharma-a,P015,North,Maharashtra,9,Q3,6118,2496144,2664896,Retail
pharma-a,P002,South,Karnataka,7,Q3,9519,7881732,7296573,Distributor
pharma-b,P015,North,Tamil Nadu,2,Q1,8410,4448890,4480605,Hospital
pharma-a,P020,East,Karnataka,5,Q2,1244,844676,733379,Retail
pharma-b,P016,North,Karnataka,8,Q3,8844,4360092,4441841,Online
pharma-b,P020,East,Karnataka,3,Q1,558,146754,149919,Hospital
pharma-b,P017,East,Delhi,4,Q2,5355,4417875,4111073,Hospital
pharma-a,P008,North,Gujarat,4,Q2,5281,739340,770306,Distributor
pharma-a,P009,North,Karnataka,4,Q2,9258,2018244,1716355,Distributor
pharma-b,P011,North,Gujarat,5,Q2,2689,1392902,1559354,Distributor
pharma-b,P002,North,Delhi,4,Q2,5082,1422960,1318793,Hospital
pharma-a,P013,East,Gujarat,9,Q3,3877,3628872,3565930,Distributor
pharma-b,P007,West,Karnataka,8,Q3,4296,3638712,3885729,Distributor
pharma-a,P016,North,Tamil Nadu,3,Q1,8026,2319514,2539124,Retail
pharma-a,P019,West,Karnataka,11,Q4,5121,619641,584351,Retail
pharma-b,P020,South,Maharashtra,3,Q1,1680,900480,831661,Online
pharma-a,P017,South,Maharashtra,10,Q4,2133,1036638,1000560,Hospital
pharma-a,P002,South,Karnataka,2,Q1,4885,1201710,1359830,Hospital
pharma-a,P004,East,Maharashtra,4,Q2,2781,1643571,1771607,Online
pharma-a,P010,East,Tamil Nadu,3,Q1,4494,705558,714771,Distributor
pharma-a,P001,North,Maharashtra,9,Q3,5361,1099005,1102810,Online
pharma-a,P001,South,Maharashtra,4,Q2,7498,3704012,3312175,Distributor
pharma-a,P013,North,Tamil Nadu,3,Q1,2304,758016,667448,Distributor
pharma-b,P003,East,Maharashtra,6,Q2,1889,272016,280544,Retail
pharma-b,P017,East,Gujarat,3,Q1,7467,1889151,2111948,Distributor
pharma-b,P012,North,Delhi,8,Q3,6547,2428937,2655352,Hospital
pharma-a,P005,South,Delhi,3,Q1,6899,3842743,4097912,Online
pharma-a,P004,West,Delhi,3,Q1,1981,851830,978268,Retail
pharma-b,P012,East,Tamil Nadu,7,Q3,8385,6791850,7755305,Distributor
pharma-a,P008,West,Tamil Nadu,9,Q3,8644,5627244,5684254,Retail
pharma-b,P003,West,Gujarat,10,Q4,4093,3352167,2937085,Distributor
pharma-a,P007,North,Delhi,9,Q3,8264,1950304,2196571,Hospital
pharma-b,P012,South,Delhi,8,Q3,2861,2732255,3021856,Online
pharma-a,P007,South,Maharashtra,12,Q4,2757,606540,690615,Retail
pharma-b,P001,West,Delhi,1,Q1,2236,1739608,1782197,Online
pharma-a,P001,South,Delhi,3,Q1,1794,627900,548231,Online
pharma-a,P006,West,Karnataka,12,Q4,9141,7449915,8452895,Online
pharma-b,P011,West,Maharashtra,5,Q2,2322,601398,522013,Hospital
pharma-a,P017,South,Maharashtra,7,Q3,7440,5922240,6718618,Online
pharma-b,P019,East,Karnataka,7,Q3,3069,1160082,1324740,Online
pharma-a,P007,West,Gujarat,1,Q1,4086,2047086,1852834,Hospital
pharma-b,P016,East,Tamil Nadu,7,Q3,3200,496000,541136,Online
pharma-a,P009,North,Maharashtra,2,Q1,6442,4618914,5005236,Distributor
pharma-a,P008,East,Karnataka,9,Q3,2244,372504,340309,Hospital
pharma-b,P007,South,Maharashtra,4,Q2,4910,918170,1049467,Hospital
pharma-b,P002,North,Delhi,2,Q1,5556,600048,686552,Distributor
pharma-b,P017,South,Delhi,7,Q3,6330,1468560,1557844,Hospital
pharma-b,P014,North,Gujarat,3,Q1,888,622488,677777,Online
pharma-a,P010,South,Karnataka,11,Q4,8087,1455660,1623877,Hospital
pharma-a,P007,South,Karnataka,9,Q3,8959,7579314,7826563,Distributor
pharma-b,P005,East,Delhi,6,Q2,7559,1058260,1182292,Online
pharma-a,P007,North,Karnataka,10,Q4,8651,1721549,1878929,Retail
pharma-b,P018,North,Tamil Nadu,2,Q1,7951,3347371,3015697,Distributor
pharma-a,P003,East,Gujarat,6,Q2,6289,1201199,1046652,Online
pharma-b,P016,East,Tamil Nadu,11,Q4,2801,633026,722601,Online
pharma-a,P012,East,Tamil Nadu,7,Q3,2613,1439763,1382200,Distributor
pharma-b,P003,West,Gujarat,8,Q3,4806,4796388,5336753,Hospital
pharma-a,P008,North,Karnataka,2,Q1,5262,2546808,2285662,Online
pharma-a,P008,West,Tamil Nadu,11,Q4,2031,928167,918665,Online
pharma-a,P003,South,Maharashtra,7,Q3,7596,2309184,2240961,Hospital
pharma-b,P011,West,Karnataka,12,Q4,8302,1801534,1681754,Hospital
pharma-a,P016,South,Karnataka,6,Q2,9809,1294788,1484271,Online
pharma-a,P012,West,Tamil Nadu,4,Q2,1386,437976,486331,Online
pharma-b,P009,South,Maharashtra,3,Q1,1634,620920,603236,Distributor
pharma-b,P014,South,Delhi,3,Q1,1380,267720,299441,Online
pharma-b,P010,South,Karnataka,6,Q2,7366,4368038,4335932,Retail
pharma-b,P012,West,Maharashtra,9,Q3,3753,671787,716673,Retail
pharma-b,P011,North,Karnataka,8,Q3,2916,1781676,1976396,Hospital
pharma-b,P009,North,Tamil Nadu,3,Q1,7861,5927194,6761963,Hospital
pharma-a,P007,South,Tamil Nadu,12,Q4,9447,8426724,7582621,Online
pharma-a,P012,South,Karnataka,11,Q4,9950,1134300,1090149,Distributor
pharma-a,P010,East,Gujarat,2,Q1,8677,6629228,7621719,Online
pharma-b,P012,East,Gujarat,7,Q3,9071,8009693,7615199,Retail
pharma-b,P014,East,Karnataka,9,Q3,3164,2072420,2032552,Distributor
pharma-b,P010,North,Maharashtra,2,Q1,1968,1505520,1287111,Online
pharma-a,P016,North,Tamil Nadu,9,Q3,1034,809622,758592,Online
pharma-a,P008,West,Gujarat,7,Q3,2375,712500,788668,Hospital
pharma-b,P015,West,Tamil Nadu,1,Q1,6638,5974200,5479422,Distributor
pharma-b,P009,East,Tamil Nadu,11,Q4,4457,463528,519177,Online
pharma-a,P001,North,Karnataka,6,Q2,9002,8452878,9064643,Distributor
pharma-b,P006,West,Karnataka,9,Q3,6912,2052864,2124468,Online
pharma-a,P019,West,Karnataka,11,Q4,6896,5827120,5256733,Distributor
pharma-a,P014,South,Maharashtra,12,Q4,2569,1582504,1401325,Online
pharma-b,P018,South,Delhi,4,Q2,2027,395265,339015,Hospital
pharma-a,P001,North,Gujarat,7,Q3,914,786040,841259,Online
pharma-b,P006,South,Karnataka,5,Q2,3675,2381400,2624629,Online
pharma-b,P002,East,Maharashtra,3,Q1,879,661887,758151,Hospital
pharma-a,P015,North,Maharashtra,3,Q1,5127,1886736,2110090,Hospital
pharma-a,P016,East,Karnataka,7,Q3,2149,1293698,1408361,Online
pharma-a,P016,North,Karnataka,11,Q4,7379,3571436,3988987,Online
pharma-a,P006,East,Maharashtra,3,Q1,9794,7306324,7540100,Hospital
pharma-a,P011,East,Tamil Nadu,10,Q4,9453,992565,890843,Distributor
pharma-a,P007,North,Gujarat,1,Q1,8986,5607264,6046247,Retail
pharma-b,P004,South,Maharashtra,6,Q2,2770,900250,787748,Retail
pharma-b,P009,West,Karnataka,2,Q1,6210,5123250,5202399,Distributor
pharma-b,P016,West,Gujarat,7,Q3,3663,1304028,1176087,Distributor
pharma-b,P004,East,Karnataka,4,Q2,8492,4611156,5140780,Online
pharma-b,P011,North,Gujarat,7,Q3,7533,2290032,2336159,Distributor
pharma-a,P015,South,Maharashtra,9,Q3,4646,3252200,3164203,Distributor
pharma-b,P001,North,Karnataka,6,Q2,7535,6849315,6203934,Retail
pharma-a,P007,East,Delhi,3,Q1,5651,1271475,1084428,Hospital
pharma-b,P007,West,Gujarat,6,Q2,4311,2909925,2531258,Distributor
pharma-a,P017,South,Maharashtra,9,Q3,5055,4210815,4347124,Hospital
pharma-b,P014,East,Delhi,4,Q2,3729,559350,610148,Online
pharma-a,P009,West,Maharashtra,2,Q1,7918,2177450,2243708,Online
pharma-a,P019,North,Delhi,1,Q1,9933,1033032,1160604,Distributor
pharma-a,P013,North,Gujarat,9,Q3,1140,507300,529333,Hospital
pharma-b,P004,West,Delhi,5,Q2,5696,4961216,4731746,Hospital
pharma-b,P016,North,Tamil Nadu,5,Q2,7947,4807935,5310853,Hospital
pharma-b,P020,North,Maharashtra,4,Q2,1283,1212435,1034351,Hospital
pharma-b,P014,South,Karnataka,2,Q1,3631,3053671,3422197,Distributor
pharma-a,P002,East,Maharashtra,2,Q1,1286,528546,461163,Distributor
pharma-b,P009,South,Karnataka,10,Q4,8048,1786656,1586347,Retail
pharma-b,P015,North,Gujarat,9,Q3,4440,3068040,3047723,Online
pharma-b,P011,West,Karnataka,2,Q1,4822,4262648,4002073,Hospital
pharma-b,P018,South,Karnataka,12,Q4,1778,312928,357216,Hospital
pharma-a,P001,South,Tamil Nadu,7,Q3,3578,2143222,1888951,Retail
pharma-b,P010,West,Karnataka,9,Q3,2231,519823,475968,Distributor
pharma-b,P015,South,Tamil Nadu,4,Q2,1624,623616,609228,Distributor
pharma-a,P005,West,Maharashtra,12,Q4,2305,797530,681869,Online
pharma-a,P009,North,Tamil Nadu,11,Q4,9198,5178474,4948482,Hospital
pharma-a,P012,West,Karnataka,3,Q1,7003,4299842,4210639,Distributor
pharma-a,P015,East,Delhi,2,Q1,1305,997020,961881,Online
pharma-a,P010,South,Tamil Nadu,3,Q1,5020,3222840,3326726,Online
pharma-a,P002,South,Maharashtra,4,Q2,2387,367598,411164,Distributor
pharma-a,P003,North,Delhi,4,Q2,7128,3571128,3456372,Retail
pharma-b,P016,South,Karnataka,4,Q2,6195,4658640,4362340,Distributor
pharma-a,P004,South,Gujarat,12,Q4,8311,7114216,6698726,Retail
pharma-a,P011,North,Karnataka,3,Q1,5942,3363172,3001799,Hospital
pharma-b,P014,East,Maharashtra,3,Q1,4822,858316,773529,Hospital
pharma-b,P016,North,Tamil Nadu,4,Q2,8242,1747304,1508889,Hospital
pharma-b,P008,South,Karnataka,2,Q1,2138,878718,958828,Distributor
pharma-b,P016,East,Gujarat,5,Q2,8470,3040730,2916932,Hospital
pharma-b,P010,East,Gujarat,11,Q4,8435,1813525,1688357,Hospital
pharma-a,P014,South,Karnataka,6,Q2,8656,1133936,1046974,Online
pharma-b,P007,North,Karnataka,7,Q3,2268,861840,959351,Online
pharma-a,P009,East,Delhi,7,Q3,7336,2802352,2642049,Hospital
pharma-b,P020,North,Tamil Nadu,8,Q3,9784,8913224,9694932,Distributor
pharma-a,P001,West,Karnataka,8,Q3,2961,1880235,2143470,Retail
pharma-b,P016,East,Maharashtra,5,Q2,755,425820,367178,Distributor
pharma-a,P002,West,Delhi,1,Q1,7550,3473000,3639967,Hospital
pharma-a,P009,South,Delhi,5,Q2,8724,6813444,7750682,Retail
pharma-a,P009,South,Karnataka,7,Q3,1822,723334,662326,Online
pharma-b,P008,West,Tamil Nadu,7,Q3,2107,773269,870745,Distributor
pharma-a,P019,West,Delhi,10,Q4,2780,2221220,2399579,Distributor
pharma-a,P014,South,Delhi,5,Q2,1902,768408,783775,Online
pharma-a,P013,West,Maharashtra,3,Q1,9127,5038104,5331523,Distributor
pharma-b,P012,West,Tamil Nadu,7,Q3,7221,4130412,3545140,Hospital
pharma-b,P003,South,Gujarat,5,Q2,4475,3105650,3117023,Retail
pharma-b,P002,West,Karnataka,7,Q3,597,342081,373636,Online
pharma-a,P003,North,Delhi,11,Q4,2253,993573,1021693,Distributor
pharma-b,P011,North,Maharashtra,12,Q4,8869,7600733,8095429,Retail
pharma-a,P018,West,Karnataka,4,Q2,3035,1238280,1285918,Hospital
pharma-b,P020,South,Maharashtra,2,Q1,500,128000,131985,Hospital
pharma-a,P008,South,Maharashtra,8,Q3,903,859656,861152,Online
pharma-a,P004,East,Tamil Nadu,8,Q3,3515,3300585,3038117,Distributor
pharma-b,P020,North,Tamil Nadu,3,Q1,854,246806,220275,Retail
pharma-a,P017,South,Tamil Nadu,8,Q3,5251,2079396,2183907,Online
pharma-b,P009,West,Tamil Nadu,12,Q4,2258,1298350,1265980,Online
pharma-a,P001,East,Tamil Nadu,2,Q1,9744,4852512,4140677,Distributor
pharma-a,P020,West,Maharashtra,6,Q2,2782,1610778,1795578,Online
pharma-b,P001,South,Delhi,9,Q3,8744,2754360,2629450,Online
pharma-a,P006,South,Delhi,11,Q4,9726,4347522,4294675,Retail
pharma-b,P010,West,Maharashtra,11,Q4,8425,4086125,4653142,Retail
pharma-b,P005,East,Gujarat,10,Q4,6203,4329694,4482283,Online
pharma-a,P002,North,Karnataka,4,Q2,2081,1625261,1433262,Online
pharma-b,P008,South,Maharashtra,3,Q1,6792,5929416,6771368,Hospital
pharma-a,P020,East,Maharashtra,1,Q1,1694,935088,1008965,Hospital
pharma-a,P011,North,Tamil Nadu,7,Q3,2682,2016864,2061505,Retail
pharma-a,P009,West,Tamil Nadu,11,Q4,5187,1711710,1558268,Retail
pharma-b,P017,South,Maharashtra,10,Q4,897,667368,759431,Hospital
pharma-a,P002,South,Maharashtra,6,Q2,7185,4892985,4961360,Hospital
pharma-b,P006,West,Karnataka,4,Q2,9844,9322268,9248807,Distributor
pharma-b,P020,South,Maharashtra,8,Q3,7504,5552960,5346586,Hospital
pharma-a,P005,East,Maharashtra,2,Q1,8670,2913120,2521141,Distributor
pharma-a,P008,East,Delhi,7,Q3,6363,1075347,1195498,Retail
pharma-b,P003,South,Gujarat,10,Q4,8692,3641948,3531836,Hospital
pharma-a,P019,West,Delhi,11,Q4,991,131803,125399,Distributor
pharma-a,P011,North,Karnataka,4,Q2,9463,8857368,9478816,Hospital
pharma-a,P016,North,Gujarat,10,Q4,1079,489866,560561,Online
pharma-a,P018,West,Karnataka,5,Q2,1183,243698,209746,Retail
pharma-b,P014,West,Delhi,4,Q2,851,132756,113892,Retail
pharma-b,P001,West,Maharashtra,7,Q3,6680,5424160,4814328,Online
pharma-a,P004,West,Maharashtra,10,Q4,6524,3001040,2725225,Online
pharma-a,P008,South,Maharashtra,10,Q4,664,220448,214698,Hospital
pharma-a,P008,North,Maharashtra,1,Q1,2576,1414224,1278710,Hospital
pharma-b,P012,South,Delhi,3,Q1,7017,4140030,4335749,Hospital
pharma-a,P009,South,Tamil Nadu,12,Q4,6348,6214692,5693193,Distributor
pharma-b,P018,East,Karnataka,9,Q3,4883,2080158,2203576,Hospital
pharma-a,P012,West,Gujarat,8,Q3,5083,914940,833571,Retail
pharma-a,P010,South,Maharashtra,6,Q2,2825,384200,439283,Online
pharma-b,P004,North,Tamil Nadu,1,Q1,4928,1892352,1942446,Distributor
pharma-a,P002,East,Gujarat,7,Q3,8615,1025185,1136757,Online
pharma-b,P002,South,Karnataka,7,Q3,3521,2728775,2672358,Hospital
pharma-b,P002,East,Maharashtra,10,Q4,6008,5695584,6391782,Retail
pharma-a,P011,West,Tamil Nadu,12,Q4,1435,1328810,1173024,Online
pharma-b,P018,West,Tamil Nadu,10,Q4,9811,8702357,8751732,Retail
pharma-b,P015,South,Karnataka,1,Q1,5098,4679964,4936330,Distributor
pharma-a,P008,East,Delhi,10,Q4,6965,968135,1001694,Distributor
pharma-b,P009,North,Maharashtra,5,Q2,9813,7614888,7205944,Distributor
pharma-a,P015,West,Maharashtra,8,Q3,645,372165,320471,Distributor
pharma-b,P018,South,Tamil Nadu,1,Q1,9995,1809095,1687765,Distributor
pharma-a,P015,South,Delhi,5,Q2,4752,4699728,4692578,Retail
pharma-a,P005,North,Karnataka,2,Q1,1130,325440,343447,Online
pharma-b,P002,South,Maharashtra,12,Q4,4744,1722072,1472088,Distributor
pharma-a,P020,South,Delhi,2,Q1,1769,1095011,1076553,Hospital
pharma-a,P007,East,Gujarat,6,Q2,7315,1265495,1319362,Distributor
pharma-a,P001,East,Gujarat,6,Q2,5988,3095796,3464869,Distributor
pharma-b,P010,North,Karnataka,6,Q2,1230,488310,551347,Hospital
pharma-a,P020,South,Delhi,9,Q3,8826,7961052,8155667,Distributor
pharma-a,P013,North,Karnataka,7,Q3,1785,319515,363476,Retail
pharma-b,P018,North,Gujarat,1,Q1,8238,6384450,6431276,Online
pharma-b,P009,South,Gujarat,5,Q2,4498,1961128,1809968,Distributor
pharma-a,P015,East,Maharashtra,12,Q4,4449,2469195,2641642,Online
pharma-b,P003,East,Gujarat,9,Q3,1752,823440,861317,Retail
pharma-b,P014,South,Gujarat,3,Q1,9308,3257800,3527983,Online
pharma-a,P020,East,Delhi,6,Q2,5642,1241240,1085404,Online
pharma-a,P019,West,Karnataka,3,Q1,7939,912985,821715,Online
pharma-b,P018,West,Maharashtra,3,Q1,1058,1008274,987529,Retail
pharma-a,P005,West,Tamil Nadu,6,Q2,2588,1322468,1400597,Retail
pharma-b,P004,East,Delhi,10,Q4,2265,1900335,1641074,Distributor
pharma-b,P014,West,Tamil Nadu,5,Q2,8316,6785856,6042001,Retail
pharma-a,P005,North,Gujarat,10,Q4,6560,5182400,5414682,Online
pharma-b,P015,South,Gujarat,12,Q4,5076,4522716,3975782,Distributor
pharma-b,P011,North,Gujarat,9,Q3,9104,6309072,6324645,Online
pharma-b,P011,West,Delhi,3,Q1,2846,404132,442199,Retail
pharma-b,P017,East,Gujarat,10,Q4,5650,1135650,1083641,Retail
pharma-a,P010,East,Tamil Nadu,8,Q3,4164,1136772,1064636,Distributor
pharma-a,P008,East,Karnataka,2,Q1,3888,2585520,2848304,Retail
pharma-a,P020,North,Gujarat,9,Q3,3697,391882,390514,Hospital
pharma-b,P007,East,Gujarat,7,Q3,7788,4929804,4376944,Online
pharma-b,P004,North,Tamil Nadu,7,Q3,8581,3166389,2773944,Retail
pharma-b,P004,East,Maharashtra,12,Q4,4144,3497536,3050918,Retail
pharma-b,P009,West,Gujarat,11,Q4,1713,1409799,1489285,Hospital
pharma-b,P004,East,Karnataka,9,Q3,1083,811167,842141,Retail
pharma-a,P019,West,Karnataka,11,Q4,3705,1374555,1362231,Online
pharma-a,P016,East,Karnataka,4,Q2,1953,1226484,1357898,Retail
pharma-a,P014,North,Tamil Nadu,9,Q3,3916,3238532,2925801,Online
pharma-b,P020,West,Gujarat,4,Q2,6213,3696735,3730517,Retail
pharma-b,P008,East,Tamil Nadu,8,Q3,6925,4930600,4719266,Online
pharma-b,P004,South,Maharashtra,5,Q2,7374,4107318,3892173,Online
pharma-a,P006,West,Delhi,11,Q4,2360,1073800,1137251,Retail
pharma-b,P016,West,Karnataka,1,Q1,5266,1969484,1973907,Online
pharma-a,P018,East,Delhi,11,Q4,5703,2971263,2874439,Online
pharma-b,P013,East,Maharashtra,5,Q2,8454,7143630,6541310,Hospital
pharma-b,P015,West,Karnataka,10,Q4,3228,2091744,1907378,Hospital
pharma-b,P005,North,Maharashtra,7,Q3,1978,1778222,1887438,Distributor
pharma-a,P002,South,Delhi,9,Q3,3751,975260,1074194,Online
pharma-a,P010,South,Delhi,6,Q2,7273,2327360,2364330,Retail
pharma-a,P002,North,Gujarat,2,Q1,8716,4419012,4805247,Hospital
pharma-a,P010,East,Maharashtra,4,Q2,4551,609834,568205,Hospital
pharma-b,P013,South,Delhi,2,Q1,1753,306775,307190,Online
pharma-a,P001,South,Maharashtra,12,Q4,6908,2058584,2263292,Distributor
pharma-b,P014,North,Delhi,5,Q2,8018,2461526,2165905,Online
pharma-b,P010,West,Maharashtra,4,Q2,7157,4823818,4503359,Distributor
pharma-a,P013,North,Tamil Nadu,12,Q4,6949,3342469,3605889,Hospital
pharma-b,P008,North,Tamil Nadu,4,Q2,7825,3740350,3714324,Hospital
pharma-b,P011,South,Maharashtra,2,Q1,9689,2645097,2413134,Online
pharma-a,P003,South,Tamil Nadu,10,Q4,8258,5243830,5594693,Retail
pharma-a,P016,East,Tamil Nadu,5,Q2,6035,5757390,5153921,Distributor
pharma-b,P001,East,Karnataka,9,Q3,8507,5597606,5597296,Retail
pharma-b,P015,West,Gujarat,9,Q3,1834,379638,371176,Hospital
pharma-b,P005,North,Karnataka,9,Q3,2490,672300,611262,Hospital
pharma-a,P014,West,Karnataka,11,Q4,9094,5438212,4850665,Online
pharma-b,P001,East,Maharashtra,7,Q3,5320,4452840,5016529,Distributor
pharma-b,P020,East,Gujarat,11,Q4,3218,785192,735771,Retail
pharma-b,P017,East,Tamil Nadu,8,Q3,3950,1730100,1951767,Retail
pharma-a,P017,West,Maharashtra,6,Q2,7320,2071560,1854263,Hospital
pharma-a,P010,South,Karnataka,12,Q4,2037,1324050,1307602,Hospital
pharma-a,P020,West,Gujarat,3,Q1,1593,729594,759436,Retail
pharma-b,P001,South,Delhi,5,Q2,7482,5222436,5581723,Distributor
pharma-b,P009,South,Maharashtra,10,Q4,2997,614385,656898,Distributor
pharma-a,P009,North,Karnataka,9,Q3,6774,2967012,3034353,Distributor
pharma-b,P007,South,Maharashtra,4,Q2,4046,780878,881505,Retail
pharma-a,P006,West,Maharashtra,6,Q2,1774,271422,241862,Online
pharma-b,P016,East,Delhi,9,Q3,2421,837666,852780,Online
pharma-b,P016,East,Delhi,9,Q3,5693,3660599,3197386,Retail
pharma-a,P009,South,Tamil Nadu,9,Q3,7735,4648735,4920825,Distributor
pharma-a,P018,West,Delhi,3,Q1,914,901204,864891,Online
pharma-b,P014,South,Gujarat,9,Q3,3629,1781839,1714595,Hospital
pharma-a,P015,East,Gujarat,4,Q2,591,413700,390167,Hospital
pharma-b,P009,North,Gujarat,5,Q2,1049,799338,745371,Online
pharma-b,P002,East,Delhi,11,Q4,1437,984345,1079824,Online
pharma-b,P016,South,Tamil Nadu,12,Q4,9438,8739588,7701029,Distributor
pharma-a,P020,South,Karnataka,3,Q1,1856,981824,1080221,Hospital
pharma-a,P015,North,Delhi,2,Q1,9414,3614976,4139223,Retail
pharma-a,P011,East,Karnataka,10,Q4,6500,4082000,3487054,Online
pharma-b,P002,North,Karnataka,9,Q3,2916,2466936,2294227,Retail
pharma-b,P002,East,Gujarat,4,Q2,8781,4557339,4110220,Hospital
pharma-b,P009,East,Maharashtra,6,Q2,8139,5542659,6101534,Hospital
pharma-b,P003,North,Maharashtra,3,Q1,1915,555350,524944,Hospital
pharma-a,P001,South,Delhi,8,Q3,1831,1827338,1950286,Retail
pharma-b,P007,South,Delhi,1,Q1,6714,5518908,5166376,Distributor
pharma-a,P019,East,Tamil Nadu,4,Q2,3584,1358336,1514640,Retail
pharma-b,P009,West,Delhi,2,Q1,8526,3947538,4040734,Distributor
pharma-b,P006,North,Gujarat,7,Q3,3051,1983150,2024029,Online
pharma-b,P010,South,Delhi,12,Q4,8753,5811992,6387131,Distributor
pharma-a,P017,South,Delhi,4,Q2,8162,2995454,2574396,Hospital
pharma-a,P016,South,Tamil Nadu,10,Q4,5791,2785471,2838759,Hospital
pharma-b,P004,East,Maharashtra,3,Q1,7404,4338744,4123601,Hospital
pharma-a,P012,East,Karnataka,8,Q3,9458,2742820,2950214,Online
pharma-b,P019,West,Tamil Nadu,8,Q3,4490,1607420,1715136,Distributor
pharma-b,P013,East,Maharashtra,4,Q2,8806,1849260,1805424,Distributor
pharma-b,P019,North,Karnataka,9,Q3,3226,1312982,1465259,Retail
pharma-a,P005,East,Maharashtra,2,Q1,5567,5071537,5475976,Distributor
pharma-b,P013,South,Tamil Nadu,1,Q1,2916,889380,991557,Distributor
pharma-b,P003,South,Karnataka,4,Q2,7652,1469184,1567972,Retail
pharma-b,P001,West,Karnataka,6,Q2,2136,1243152,1261735,Online
pharma-a,P016,West,Tamil Nadu,12,Q4,4477,3944237,4437601,Online
pharma-a,P011,South,Tamil Nadu,6,Q2,5139,4825521,5078498,Online
pharma-b,P018,North,Delhi,8,Q3,940,307380,342936,Retail
pharma-a,P012,East,Delhi,9,Q3,526,381350,392695,Online
pharma-a,P008,South,Tamil Nadu,4,Q2,1224,386784,363801,Hospital
pharma-b,P013,South,Tamil Nadu,3,Q1,5168,2160224,2086872,Online
pharma-a,P009,West,Karnataka,3,Q1,7024,5605152,5634324,Hospital
pharma-b,P003,East,Maharashtra,11,Q4,7126,6570172,7175118,Retail
pharma-b,P005,West,Tamil Nadu,1,Q1,8464,6508816,7406878,Online
pharma-b,P002,East,Tamil Nadu,5,Q2,2399,1722482,1881187,Online
pharma-b,P016,East,Gujarat,6,Q2,2329,2105416,1902563,Online
pharma-b,P003,South,Maharashtra,6,Q2,4724,1426648,1433023,Online
pharma-b,P002,West,Delhi,1,Q1,2491,2461108,2453445,Distributor
pharma-a,P020,East,Delhi,7,Q3,6028,4768148,4476543,Hospital
pharma-b,P006,East,Delhi,7,Q3,787,438359,415296,Hospital
pharma-a,P012,North,Gujarat,12,Q4,6991,2474814,2233693,Hospital
pharma-a,P005,West,Tamil Nadu,5,Q2,6158,3503902,3702564,Retail
pharma-b,P002,North,Delhi,6,Q2,1127,281750,290993,Hospital
pharma-b,P017,North,Delhi,11,Q4,5447,2897804,2811512,Retail
pharma-b,P003,West,Maharashtra,4,Q2,9853,3616051,4152946,Retail
pharma-a,P012,West,Karnataka,7,Q3,5002,4321728,4566592,Retail
pharma-b,P017,North,Gujarat,7,Q3,3469,2754386,2576655,Hospital
pharma-b,P007,North,Tamil Nadu,11,Q4,2626,1000506,930586,Distributor
pharma-a,P008,South,Maharashtra,12,Q4,5818,1896668,1648425,Distributor
pharma-b,P019,West,Gujarat,6,Q2,9371,4666758,4632601,Hospital
pharma-b,P011,East,Delhi,8,Q3,2986,1710978,1892866,Online
pharma-a,P018,South,Tamil Nadu,5,Q2,7101,944433,989963,Hospital
pharma-b,P018,East,Maharashtra,4,Q2,9176,4386128,4128266,Distributor
pharma-b,P015,North,Karnataka,10,Q4,3231,2387709,2281427,Online
pharma-b,P001,East,Gujarat,12,Q4,8540,2903600,2794962,Retail
pharma-b,P020,North,Maharashtra,7,Q3,4076,1288016,1478177,Distributor
pharma-a,P006,West,Gujarat,7,Q3,6267,5446023,4984885,Distributor
pharma-b,P012,North,Delhi,9,Q3,9275,5982375,5788857,Online
pharma-b,P015,East,Tamil Nadu,3,Q1,3410,1735690,1625512,Distributor
pharma-b,P006,North,Tamil Nadu,10,Q4,7350,3880800,3776360,Hospital
pharma-a,P005,North,Gujarat,10,Q4,7197,885231,838761,Retail
pharma-a,P019,West,Maharashtra,6,Q2,872,749920,772719,Online
pharma-a,P006,West,Delhi,12,Q4,4420,1233180,1222883,Retail
pharma-b,P005,East,Maharashtra,1,Q1,3891,2688681,2657368,Retail
pharma-b,P008,South,Tamil Nadu,9,Q3,2321,2139962,2206733,Distributor
pharma-a,P008,West,Maharashtra,1,Q1,1029,821142,864713,Online
pharma-b,P003,West,Delhi,12,Q4,9303,2074569,2208873,Hospital
pharma-b,P016,North,Delhi,7,Q3,1153,544216,527796,Online
pharma-b,P004,North,Karnataka,5,Q2,9999,8709129,9471052,Retail
pharma-b,P014,East,Karnataka,4,Q2,8406,2647890,2460822,Distributor
pharma-a,P015,West,Karnataka,5,Q2,6110,2456220,2595630,Distributor
pharma-b,P009,East,Gujarat,1,Q1,2794,701294,705876,Hospital
pharma-a,P012,East,Delhi,5,Q2,3093,2106333,2190940,Online
pharma-b,P010,South,Karnataka,3,Q1,5289,5177931,4998091,Retail
pharma-a,P007,East,Karnataka,10,Q4,697,254405,244037,Online
pharma-b,P020,South,Delhi,11,Q4,3053,2140153,2366545,Distributor
pharma-b,P013,West,Karnataka,9,Q3,8397,2342763,2331516,Online
pharma-a,P003,East,Karnataka,5,Q2,3882,1277178,1143108,Hospital
pharma-a,P012,West,Tamil Nadu,10,Q4,699,671040,720614,Retail
pharma-a,P012,North,Tamil Nadu,11,Q4,2119,926003,928063,Distributor
pharma-a,P002,West,Gujarat,9,Q3,4562,1596700,1479856,Retail
pharma-a,P008,West,Karnataka,1,Q1,4854,3227910,3012424,Retail
pharma-a,P005,East,Maharashtra,4,Q2,4228,1475572,1513498,Online
pharma-b,P004,North,Delhi,11,Q4,1696,510496,507172,Online
pharma-a,P016,South,Maharashtra,9,Q3,4022,2863664,2852693,Hospital
pharma-b,P004,West,Karnataka,10,Q4,7975,797500,738105,Online
pharma-b,P016,South,Delhi,9,Q3,8418,5269668,4927807,Distributor
pharma-b,P018,South,Delhi,5,Q2,9695,5962425,5620427,Online
pharma-a,P006,West,Maharashtra,6,Q2,8848,5140688,5134192,Retail
pharma-a,P014,East,Maharashtra,8,Q3,6110,4600830,4858879,Retail
pharma-a,P004,South,Karnataka,5,Q2,8721,3593052,3399044,Online
pharma-a,P010,South,Gujarat,11,Q4,3032,1306792,1172083,Online
pharma-a,P006,South,Delhi,9,Q3,8262,6353478,6534989,Online
pharma-b,P008,East,Tamil Nadu,5,Q2,6575,1630600,1535812,Distributor
pharma-b,P015,East,Tamil Nadu,10,Q4,6947,6113360,5961364,Online
pharma-a,P014,East,Karnataka,8,Q3,4992,594048,650815,Retail
pharma-a,P009,East,Delhi,1,Q1,5773,3100101,3370665,Distributor
pharma-a,P007,West,Delhi,2,Q1,1719,598212,537269,Online
pharma-b,P002,West,Tamil Nadu,4,Q2,5089,3669169,3763959,Hospital
pharma-a,P002,East,Delhi,9,Q3,6553,3591044,4047400,Hospital
pharma-b,P005,North,Delhi,12,Q4,7279,6871376,6153535,Retail
pharma-b,P019,South,Gujarat,2,Q1,7680,2695680,2556455,Distributor
pharma-b,P001,South,Maharashtra,12,Q4,5643,5490639,5262057,Online
pharma-a,P006,East,Tamil Nadu,4,Q2,8049,3783030,3593513,Distributor
pharma-b,P020,North,Karnataka,2,Q1,7230,3882510,3761734,Online
pharma-a,P017,North,Gujarat,6,Q2,765,519435,509649,Hospital
pharma-b,P018,West,Delhi,10,Q4,5968,4470032,3889521,Hospital
pharma-a,P018,North,Gujarat,3,Q1,8913,8609958,9517841,Online
pharma-a,P003,West,Delhi,8,Q3,7893,6756408,6051455,Distributor
pharma-a,P006,East,Tamil Nadu,9,Q3,7584,917664,890537,Distributor
pharma-a,P020,West,Maharashtra,1,Q1,4190,1801700,1762323,Distributor
pharma-a,P019,East,Gujarat,8,Q3,3782,3358416,3682360,Distributor
pharma-a,P007,South,Karnataka,5,Q2,3475,705425,605161,Hospital
pharma-a,P018,East,Maharashtra,6,Q2,5666,1898110,1988175,Retail
pharma-b,P006,West,Delhi,4,Q2,4059,3612510,3455739,Retail
pharma-b,P004,West,Maharashtra,8,Q3,3917,1915413,1656380,Online
pharma-b,P007,South,Tamil Nadu,10,Q4,2542,495690,565469,Hospital
pharma-a,P007,North,Tamil Nadu,12,Q4,6371,5523657,6344512,Online
pharma-a,P007,North,Gujarat,6,Q2,8331,3007491,3015372,Online
pharma-a,P001,West,Tamil Nadu,7,Q3,2139,990357,948878,Distributor
pharma-a,P014,East,Karnataka,12,Q4,1883,1442378,1504507,Online
pharma-b,P001,East,Delhi,1,Q1,2805,2712435,2508187,Hospital
pharma-a,P017,South,Karnataka,12,Q4,8197,7213360,6215732,Retail
pharma-b,P012,West,Karnataka,7,Q3,3324,924072,1045021,Retail
pharma-a,P012,North,Karnataka,1,Q1,8651,2664508,2509485,Distributor
pharma-b,P020,East,Maharashtra,1,Q1,5932,765228,854488,Hospital
pharma-a,P014,North,Gujarat,7,Q3,9104,2485392,2230519,Hospital
pharma-b,P008,North,Tamil Nadu,2,Q1,2341,1374167,1359504,Online
pharma-b,P005,North,Delhi,8,Q3,8192,2973696,2642008,Distributor
pharma-a,P016,West,Gujarat,4,Q2,2561,829764,833431,Retail
pharma-a,P003,North,Tamil Nadu,5,Q2,2224,789520,724674,Retail
pharma-b,P011,West,Gujarat,9,Q3,8968,6196888,7103448,Distributor
pharma-a,P011,West,Delhi,11,Q4,2879,1995147,2136649,Hospital
pharma-b,P002,South,Karnataka,1,Q1,2842,2128658,1831144,Retail
pharma-a,P013,East,Maharashtra,10,Q4,8377,4984315,5519152,Retail
pharma-b,P015,South,Tamil Nadu,10,Q4,4805,3161690,3104649,Distributor
pharma-b,P011,South,Delhi,6,Q2,8484,7550760,7661531,Hospital
pharma-b,P017,East,Maharashtra,6,Q2,7488,5668416,4861370,Retail
pharma-a,P008,West,Maharashtra,2,Q1,9518,7890422,7406849,Distributor
pharma-b,P015,West,Gujarat,2,Q1,8769,2507934,2430858,Retail
pharma-a,P008,North,Karnataka,12,Q4,6298,4018124,4139796,Retail
pharma-a,P018,East,Gujarat,4,Q2,9197,2483190,2389677,Hospital
pharma-a,P020,South,Karnataka,9,Q3,7447,7283166,6632479,Hospital
pharma-b,P010,West,Gujarat,7,Q3,8307,4809753,4552798,Distributor
pharma-a,P003,East,Gujarat,11,Q4,5605,1754365,1977021,Hospital
pharma-a,P014,South,Karnataka,8,Q3,3125,2756250,3146613,Retail
pharma-b,P006,West,Tamil Nadu,10,Q4,3668,1298472,1428707,Hospital
pharma-a,P009,South,Tamil Nadu,2,Q1,2987,925970,910241,Distributor
pharma-b,P001,North,Gujarat,5,Q2,9089,1863245,2015094,Online
pharma-a,P015,East,Maharashtra,9,Q3,7944,2041608,1778487,Distributor
pharma-b,P002,West,Delhi,2,Q1,8143,4364648,4475918,Online
pharma-b,P008,North,Maharashtra,12,Q4,6440,2234680,2482301,Online
pharma-b,P014,North,Maharashtra,5,Q2,5019,1791783,1867180,Distributor
pharma-b,P009,East,Maharashtra,1,Q1,2156,1789480,1953749,Retail
pharma-b,P008,West,Delhi,2,Q1,8493,5724282,5907414,Online
pharma-b,P002,North,Gujarat,11,Q4,2115,1457235,1280143,Retail
pharma-b,P019,West,Tamil Nadu,12,Q4,1153,524615,547764,Online
pharma-b,P019,North,Tamil Nadu,11,Q4,7574,5945590,6673475,Retail
pharma-a,P001,East,Maharashtra,5,Q2,7252,6679092,5734083,Online
pharma-b,P012,East,Delhi,4,Q2,5032,2797792,3035920,Distributor
pharma-b,P009,South,Karnataka,9,Q3,9466,7222558,6836615,Online
pharma-b,P006,West,Maharashtra,6,Q2,6263,4578253,4630767,Retail
pharma-b,P010,North,Maharashtra,11,Q4,7152,3003840,3113600,Retail
pharma-b,P007,East,Tamil Nadu,6,Q2,6021,5569425,5465447,Distributor
pharma-a,P006,East,Maharashtra,2,Q1,3609,2508255,2365681,Distributor
pharma-a,P013,North,Karnataka,2,Q1,1983,1641924,1690181,Online
pharma-b,P005,East,Gujarat,6,Q2,7000,1652000,1860775,Hospital
pharma-b,P020,North,Delhi,4,Q2,7750,7323750,6314770,Retail
pharma-b,P001,West,Karnataka,12,Q4,4087,1434537,1595980,Online
pharma-a,P005,North,Delhi,4,Q2,840,821520,849177,Online
pharma-b,P018,South,Tamil Nadu,3,Q1,8996,6243224,6055209,Online
pharma-b,P012,East,Tamil Nadu,6,Q2,6472,2200480,2081756,Distributor
pharma-a,P005,East,Karnataka,9,Q3,9985,2306535,2027412,Online
pharma-b,P004,South,Delhi,12,Q4,9577,9002380,10312434,Online
pharma-b,P019,North,Tamil Nadu,10,Q4,7674,4673466,4801139,Hospital
pharma-a,P001,West,Gujarat,11,Q4,1442,656110,651509,Retail
pharma-a,P012,North,Delhi,10,Q4,4628,3910660,3356414,Online
pharma-b,P005,West,Karnataka,11,Q4,7907,3297219,3335198,Distributor
pharma-b,P008,West,Karnataka,9,Q3,5652,5555916,4733821,Hospital
pharma-b,P019,North,Maharashtra,10,Q4,1542,989964,964337,Retail
pharma-a,P008,South,Karnataka,1,Q1,8609,7283214,6451835,Hospital
pharma-a,P013,West,Tamil Nadu,7,Q3,8272,1993552,2201239,Retail
pharma-a,P010,East,Karnataka,12,Q4,7551,7551000,6989237,Hospital
pharma-a,P009,West,Karnataka,4,Q2,6254,4765548,4955703,Distributor
pharma-b,P004,East,Maharashtra,10,Q4,1497,1002990,870338,Distributor
pharma-a,P006,North,Gujarat,1,Q1,576,249984,241341,Hospital
pharma-b,P003,South,Karnataka,11,Q4,8662,2477332,2503503,Distributor
pharma-a,P005,East,Gujarat,3,Q1,7720,6353560,7013008,Retail
pharma-a,P015,North,Gujarat,1,Q1,9307,8487984,9610190,Distributor
pharma-b,P004,East,Karnataka,10,Q4,8994,2437374,2730027,Online
pharma-a,P020,South,Gujarat,6,Q2,7949,6152526,6241086,Online
pharma-b,P004,North,Delhi,4,Q2,6491,1583804,1460006,Online
pharma-a,P013,North,Delhi,1,Q1,8371,7785030,8587514,Hospital
pharma-a,P011,West,Gujarat,11,Q4,3792,1475088,1395573,Online
pharma-a,P010,West,Tamil Nadu,7,Q3,6677,1228568,1225053,Online
pharma-a,P011,West,Gujarat,7,Q3,5511,3356199,3851863,Distributor
pharma-a,P017,North,Karnataka,2,Q1,5531,3877231,4165524,Retail
pharma-b,P002,North,Maharashtra,5,Q2,6806,1987352,1898973,Hospital
pharma-b,P017,South,Gujarat,6,Q2,1232,393008,345687,Retail
pharma-a,P011,North,Karnataka,8,Q3,3887,2658708,2770709,Hospital
pharma-a,P013,South,Maharashtra,5,Q2,577,199642,209200,Distributor
pharma-a,P013,South,Delhi,7,Q3,1233,319347,285017,Retail
pharma-b,P014,East,Karnataka,11,Q4,4966,2577354,2724480,Online
pharma-b,P013,East,Karnataka,8,Q3,4652,3321528,2833691,Online
pharma-a,P015,South,Karnataka,2,Q1,2374,517532,464576,Online
pharma-a,P006,East,Karnataka,12,Q4,4702,3747494,3989233,Online
pharma-b,P018,East,Delhi,10,Q4,4784,1009424,1088458,Online
pharma-a,P003,West,Karnataka,3,Q1,8990,1222640,1211253,Hospital
pharma-a,P008,North,Tamil Nadu,3,Q1,1869,1644720,1740253,Hospital
pharma-a,P014,East,Tamil Nadu,12,Q4,2838,1566576,1612164,Hospital
pharma-a,P007,East,Maharashtra,10,Q4,732,187392,178472,Distributor
pharma-a,P012,West,Karnataka,11,Q4,1424,712000,686375,Distributor
pharma-a,P008,South,Karnataka,6,Q2,7690,961250,1068334,Hospital
pharma-a,P020,East,Gujarat,3,Q1,2848,1879680,2141431,Hospital
pharma-a,P003,West,Gujarat,9,Q3,786,576138,614246,Distributor
pharma-b,P002,South,Maharashtra,11,Q4,4328,458768,442419,Hospital
pharma-b,P019,North,Karnataka,11,Q4,1076,728452,738413,Hospital
pharma-b,P019,West,Delhi,11,Q4,6836,3828160,4299300,Retail
pharma-b,P020,East,Delhi,11,Q4,7954,4692860,5283352,Retail
pharma-b,P018,East,Karnataka,3,Q1,5199,3909648,4180561,Online
pharma-b,P006,East,Maharashtra,7,Q3,5412,1336764,1153315,Online
pharma-a,P013,South,Delhi,4,Q2,7148,3795588,4232409,Online
pharma-b,P015,West,Tamil Nadu,6,Q2,6034,2612722,2742344,Retail
pharma-a,P008,South,Karnataka,10,Q4,3688,3665872,3918054,Distributor
pharma-b,P018,West,Delhi,11,Q4,5528,1757904,1701385,Online
pharma-a,P018,West,Delhi,10,Q4,7252,1102304,1002901,Distributor
pharma-a,P013,West,Karnataka,8,Q3,890,720900,657414,Retail
pharma-b,P019,South,Tamil Nadu,10,Q4,3740,949960,924678,Online
pharma-a,P005,West,Delhi,10,Q4,9193,7832436,8133402,Hospital
pharma-a,P003,North,Maharashtra,1,Q1,1364,598796,662136,Distributor
pharma-b,P007,South,Karnataka,5,Q2,1581,744651,772180,Distributor
pharma-b,P016,East,Karnataka,5,Q2,5468,1110004,1210682,Retail
pharma-a,P006,West,Maharashtra,9,Q3,7212,1889544,1924499,Online
pharma-b,P008,North,Karnataka,8,Q3,2090,1824570,1572439,Online
pharma-b,P013,West,Karnataka,1,Q1,6437,3546787,3637114,Retail
pharma-b,P001,West,Gujarat,6,Q2,6066,1134342,1265865,Hospital
pharma-a,P005,East,Tamil Nadu,3,Q1,2318,2107062,2398098,Retail
pharma-b,P010,North,Delhi,10,Q4,8605,998180,1034672,Online
pharma-a,P012,East,Karnataka,9,Q3,5091,3217512,3607744,Hospital
pharma-b,P011,South,Maharashtra,11,Q4,4412,3604604,3395503,Online
pharma-b,P011,North,Delhi,12,Q4,8005,6203875,5422641,Hospital
pharma-a,P020,North,Gujarat,1,Q1,5459,2669451,2428914,Online
pharma-b,P013,North,Delhi,12,Q4,6646,2944178,2826523,Online
pharma-b,P011,South,Delhi,12,Q4,4785,3182025,2888868,Distributor
pharma-b,P003,West,Maharashtra,11,Q4,5720,5617040,5631854,Hospital
pharma-a,P005,North,Karnataka,2,Q1,3401,1639282,1425335,Retail
pharma-a,P003,North,Maharashtra,12,Q4,6089,6034199,6774434,Hospital
pharma-a,P019,West,Delhi,11,Q4,2233,1623391,1439287,Retail
pharma-a,P003,South,Maharashtra,12,Q4,2000,206000,201857,Retail
pharma-a,P002,North,Tamil Nadu,6,Q2,9172,2724084,2704506,Retail
pharma-b,P020,South,Tamil Nadu,5,Q2,1503,831159,752596,Hospital
pharma-a,P006,South,Delhi,3,Q1,9380,6462820,7379358,Hospital
pharma-a,P007,South,Delhi,4,Q2,3161,1593144,1657808,Distributor
pharma-b,P017,East,Karnataka,7,Q3,4611,4352784,4150064,Retail
pharma-a,P009,East,Karnataka,2,Q1,1509,247476,247024,Hospital
pharma-b,P003,West,Maharashtra,12,Q4,1945,828570,850478,Distributor
pharma-a,P019,East,Delhi,8,Q3,6367,5475620,5986438,Distributor
pharma-b,P010,West,Delhi,9,Q3,3617,1204461,1235980,Hospital
pharma-b,P014,West,Tamil Nadu,6,Q2,7106,4078844,4529983,Online
pharma-b,P005,South,Tamil Nadu,7,Q3,901,895594,798717,Distributor
pharma-b,P005,West,Delhi,1,Q1,7616,6930560,7590497,Retail
pharma-a,P019,South,Karnataka,2,Q1,768,384000,380807,Distributor
pharma-b,P007,North,Tamil Nadu,7,Q3,3093,1268130,1393590,Distributor
pharma-a,P007,West,Gujarat,12,Q4,8677,4711611,4619886,Retail
pharma-b,P002,East,Maharashtra,2,Q1,5796,4764312,4731009,Distributor
pharma-a,P008,West,Karnataka,7,Q3,8536,964568,1096768,Retail
pharma-b,P010,West,Gujarat,2,Q1,2620,1682040,1571982,Distributor
pharma-a,P012,West,Maharashtra,1,Q1,7824,3739872,3646749,Retail
pharma-b,P008,East,Tamil Nadu,5,Q2,9593,4297664,4397223,Distributor
pharma-a,P005,East,Gujarat,4,Q2,4383,4084956,4476691,Online
pharma-b,P001,East,Gujarat,2,Q1,6793,5896324,5274300,Distributor
pharma-a,P017,West,Tamil Nadu,10,Q4,4858,816144,803775,Retail
pharma-b,P005,East,Maharashtra,8,Q3,4540,1489120,1548567,Distributor
pharma-b,P020,West,Gujarat,3,Q1,4968,2121336,2111597,Distributor
pharma-a,P007,North,Delhi,12,Q4,1492,1272676,1419582,Distributor
pharma-a,P013,West,Maharashtra,5,Q2,4776,1475784,1318196,Hospital
pharma-a,P014,North,Delhi,8,Q3,2918,1625326,1686709,Retail
pharma-b,P011,North,Delhi,8,Q3,5021,1516342,1610186,Online
pharma-b,P006,South,Delhi,1,Q1,2530,387090,429794,Online
pharma-b,P005,East,Tamil Nadu,9,Q3,917,681331,667893,Distributor
pharma-b,P006,East,Gujarat,1,Q1,5135,2213185,2256751,Hospital
pharma-a,P005,West,Maharashtra,2,Q1,2792,711960,627006,Retail
pharma-a,P003,East,Delhi,6,Q2,1829,954738,909933,Hospital
pharma-b,P013,North,Gujarat,7,Q3,6987,5666457,5079951,Hospital
pharma-a,P015,South,Maharashtra,5,Q2,4225,1457625,1263694,Hospital
pharma-a,P008,West,Maharashtra,1,Q1,4088,3581088,3293883,Retail
pharma-a,P017,East,Delhi,7,Q3,6984,831096,833650,Distributor
pharma-b,P001,West,Gujarat,2,Q1,1157,351728,361189,Retail
pharma-a,P019,West,Maharashtra,6,Q2,1820,1264900,1409723,Retail
pharma-b,P007,South,Gujarat,1,Q1,5110,1900920,1933005,Online
pharma-a,P007,East,Delhi,4,Q2,5858,2144028,2074968,Distributor
pharma-b,P001,West,Gujarat,11,Q4,8885,7889880,7666653,Retail
pharma-a,P002,West,Maharashtra,12,Q4,3868,1175872,1267505,Distributor
pharma-a,P019,East,Delhi,8,Q3,1390,1060570,1100696,Distributor
pharma-a,P017,North,Delhi,1,Q1,4045,3838705,3471247,Distributor
pharma-a,P016,West,Delhi,8,Q3,6902,4941832,5318190,Online
pharma-b,P018,East,Karnataka,2,Q1,2257,225700,249580,Hospital
pharma-a,P009,North,Delhi,8,Q3,6749,5709654,5826320,Retail
pharma-a,P002,East,Karnataka,11,Q4,3625,1932125,2072308,Distributor
pharma-a,P009,West,Maharashtra,5,Q2,1073,238206,224060,Distributor
pharma-b,P007,North,Maharashtra,8,Q3,3360,383040,338521,Retail
pharma-b,P019,East,Delhi,1,Q1,9727,5748657,4995497,Retail
pharma-a,P003,West,Tamil Nadu,1,Q1,1108,674772,661105,Online
pharma-b,P006,North,Gujarat,1,Q1,1532,1360416,1514024,Distributor
pharma-b,P007,East,Maharashtra,11,Q4,4955,4915360,4455385,Online
pharma-a,P002,West,Gujarat,12,Q4,8504,7738640,7115341,Hospital
pharma-b,P012,North,Gujarat,6,Q2,7975,7496500,7434598,Retail
pharma-b,P012,South,Delhi,12,Q4,6181,3189396,2877437,Online
pharma-b,P015,East,Delhi,3,Q1,8602,6804182,6890462,Distributor
pharma-b,P003,East,Karnataka,6,Q2,6376,4845760,4797140,Retail
pharma-a,P011,South,Gujarat,6,Q2,9350,6984450,7680128,Retail
pharma-a,P007,West,Maharashtra,7,Q3,2333,1430129,1449005,Hospital
pharma-a,P009,South,Karnataka,11,Q4,5986,3591600,3178840,Distributor
pharma-b,P017,West,Karnataka,10,Q4,6252,5420484,5270876,Hospital
pharma-a,P015,South,Karnataka,12,Q4,509,464208,529561,Hospital
pharma-b,P005,North,Delhi,4,Q2,7153,2932730,3218875,Hospital
pharma-a,P001,North,Maharashtra,5,Q2,2483,774696,701653,Hospital
pharma-a,P009,West,Maharashtra,7,Q3,6357,4939389,4795653,Distributor
pharma-b,P013,East,Karnataka,5,Q2,7520,5519680,5668199,Online
pharma-a,P016,North,Tamil Nadu,6,Q2,6258,819798,759735,Online
pharma-b,P018,North,Tamil Nadu,12,Q4,6251,5007051,4992493,Hospital
pharma-b,P002,West,Maharashtra,8,Q3,4631,3037936,2666137,Retail
pharma-a,P015,West,Delhi,4,Q2,8188,1105380,1046642,Online
pharma-a,P020,West,Maharashtra,1,Q1,2603,1840321,2040575,Hospital
pharma-b,P003,South,Tamil Nadu,5,Q2,9757,4849229,5287561,Hospital
pharma-b,P019,North,Gujarat,8,Q3,3349,1882138,1765477,Retail
pharma-a,P010,East,Tamil Nadu,2,Q1,3036,2905452,2536593,Online
pharma-b,P008,North,Tamil Nadu,12,Q4,3393,3023163,2911353,Distributor
pharma-a,P008,East,Gujarat,8,Q3,4247,3525010,3466494,Hospital
pharma-a,P006,South,Karnataka,12,Q4,9720,1205280,1182896,Distributor
pharma-b,P001,East,Gujarat,2,Q1,7358,4304430,3702072,Online
pharma-b,P003,North,Maharashtra,5,Q2,6359,3726374,3616066,Retail
pharma-a,P004,North,Karnataka,2,Q1,9845,2864895,3006398,Online
pharma-b,P018,East,Tamil Nadu,2,Q1,3539,2463144,2399044,Hospital
pharma-a,P007,South,Delhi,3,Q1,6901,766011,736563,Hospital
pharma-a,P017,East,Gujarat,9,Q3,645,264450,294627,Retail
pharma-b,P008,West,Karnataka,4,Q2,8278,4875742,4844636,Hospital
pharma-a,P013,North,Karnataka,11,Q4,2580,2523240,2530709,Hospital
pharma-b,P017,North,Gujarat,3,Q1,4547,3369327,3625477,Distributor
pharma-a,P009,West,Maharashtra,7,Q3,1203,1192173,1127970,Online
pharma-a,P007,East,Tamil Nadu,8,Q3,4181,3620746,4063390,Online
pharma-b,P006,South,Gujarat,9,Q3,5212,3174108,3434161,Online
pharma-a,P014,North,Gujarat,2,Q1,2884,2569644,2678648,Distributor
pharma-b,P013,East,Tamil Nadu,11,Q4,6094,2498540,2750636,Distributor
pharma-b,P016,West,Tamil Nadu,12,Q4,9678,7723044,7966794,Retail
pharma-b,P011,North,Tamil Nadu,6,Q2,9228,5804412,6007044,Hospital
pharma-b,P009,East,Delhi,10,Q4,8913,2968029,2801568,Distributor
pharma-a,P019,South,Delhi,5,Q2,3643,3442635,3272223,Online
pharma-b,P009,West,Karnataka,10,Q4,2781,2561301,2768696,Distributor
pharma-a,P012,East,Karnataka,8,Q3,9021,2498817,2211860,Distributor
pharma-a,P007,East,Karnataka,11,Q4,8642,4174086,3855562,Online
pharma-b,P019,West,Gujarat,6,Q2,2897,1042920,1076079,Distributor
pharma-a,P013,West,Maharashtra,2,Q1,3595,3346945,3782839,Online
pharma-b,P018,East,Gujarat,10,Q4,7389,2238867,2081497,Online
pharma-b,P020,North,Tamil Nadu,7,Q3,6838,2871960,2544078,Retail
pharma-a,P012,North,Maharashtra,2,Q1,5044,1059240,1074648,Distributor
pharma-a,P004,West,Karnataka,1,Q1,9782,1574902,1343323,Distributor
pharma-b,P010,West,Karnataka,4,Q2,4111,3013363,3107073,Distributor
pharma-b,P008,South,Maharashtra,9,Q3,5689,5006320,4585597,Online
pharma-a,P018,North,Karnataka,2,Q1,9859,8459022,8748656,Distributor
pharma-b,P004,North,Karnataka,7,Q3,4120,1429640,1412272,Retail
pharma-a,P008,East,Maharashtra,1,Q1,4412,3472244,3272757,Online
pharma-b,P007,South,Maharashtra,2,Q1,7193,5962997,5863056,Retail
pharma-b,P020,West,Maharashtra,9,Q3,4951,1534810,1710610,Online
pharma-b,P017,East,Delhi,1,Q1,8676,5370444,5556751,Online
pharma-a,P012,South,Maharashtra,10,Q4,6687,1818864,1976052,Retail
pharma-a,P011,East,Tamil Nadu,5,Q2,4575,3806400,3567371,Retail
pharma-b,P020,West,Maharashtra,11,Q4,9729,3395421,3543607,Hospital
pharma-b,P001,West,Gujarat,6,Q2,6390,3131100,2680685,Online
pharma-b,P014,North,Tamil Nadu,5,Q2,6205,2072470,1928923,Distributor
pharma-b,P006,South,Karnataka,10,Q4,8973,6397749,6457126,Retail
pharma-a,P013,East,Maharashtra,4,Q2,1974,1626576,1829499,Hospital
pharma-a,P009,North,Gujarat,5,Q2,7923,1996596,1872698,Online
pharma-b,P006,South,Tamil Nadu,5,Q2,3230,2044590,1778862,Hospital
pharma-a,P019,South,Delhi,9,Q3,8204,4372732,4890798,Retail
pharma-a,P007,North,Maharashtra,2,Q1,4908,4593888,4984106,Hospital
pharma-b,P018,East,Karnataka,3,Q1,9243,2689713,2484471,Hospital
pharma-b,P006,East,Gujarat,1,Q1,8706,5362896,5998138,Online
pharma-a,P006,North,Tamil Nadu,3,Q1,2667,925449,1025866,Distributor
pharma-b,P015,South,Tamil Nadu,3,Q1,2300,1909000,1764802,Hospital
pharma-a,P013,South,Maharashtra,5,Q2,8049,5159409,5621957,Online
pharma-b,P017,West,Gujarat,6,Q2,9961,8317435,9159894,Online
pharma-b,P017,West,Karnataka,9,Q3,8687,1989323,2171249,Retail
pharma-a,P020,East,Delhi,2,Q1,7256,3562696,3430104,Distributor
pharma-a,P011,West,Karnataka,1,Q1,4031,2196895,2378186,Retail
pharma-b,P019,South,Delhi,7,Q3,4505,1103725,943589,Retail
pharma-b,P009,West,Tamil Nadu,8,Q3,8121,3898080,4345248,Online
pharma-a,P014,North,Karnataka,3,Q1,2159,867918,835119,Distributor
pharma-b,P013,West,Maharashtra,10,Q4,5316,2461308,2698401,Online
pharma-a,P016,North,Delhi,6,Q2,3669,1529973,1723660,Retail
pharma-a,P004,South,Gujarat,5,Q2,1481,185125,185652,Distributor
pharma-a,P015,West,Delhi,10,Q4,8041,3658655,3792312,Distributor
pharma-b,P002,North,Tamil Nadu,8,Q3,7600,6695600,6723664,Hospital
pharma-a,P013,East,Tamil Nadu,12,Q4,4876,1204372,1075098,Retail
pharma-a,P020,West,Delhi,7,Q3,4108,583336,503537,Hospital
pharma-a,P007,West,Gujarat,4,Q2,7341,6739038,7397958,Retail
pharma-b,P018,East,Karnataka,1,Q1,1585,423195,468752,Distributor
pharma-b,P003,South,Tamil Nadu,3,Q1,8585,1854360,1620693,Online
pharma-b,P020,East,Tamil Nadu,5,Q2,9954,6679134,6775163,Distributor
pharma-b,P017,South,Gujarat,9,Q3,5070,4689750,4821790,Retail
pharma-a,P001,West,Tamil Nadu,5,Q2,5876,3648996,3430679,Online
pharma-a,P019,East,Delhi,2,Q1,2924,1953232,1791284,Retail
pharma-a,P015,South,Maharashtra,12,Q4,9383,5789311,5551358,Online
pharma-b,P019,East,Delhi,2,Q1,4473,1189818,1233743,Hospital
pharma-b,P002,West,Tamil Nadu,7,Q3,3023,1584052,1571303,Hospital
pharma-b,P012,North,Delhi,4,Q2,8471,8471000,9736055,Online
pharma-a,P013,West,Karnataka,5,Q2,4485,3251625,3548689,Distributor
pharma-a,P020,East,Gujarat,7,Q3,1857,376971,329709,Hospital
pharma-a,P018,West,Tamil Nadu,2,Q1,2988,454176,386333,Retail
pharma-a,P005,East,Delhi,11,Q4,6353,4968046,5075351,Hospital
pharma-a,P010,East,Maharashtra,1,Q1,1849,258860,267741,Retail
pharma-a,P013,West,Maharashtra,5,Q2,5274,3850020,4239083,Hospital
pharma-b,P005,North,Tamil Nadu,10,Q4,4759,1242099,1295557,Hospital
pharma-b,P020,South,Delhi,1,Q1,6945,6750540,6423795,Retail
pharma-b,P015,East,Gujarat,5,Q2,5311,4084159,4336140,Online
pharma-b,P008,East,Delhi,4,Q2,4443,2541396,2273574,Retail
pharma-a,P003,North,Gujarat,2,Q1,2919,612990,704612,Retail
pharma-a,P003,East,Delhi,12,Q4,5742,3979206,3667937,Online
pharma-b,P014,North,Gujarat,12,Q4,5456,4506656,4114268,Online
pharma-a,P012,South,Tamil Nadu,4,Q2,6153,1027551,888496,Distributor
pharma-b,P006,West,Tamil Nadu,11,Q4,7012,6324824,6721659,Distributor
pharma-b,P005,East,Tamil Nadu,11,Q4,5657,4915933,5014107,Retail
pharma-a,P006,East,Tamil Nadu,2,Q1,8477,8443092,9680094,Retail
pharma-a,P005,South,Gujarat,10,Q4,8615,3308160,3712390,Retail
pharma-b,P002,North,Delhi,12,Q4,6119,5623361,5817159,Distributor
pharma-a,P004,West,Gujarat,4,Q2,3958,993458,943542,Distributor
pharma-b,P017,South,Tamil Nadu,12,Q4,1145,646925,737004,Distributor
pharma-b,P002,East,Delhi,1,Q1,7173,5042619,5234807,Hospital
pharma-b,P014,West,Gujarat,10,Q4,4283,1807426,1988965,Retail
pharma-b,P009,East,Maharashtra,4,Q2,9995,3598200,3484654,Hospital
pharma-a,P002,South,Tamil Nadu,4,Q2,7004,714408,699407,Hospital
pharma-b,P018,West,Maharashtra,9,Q3,5516,4892692,5039832,Hospital
pharma-b,P019,South,Gujarat,11,Q4,9549,3762306,4077972,Retail
pharma-b,P018,East,Karnataka,9,Q3,3781,431034,454967,Hospital
pharma-b,P008,West,Maharashtra,2,Q1,2627,2277609,2435458,Retail
pharma-b,P009,West,Karnataka,7,Q3,3843,3251178,2923368,Hospital
pharma-b,P010,North,Maharashtra,3,Q1,2489,2421797,2739369,Retail
pharma-a,P009,South,Maharashtra,8,Q3,6030,1350720,1350907,Online
pharma-a,P016,East,Maharashtra,6,Q2,2007,925227,835405,Retail
pharma-b,P001,North,Maharashtra,3,Q1,2888,1299600,1167173,Retail
pharma-b,P012,North,Delhi,7,Q3,7584,1562304,1706321,Online
pharma-a,P006,South,Gujarat,11,Q4,8420,7510640,7705213,Hospital
pharma-a,P016,West,Tamil Nadu,6,Q2,6543,1982529,2220414,Hospital
pharma-b,P007,North,Gujarat,6,Q2,780,608400,687599,Distributor
pharma-b,P001,East,Tamil Nadu,2,Q1,2696,2596248,2281565,Hospital
pharma-a,P016,West,Gujarat,9,Q3,6082,1350204,1400814,Hospital
pharma-b,P008,East,Gujarat,7,Q3,5307,737673,817044,Hospital
pharma-b,P005,East,Tamil Nadu,3,Q1,5098,2283904,2523533,Hospital
pharma-b,P003,West,Delhi,12,Q4,5412,2792592,2392747,Distributor
pharma-b,P006,North,Karnataka,9,Q3,2140,1007940,891031,Distributor
pharma-b,P011,North,Karnataka,10,Q4,3978,2768688,3018178,Retail
pharma-a,P009,East,Gujarat,9,Q3,1805,1680455,1787742,Distributor
pharma-b,P004,West,Maharashtra,5,Q2,7384,1439880,1508086,Distributor
pharma-a,P005,North,Maharashtra,10,Q4,565,118085,131950,Hospital
pharma-b,P012,West,Gujarat,2,Q1,4830,1265460,1299951,Retail
pharma-a,P011,South,Karnataka,11,Q4,9822,8024574,8907338,Hospital
pharma-b,P007,South,Karnataka,12,Q4,8850,3044400,3491604,Hospital
pharma-b,P019,South,Tamil Nadu,9,Q3,4397,703520,688687,Online
pharma-a,P017,East,Delhi,3,Q1,7127,5017408,4884260,Distributor
pharma-b,P008,North,Tamil Nadu,5,Q2,8653,873953,999229,Online
pharma-a,P009,South,Gujarat,3,Q1,2465,1939955,1793748,Hospital
pharma-a,P008,North,Maharashtra,11,Q4,6967,1644212,1873688,Distributor
pharma-a,P019,North,Karnataka,12,Q4,2314,2195986,2325257,Online
pharma-a,P011,South,Tamil Nadu,3,Q1,2908,2445628,2554186,Hospital
pharma-b,P011,West,Tamil Nadu,11,Q4,9001,7164796,6681311,Retail
pharma-a,P007,West,Delhi,4,Q2,4477,2690677,2681727,Distributor
pharma-b,P002,East,Maharashtra,7,Q3,8095,2120890,1841826,Hospital
pharma-b,P017,East,Karnataka,7,Q3,2309,909746,811683,Distributor
pharma-a,P014,North,Tamil Nadu,9,Q3,1569,1098300,1083284,Distributor
pharma-a,P015,South,Delhi,8,Q3,6899,2594024,2329790,Retail
pharma-b,P005,North,Karnataka,11,Q4,8461,4171273,3819475,Retail
pharma-a,P009,East,Gujarat,5,Q2,2119,800982,887969,Distributor
pharma-b,P001,North,Gujarat,2,Q1,4452,1731828,1603031,Retail
pharma-a,P016,North,Karnataka,1,Q1,5863,5194618,5490146,Online
pharma-b,P001,West,Karnataka,3,Q1,2277,1935450,1823003,Online
pharma-b,P009,South,Tamil Nadu,11,Q4,9760,6607520,6323834,Online
pharma-b,P020,South,Karnataka,6,Q2,1250,1222500,1162407,Online
pharma-a,P018,East,Tamil Nadu,4,Q2,7558,5101650,4361550,Hospital
pharma-a,P019,South,Karnataka,7,Q3,1218,376362,372645,Hospital
pharma-a,P018,West,Karnataka,4,Q2,4014,1296522,1246298,Hospital
pharma-b,P001,West,Maharashtra,5,Q2,7870,2471180,2169806,Retail
pharma-a,P003,East,Gujarat,9,Q3,4451,645395,640750,Distributor
pharma-a,P001,West,Karnataka,7,Q3,5918,1195436,1047934,Retail
pharma-b,P001,West,Delhi,6,Q2,7911,5292459,5603558,Hospital
pharma-a,P019,North,Delhi,4,Q2,3319,3126498,2804738,Hospital
pharma-a,P007,South,Karnataka,3,Q1,5333,3045143,2644349,Online
pharma-a,P020,South,Maharashtra,2,Q1,3845,1826375,1896031,Distributor
pharma-b,P005,North,Karnataka,8,Q3,6694,716258,645643,Hospital
pharma-a,P014,North,Maharashtra,3,Q1,3969,690606,618867,Hospital
pharma-b,P008,South,Delhi,12,Q4,9023,7489090,7612653,Distributor
pharma-b,P006,South,Tamil Nadu,7,Q3,3320,2407000,2650123,Online
pharma-b,P011,East,Gujarat,4,Q2,828,248400,241381,Online
pharma-b,P003,North,Karnataka,1,Q1,4264,3641456,3860237,Hospital
pharma-b,P013,South,Maharashtra,9,Q3,3445,2242695,2495535,Retail
pharma-a,P002,North,Karnataka,9,Q3,9548,1766380,1681123,Hospital
pharma-b,P009,East,Gujarat,3,Q1,3421,496045,485288,Retail
pharma-a,P008,North,Gujarat,3,Q1,7747,1340231,1308918,Hospital
pharma-b,P015,South,Delhi,6,Q2,990,131670,142156,Hospital
pharma-a,P001,North,Delhi,3,Q1,1828,336352,355317,Online
pharma-a,P015,East,Maharashtra,11,Q4,923,771628,690555,Distributor
pharma-b,P013,North,Gujarat,11,Q4,5249,4566630,4281861,Retail
pharma-a,P018,South,Gujarat,11,Q4,9943,6482836,6437673,Online
pharma-a,P005,South,Delhi,9,Q3,1195,503095,484899,Hospital
pharma-b,P015,North,Maharashtra,10,Q4,1300,132600,139045,Retail
pharma-b,P012,East,Maharashtra,6,Q2,8952,3410712,3441444,Online
pharma-b,P019,North,Karnataka,7,Q3,2945,2697620,2511006,Retail
pharma-b,P012,North,Delhi,5,Q2,3289,2969967,3038417,Hospital
pharma-a,P016,North,Tamil Nadu,4,Q2,4438,2307760,2378448,Online
pharma-b,P001,South,Karnataka,2,Q1,1494,558756,609378,Hospital
pharma-b,P009,North,Gujarat,9,Q3,581,213227,221260,Distributor
pharma-a,P018,West,Tamil Nadu,4,Q2,8948,2666504,2568980,Retail
pharma-a,P013,East,Karnataka,3,Q1,1573,383812,406454,Distributor
pharma-a,P017,East,Tamil Nadu,5,Q2,3098,374858,345924,Online
pharma-a,P012,West,Karnataka,2,Q1,5572,4992512,4620844,Online
pharma-a,P013,East,Tamil Nadu,3,Q1,6311,5477948,5270330,Distributor
pharma-a,P006,West,Karnataka,12,Q4,6546,2932608,2970851,Retail
pharma-b,P007,North,Maharashtra,8,Q3,6681,2772615,2698745,Distributor
pharma-b,P017,North,Karnataka,12,Q4,2285,1089945,1005401,Retail
pharma-b,P011,South,Tamil Nadu,10,Q4,1508,1189812,1257009,Hospital
pharma-b,P002,East,Karnataka,4,Q2,4041,1264833,1443072,Distributor
pharma-a,P017,East,Gujarat,6,Q2,2501,1260504,1346893,Retail
pharma-a,P003,North,Gujarat,8,Q3,9121,5262817,5612139,Hospital
pharma-a,P020,South,Karnataka,10,Q4,1997,1489762,1569665,Online
pharma-a,P005,West,Delhi,4,Q2,1142,589272,651996,Hospital
pharma-a,P020,West,Delhi,7,Q3,2061,1178892,1341840,Online
pharma-a,P001,South,Karnataka,1,Q1,981,686700,605685,Online
pharma-a,P018,South,Gujarat,9,Q3,714,249900,264024,Distributor
pharma-b,P016,East,Delhi,10,Q4,2461,2072162,2325755,Hospital
pharma-a,P013,East,Gujarat,6,Q2,2694,428346,373892,Hospital
pharma-a,P017,East,Maharashtra,9,Q3,5288,1750328,1609260,Online
pharma-b,P001,South,Tamil Nadu,4,Q2,3295,3077530,3283374,Retail
pharma-a,P003,South,Tamil Nadu,5,Q2,5991,2665995,2600626,Hospital
pharma-b,P002,East,Karnataka,9,Q3,9283,4799311,5433781,Hospital
pharma-b,P001,East,Karnataka,8,Q3,6979,3754702,3681903,Hospital
pharma-a,P004,South,Tamil Nadu,1,Q1,1190,353430,393172,Hospital
pharma-a,P012,West,Tamil Nadu,10,Q4,1948,1825276,2028558,Hospital
pharma-b,P005,West,Maharashtra,6,Q2,3987,805374,914772,Retail
pharma-b,P011,East,Maharashtra,7,Q3,8840,5860920,5304256,Hospital
pharma-b,P016,West,Gujarat,11,Q4,2836,2087296,1906238,Distributor
pharma-b,P002,North,Karnataka,5,Q2,9585,1006425,1095134,Online
pharma-a,P011,East,Karnataka,8,Q3,9515,8125810,9085610,Retail
pharma-b,P002,South,Karnataka,11,Q4,6632,4834728,5159414,Hospital
pharma-a,P012,West,Maharashtra,10,Q4,1278,791082,759812,Hospital
pharma-b,P010,South,Maharashtra,12,Q4,7923,2860203,2931335,Retail
pharma-b,P020,West,Gujarat,10,Q4,6658,6591420,7146124,Distributor
pharma-b,P003,East,Karnataka,9,Q3,6499,4503807,4347208,Retail
pharma-a,P011,North,Delhi,1,Q1,8699,3627483,3703095,Retail
pharma-a,P007,North,Karnataka,4,Q2,5323,4785377,4270411,Online
pharma-b,P019,North,Tamil Nadu,10,Q4,876,587796,583030,Online
pharma-a,P015,West,Maharashtra,11,Q4,7741,2151998,2312930,Distributor
pharma-a,P017,South,Delhi,11,Q4,6427,4916655,4538999,Retail
pharma-a,P010,North,Delhi,7,Q3,2430,595350,667193,Online
pharma-b,P001,South,Tamil Nadu,10,Q4,6377,4189689,4411601,Online
pharma-b,P003,West,Gujarat,7,Q3,6147,3171852,3295889,Retail
pharma-a,P018,West,Tamil Nadu,2,Q1,2887,2552108,2314981,Distributor
pharma-b,P004,East,Karnataka,5,Q2,7031,4598274,4114009,Distributor
pharma-b,P002,North,Karnataka,8,Q3,4165,420665,358387,Online
pharma-b,P013,North,Maharashtra,2,Q1,6843,4208445,3832284,Hospital
pharma-a,P020,East,Maharashtra,1,Q1,1584,766656,773052,Distributor
pharma-a,P010,North,Delhi,1,Q1,7924,4096708,4433032,Retail
pharma-b,P014,South,Maharashtra,12,Q4,6535,2123875,2211486,Distributor
pharma-a,P016,West,Tamil Nadu,10,Q4,5112,2556000,2297061,Online
pharma-a,P013,West,Karnataka,10,Q4,2747,1241644,1062647,Hospital
pharma-b,P016,West,Maharashtra,3,Q1,9763,7966608,9000239,Hospital
pharma-b,P001,West,Gujarat,11,Q4,9241,3409929,2967140,Retail
pharma-a,P007,West,Karnataka,2,Q1,2673,1125333,1077352,Retail
pharma-a,P012,West,Maharashtra,8,Q3,9424,1705744,1687452,Retail
pharma-a,P004,North,Gujarat,3,Q1,507,247416,218662,Online
pharma-a,P017,East,Karnataka,8,Q3,8622,5681898,5807074,Distributor
pharma-b,P004,South,Karnataka,8,Q3,1717,1344411,1362636,Distributor
pharma-b,P019,North,Karnataka,10,Q4,5792,857216,764855,Online
pharma-b,P017,North,Maharashtra,7,Q3,5012,1959692,2250664,Retail
pharma-b,P007,East,Maharashtra,7,Q3,8207,5309929,4685931,Retail
pharma-b,P016,South,Karnataka,2,Q1,729,694737,624181,Hospital
pharma-b,P019,South,Maharashtra,11,Q4,3668,1346156,1354000,Online
pharma-a,P019,East,Tamil Nadu,12,Q4,7675,2601825,2803111,Retail
pharma-a,P004,South,Gujarat,11,Q4,5717,2961406,2543098,Retail
pharma-b,P001,West,Gujarat,9,Q3,7523,3851776,4060633,Hospital
pharma-b,P016,North,Tamil Nadu,8,Q3,4365,2243610,2255912,Retail
pharma-a,P012,North,Tamil Nadu,9,Q3,2853,530658,555956,Retail
pharma-a,P008,East,Delhi,11,Q4,3108,584304,670573,Distributor
pharma-a,P011,West,Maharashtra,11,Q4,4840,2487760,2539578,Hospital
pharma-a,P003,South,Delhi,10,Q4,7019,3979773,4284181,Hospital
pharma-b,P008,West,Gujarat,10,Q4,9377,3703915,4018765,Hospital
pharma-a,P005,North,Delhi,1,Q1,4265,3318170,3658379,Online
pharma-b,P017,East,Karnataka,5,Q2,6033,5827878,6239485,Hospital
pharma-a,P010,East,Tamil Nadu,11,Q4,9440,5843360,5769532,Hospital
pharma-b,P003,East,Karnataka,4,Q2,9412,4809532,4733896,Online
pharma-a,P018,South,Maharashtra,10,Q4,7905,3011805,2903785,Hospital
pharma-a,P015,West,Gujarat,9,Q3,8568,4224024,4277217,Online
pharma-b,P005,South,Delhi,9,Q3,9950,2985000,2979543,Hospital
pharma-b,P017,North,Tamil Nadu,11,Q4,3551,2833698,2940131,Retail
pharma-b,P002,East,Maharashtra,11,Q4,6404,5590692,6420025,Online
pharma-b,P015,North,Maharashtra,11,Q4,2545,689695,644091,Retail
pharma-b,P012,East,Delhi,3,Q1,9078,4557156,4503407,Online
pharma-a,P005,East,Gujarat,5,Q2,3542,2667126,2464390,Retail
pharma-b,P013,South,Karnataka,9,Q3,9881,2025605,1928489,Retail
pharma-b,P003,East,Karnataka,9,Q3,6035,5063365,5806739,Online
pharma-a,P011,West,Karnataka,10,Q4,3315,1700595,1928167,Retail
pharma-a,P011,East,Maharashtra,4,Q2,8765,1823120,1855899,Online
pharma-b,P012,North,Tamil Nadu,9,Q3,4806,2378970,2699829,Distributor
pharma-a,P020,East,Tamil Nadu,11,Q4,5207,4915408,4564015,Hospital
pharma-a,P010,North,Gujarat,10,Q4,1720,1637440,1447429,Online
pharma-b,P006,North,Karnataka,9,Q3,5965,4145675,3817359,Hospital
pharma-a,P012,South,Tamil Nadu,5,Q2,1945,842185,790049,Hospital
pharma-b,P011,South,Maharashtra,4,Q2,3342,1584108,1640841,Retail
pharma-b,P016,North,Karnataka,7,Q3,7829,7601959,7185341,Hospital
pharma-b,P005,North,Delhi,2,Q1,1076,961944,919770,Online
pharma-b,P020,North,Gujarat,9,Q3,8247,5558478,4824996,Retail
pharma-b,P001,East,Delhi,3,Q1,4350,4193400,4211334,Distributor
pharma-b,P006,South,Delhi,9,Q3,7514,3952364,3428718,Distributor
pharma-b,P015,West,Delhi,5,Q2,3245,782045,780335,Distributor
pharma-b,P009,East,Gujarat,7,Q3,6459,5909985,6560308,Distributor
pharma-a,P017,South,Delhi,10,Q4,2444,449696,491843,Online
pharma-b,P001,South,Maharashtra,1,Q1,1202,311318,339488,Distributor
pharma-a,P019,South,Maharashtra,4,Q2,2648,2007184,2234420,Hospital
pharma-b,P011,North,Karnataka,1,Q1,5808,2601984,2586785,Retail
pharma-b,P018,South,Maharashtra,5,Q2,5468,2137988,2363196,Online
pharma-b,P019,West,Karnataka,8,Q3,4138,2205554,2171811,Online
pharma-b,P014,South,Maharashtra,3,Q1,6501,6279966,6308817,Retail
pharma-b,P010,South,Maharashtra,9,Q3,4078,3768072,4122535,Hospital
pharma-a,P007,North,Karnataka,4,Q2,2846,2843154,3134151,Hospital
pharma-b,P020,North,Maharashtra,7,Q3,632,121344,122057,Online
pharma-b,P016,South,Karnataka,12,Q4,9556,5485144,5230096,Retail
pharma-b,P013,North,Tamil Nadu,3,Q1,3460,1584680,1575209,Distributor
pharma-b,P012,East,Tamil Nadu,3,Q1,6708,1730664,1918997,Hospital
pharma-b,P005,North,Gujarat,11,Q4,7931,3894121,4361008,Retail
pharma-a,P013,North,Gujarat,3,Q1,7701,1717323,1792243,Retail
pharma-a,P015,South,Karnataka,8,Q3,4059,2752002,2880297,Retail
pharma-a,P011,South,Karnataka,3,Q1,9947,6763960,7595199,Retail
pharma-b,P006,North,Tamil Nadu,6,Q2,1734,1309170,1231876,Retail
pharma-a,P006,East,Delhi,12,Q4,4506,4091448,4186703,Retail
pharma-b,P018,East,Delhi,7,Q3,2501,1500600,1601794,Online
pharma-b,P008,South,Tamil Nadu,5,Q2,4549,545880,557514,Distributor
pharma-b,P019,West,Gujarat,12,Q4,2408,683872,764556,Online
pharma-a,P006,South,Tamil Nadu,2,Q1,3155,492180,467242,Online
pharma-b,P004,South,Tamil Nadu,12,Q4,5855,1411055,1444741,Retail
pharma-a,P005,North,Maharashtra,3,Q1,6468,3272808,3497849,Hospital
pharma-a,P006,North,Maharashtra,5,Q2,9580,5748000,5931786,Online
pharma-b,P012,South,Delhi,11,Q4,8926,4150590,3757931,Online
pharma-a,P002,South,Maharashtra,5,Q2,5449,1858109,2093649,Hospital
pharma-b,P004,West,Maharashtra,6,Q2,3170,998550,1109990,Hospital
pharma-a,P005,South,Gujarat,12,Q4,6205,4833695,4143486,Distributor
pharma-a,P016,East,Gujarat,4,Q2,1428,1036728,1137264,Hospital
pharma-b,P016,North,Karnataka,11,Q4,8689,1694355,1749606,Hospital
pharma-a,P013,North,Karnataka,12,Q4,2986,650948,593777,Hospital
pharma-b,P014,West,Karnataka,1,Q1,2386,1717920,1857781,Hospital
pharma-a,P004,West,Tamil Nadu,2,Q1,2621,746985,644315,Hospital
pharma-b,P005,East,Gujarat,8,Q3,4574,1381348,1557670,Retail
pharma-a,P010,South,Tamil Nadu,7,Q3,6026,1886138,1906592,Retail
pharma-b,P010,North,Karnataka,5,Q2,3385,683770,599686,Hospital
pharma-b,P017,South,Delhi,1,Q1,9944,7756320,7352927,Retail
pharma-a,P020,East,Tamil Nadu,3,Q1,780,748800,821412,Retail
pharma-b,P012,West,Maharashtra,12,Q4,520,480480,542562,Distributor
pharma-a,P019,West,Maharashtra,2,Q1,4249,2396436,2122271,Distributor
pharma-a,P014,East,Gujarat,6,Q2,9341,4436975,4287052,Retail
pharma-a,P001,East,Maharashtra,12,Q4,3058,385308,343792,Online
pharma-a,P014,North,Delhi,10,Q4,3153,1860270,1710038,Online
pharma-b,P002,South,Gujarat,10,Q4,1507,833371,888083,Hospital
pharma-b,P014,North,Tamil Nadu,4,Q2,2629,602041,667063,Hospital
pharma-b,P011,East,Karnataka,11,Q4,624,204048,216364,Distributor
pharma-a,P008,North,Maharashtra,1,Q1,6450,3321750,3776752,Online
pharma-b,P014,East,Gujarat,2,Q1,6576,3636528,3734848,Distributor
pharma-b,P010,West,Karnataka,4,Q2,4616,2728056,3007609,Retail
pharma-b,P015,West,Maharashtra,2,Q1,1222,816296,708397,Hospital
pharma-a,P002,South,Maharashtra,12,Q4,7259,4841753,4449354,Online
pharma-b,P009,North,Tamil Nadu,3,Q1,7443,4674204,4032842,Hospital
pharma-a,P012,West,Maharashtra,3,Q1,999,988011,1053158,Distributor
pharma-a,P015,North,Karnataka,9,Q3,1195,619010,610275,Retail
pharma-a,P015,South,Delhi,2,Q1,1283,1195756,1328567,Distributor
pharma-b,P016,East,Karnataka,7,Q3,3366,727056,771565,Hospital
pharma-a,P019,West,Karnataka,6,Q2,9211,9026780,9102936,Distributor
pharma-b,P014,West,Gujarat,5,Q2,8629,1121770,1022345,Hospital
pharma-b,P007,South,Gujarat,7,Q3,3065,2887230,3155626,Online
pharma-b,P014,West,Tamil Nadu,3,Q1,1793,826573,847687,Retail
pharma-a,P016,North,Maharashtra,1,Q1,4858,2487296,2423723,Hospital
pharma-b,P011,North,Maharashtra,2,Q1,1328,739696,759338,Online
pharma-a,P009,North,Maharashtra,12,Q4,4803,3357297,3091350,Hospital
pharma-b,P019,North,Delhi,4,Q2,1577,668648,725708,Hospital
pharma-b,P020,North,Gujarat,5,Q2,8641,4355064,4725234,Online
pharma-a,P003,South,Tamil Nadu,10,Q4,7692,6161292,5459418,Online
pharma-b,P020,East,Maharashtra,7,Q3,6758,1358358,1215094,Online
pharma-b,P002,West,Tamil Nadu,10,Q4,4860,1720440,1582787,Retail
pharma-b,P014,South,Karnataka,12,Q4,8944,7021040,7212661,Distributor
pharma-a,P020,West,Maharashtra,2,Q1,4827,1298463,1447821,Retail
pharma-a,P007,West,Maharashtra,9,Q3,8048,7557072,8473162,Retail
pharma-a,P003,West,Maharashtra,3,Q1,949,707005,771324,Distributor
pharma-a,P018,North,Karnataka,6,Q2,9864,6165000,6341579,Online
pharma-a,P004,North,Tamil Nadu,1,Q1,9306,5723190,5939459,Distributor
pharma-a,P003,West,Delhi,5,Q2,9267,2233347,2006025,Hospital
pharma-b,P012,South,Gujarat,8,Q3,8804,4243528,4164175,Hospital
pharma-a,P002,North,Delhi,9,Q3,1267,668976,663819,Online
pharma-a,P006,South,Tamil Nadu,10,Q4,1894,768964,791036,Hospital
pharma-a,P006,West,Gujarat,5,Q2,3209,2291226,2408361,Retail
pharma-b,P013,West,Maharashtra,5,Q2,1206,846612,809693,Hospital
pharma-b,P003,West,Maharashtra,6,Q2,7498,1087210,1085368,Retail
pharma-a,P016,East,Gujarat,9,Q3,4172,1839852,1962863,Distributor
pharma-a,P015,West,Karnataka,5,Q2,1240,891560,1005562,Distributor
pharma-b,P013,South,Delhi,10,Q4,7533,949158,882425,Distributor
pharma-a,P003,West,Maharashtra,3,Q1,9688,4320848,3805210,Retail
pharma-a,P012,South,Tamil Nadu,5,Q2,9390,6188010,5491965,Retail
pharma-b,P018,West,Gujarat,12,Q4,8721,2904093,3003482,Online
pharma-a,P009,West,Tamil Nadu,3,Q1,9137,5071035,5226121,Hospital
pharma-b,P001,North,Maharashtra,5,Q2,1710,545490,627102,Hospital
pharma-a,P012,South,Karnataka,12,Q4,7174,1506540,1385707,Online
pharma-b,P001,East,Karnataka,4,Q2,1217,438120,414621,Hospital
pharma-b,P011,North,Karnataka,6,Q2,5061,4392948,4132123,Retail
pharma-b,P004,North,Tamil Nadu,6,Q2,1017,1009881,916946,Distributor
pharma-b,P001,West,Tamil Nadu,2,Q1,8201,7159473,7675675,Hospital
pharma-a,P009,North,Gujarat,9,Q3,546,538902,522848,Retail
pharma-a,P009,North,Tamil Nadu,5,Q2,7278,4577862,5055503,Hospital
pharma-a,P011,South,Tamil Nadu,11,Q4,6669,2474199,2508279,Retail
pharma-b,P020,West,Delhi,9,Q3,6744,4585920,4327756,Hospital
pharma-b,P011,East,Delhi,11,Q4,1307,278391,246998,Retail
pharma-a,P002,West,Delhi,4,Q2,6750,5474250,4726174,Hospital
pharma-a,P016,North,Tamil Nadu,11,Q4,1513,502316,552425,Online
pharma-a,P014,East,Karnataka,7,Q3,2560,517120,519395,Distributor
pharma-b,P012,North,Tamil Nadu,8,Q3,625,93750,80384,Distributor
pharma-a,P010,East,Karnataka,1,Q1,5305,2572925,2957814,Distributor
pharma-b,P014,West,Tamil Nadu,1,Q1,5855,5316340,5213953,Retail
pharma-a,P010,East,Tamil Nadu,6,Q2,8528,7453472,7326232,Hospital
pharma-b,P010,East,Karnataka,4,Q2,8797,8128428,8393278,Online
pharma-a,P008,East,Delhi,7,Q3,6746,6084892,5410940,Retail
pharma-b,P011,East,Maharashtra,2,Q1,6996,5226012,4965759,Distributor
pharma-a,P002,North,Tamil Nadu,3,Q1,3559,786539,709829,Distributor
pharma-a,P015,West,Tamil Nadu,12,Q4,8265,3454770,3352408,Distributor
pharma-a,P013,North,Maharashtra,2,Q1,3397,1314639,1397122,Hospital
pharma-a,P012,East,Gujarat,9,Q3,6861,1104621,940955,Hospital
pharma-a,P016,West,Tamil Nadu,12,Q4,8602,5780544,5135178,Hospital
pharma-a,P019,East,Tamil Nadu,1,Q1,4976,2766656,2463632,Online
pharma-b,P006,West,Maharashtra,3,Q1,2317,620956,537773,Distributor
pharma-a,P016,East,Karnataka,7,Q3,6164,5011332,5144746,Online
pharma-a,P015,East,Karnataka,6,Q2,4837,3027962,2732579,Retail
pharma-a,P018,South,Gujarat,6,Q2,4648,2184560,2379149,Distributor
pharma-a,P002,West,Delhi,5,Q2,6519,2555448,2672135,Distributor
pharma-a,P007,North,Maharashtra,3,Q1,3671,943447,1066469,Online
pharma-b,P018,West,Gujarat,12,Q4,1890,1060290,1040692,Online
pharma-a,P008,East,Karnataka,8,Q3,3280,429680,389929,Online
pharma-a,P003,West,Delhi,12,Q4,706,543620,550616,Hospital
pharma-b,P008,North,Delhi,6,Q2,3684,489972,473305,Retail
pharma-b,P018,South,Delhi,10,Q4,4259,1865442,2060065,Distributor
pharma-a,P002,North,Gujarat,2,Q1,6993,3853143,3823285,Distributor
pharma-a,P014,East,Karnataka,5,Q2,4663,1678680,1888576,Distributor
pharma-b,P009,West,Maharashtra,9,Q3,3944,3703416,3742390,Distributor
pharma-a,P016,South,Tamil Nadu,12,Q4,9551,1996159,1706058,Distributor
pharma-a,P020,North,Karnataka,9,Q3,7979,4899106,4917466,Distributor
pharma-b,P020,West,Gujarat,9,Q3,8929,7991455,7164347,Hospital
pharma-b,P011,West,Gujarat,12,Q4,2676,2560932,2545060,Distributor
pharma-b,P005,East,Tamil Nadu,4,Q2,1096,1018184,892807,Online
pharma-b,P006,East,Karnataka,4,Q2,9621,7350444,6747084,Online
pharma-a,P017,South,Karnataka,10,Q4,2190,556260,635658,Online
pharma-a,P013,South,Gujarat,4,Q2,3324,2090796,2320951,Hospital
pharma-a,P006,South,Maharashtra,1,Q1,2416,277840,251593,Retail
pharma-a,P001,North,Gujarat,7,Q3,8058,4383552,4224958,Hospital
pharma-a,P017,West,Tamil Nadu,2,Q1,683,450780,394470,Distributor
pharma-a,P012,West,Maharashtra,5,Q2,1511,1270751,1169814,Distributor
pharma-b,P008,North,Gujarat,9,Q3,1276,1154780,1148747,Online
pharma-a,P007,East,Delhi,7,Q3,5683,5410216,5696331,Hospital
pharma-a,P001,South,Maharashtra,8,Q3,7123,2037178,1733745,Distributor
pharma-b,P019,West,Tamil Nadu,2,Q1,5929,711480,797484,Hospital
pharma-b,P014,West,Tamil Nadu,5,Q2,2007,351225,299915,Online
pharma-b,P010,North,Maharashtra,12,Q4,4183,1623004,1380325,Online
pharma-b,P004,West,Gujarat,10,Q4,4905,4365450,4520790,Hospital
pharma-a,P012,South,Tamil Nadu,7,Q3,9482,2910974,2731251,Retail
pharma-b,P018,West,Karnataka,7,Q3,8022,7243866,6190810,Retail
pharma-b,P018,North,Tamil Nadu,9,Q3,8451,7605900,7866855,Distributor
pharma-a,P012,West,Karnataka,6,Q2,7930,7644520,6675655,Online
pharma-b,P001,South,Karnataka,1,Q1,1925,452375,443094,Distributor
pharma-b,P017,South,Tamil Nadu,1,Q1,5459,982620,998330,Hospital
pharma-b,P005,North,Tamil Nadu,6,Q2,5998,3730756,3522976,Hospital
pharma-b,P016,West,Delhi,12,Q4,1978,1556686,1672481,Online
pharma-b,P013,South,Maharashtra,2,Q1,9377,7398453,8058175,Retail
pharma-b,P003,West,Karnataka,7,Q3,4862,1366222,1227981,Online
pharma-b,P017,North,Tamil Nadu,1,Q1,4830,4047540,4328533,Distributor
pharma-a,P004,East,Delhi,6,Q2,8464,8066192,8876864,Distributor
pharma-b,P017,South,Maharashtra,10,Q4,2818,645322,712028,Distributor
pharma-b,P001,North,Maharashtra,2,Q1,7042,2281608,2572746,Distributor
pharma-b,P009,North,Tamil Nadu,3,Q1,3961,3751067,3341464,Online
pharma-a,P017,South,Gujarat,10,Q4,5875,4923250,5492592,Distributor
pharma-a,P002,North,Tamil Nadu,9,Q3,8965,2572955,2311221,Distributor
pharma-b,P008,North,Karnataka,7,Q3,1687,840126,951425,Distributor
pharma-a,P016,North,Maharashtra,6,Q2,9715,7344540,7780838,Hospital
pharma-a,P004,East,Maharashtra,10,Q4,3416,3293024,3257283,Hospital
pharma-a,P011,South,Tamil Nadu,2,Q1,1214,1045254,1002208,Online
pharma-a,P019,South,Karnataka,1,Q1,1037,594201,517705,Online
pharma-b,P001,North,Tamil Nadu,5,Q2,1919,1915162,1917563,Distributor
pharma-b,P010,South,Karnataka,10,Q4,9050,5239950,5103508,Retail
pharma-b,P012,South,Gujarat,5,Q2,5071,2956393,3192305,Online
pharma-a,P020,South,Tamil Nadu,4,Q2,5593,5201490,5261442,Retail
pharma-a,P002,East,Delhi,1,Q1,3018,1388280,1502681,Online
pharma-a,P006,North,Tamil Nadu,5,Q2,3995,3603490,3917715,Distributor
pharma-b,P009,South,Delhi,3,Q1,7392,4745664,4119913,Distributor
pharma-b,P002,West,Tamil Nadu,4,Q2,9477,3070548,3521666,Distributor
pharma-b,P018,South,Gujarat,5,Q2,3397,1443725,1573747,Online
pharma-b,P013,South,Gujarat,1,Q1,5920,2616640,2265805,Online
pharma-b,P002,West,Delhi,8,Q3,5997,2758620,2411084,Online
pharma-a,P007,South,Maharashtra,10,Q4,1057,690221,780691,Distributor
pharma-a,P002,West,Delhi,12,Q4,951,743682,853028,Hospital
pharma-a,P004,North,Maharashtra,8,Q3,8815,4381055,3848434,Hospital
pharma-a,P011,East,Tamil Nadu,11,Q4,6874,1065470,1125158,Retail
pharma-a,P001,West,Gujarat,6,Q2,4330,1827260,2001346,Distributor
pharma-a,P006,North,Maharashtra,11,Q4,2715,776490,761986,Distributor
pharma-b,P002,North,Karnataka,7,Q3,1331,239580,226607,Distributor
pharma-a,P006,East,Gujarat,5,Q2,7711,5767828,6443696,Distributor
pharma-a,P015,East,Maharashtra,8,Q3,2136,1886088,1853803,Retail
pharma-a,P015,North,Delhi,12,Q4,6499,4932741,4234339,Retail
pharma-a,P002,North,Tamil Nadu,5,Q2,4042,1661262,1797250,Hospital
pharma-a,P019,North,Maharashtra,5,Q2,6205,1420945,1607524,Retail
pharma-b,P002,East,Maharashtra,2,Q1,9392,3822544,3968023,Hospital
pharma-a,P011,South,Gujarat,6,Q2,6170,5417260,5823623,Distributor
pharma-b,P005,North,Delhi,7,Q3,1657,222038,192684,Online
pharma-a,P001,West,Gujarat,7,Q3,9470,1515200,1321415,Online
pharma-b,P016,East,Maharashtra,12,Q4,4458,2630220,2630972,Retail
pharma-a,P007,East,Delhi,10,Q4,6643,6523426,5985298,Hospital
pharma-b,P016,West,Tamil Nadu,3,Q1,5975,2599125,2215533,Retail
pharma-b,P001,North,Tamil Nadu,4,Q2,6717,2821140,2613874,Online
pharma-a,P010,North,Tamil Nadu,9,Q3,4674,1346112,1379271,Retail
pharma-a,P008,South,Delhi,6,Q2,2060,352260,301030,Hospital
pharma-a,P014,North,Delhi,4,Q2,592,445184,480483,Online
pharma-b,P008,North,Karnataka,2,Q1,1948,960364,929415,Retail
pharma-a,P020,North,Delhi,11,Q4,5980,3390660,3221889,Online
pharma-b,P019,South,Maharashtra,3,Q1,7438,3116522,2805636,Hospital
pharma-a,P008,West,Karnataka,1,Q1,2817,1600056,1537674,Retail
pharma-a,P009,West,Tamil Nadu,1,Q1,2565,259065,290722,Hospital
pharma-a,P012,South,Karnataka,12,Q4,9523,1009438,912814,Online
pharma-a,P004,South,Maharashtra,6,Q2,9092,8219168,7293261,Online
pharma-a,P012,North,Tamil Nadu,2,Q1,2336,1436640,1409285,Distributor
pharma-b,P018,North,Gujarat,6,Q2,9822,8515674,8423066,Online
pharma-a,P004,West,Gujarat,9,Q3,1228,1013100,876436,Distributor
pharma-a,P016,South,Maharashtra,9,Q3,6651,4808673,5447175,Online
pharma-a,P017,East,Delhi,5,Q2,1375,1062875,934046,Retail
pharma-a,P016,South,Maharashtra,1,Q1,3410,2264240,2069799,Distributor
pharma-a,P008,South,Karnataka,1,Q1,4628,879320,820605,Online
pharma-b,P007,South,Gujarat,12,Q4,2297,383599,374560,Distributor
pharma-a,P001,South,Maharashtra,3,Q1,1091,817159,745540,Hospital
pharma-b,P005,South,Karnataka,3,Q1,7691,4683819,4485939,Retail
pharma-a,P008,East,Karnataka,1,Q1,2640,1623600,1425620,Distributor
pharma-a,P014,East,Tamil Nadu,4,Q2,547,436506,499933,Hospital
pharma-b,P020,South,Tamil Nadu,8,Q3,8030,3725920,3611776,Hospital
pharma-a,P005,North,Maharashtra,11,Q4,3152,2244224,1967954,Hospital
pharma-b,P010,West,Gujarat,1,Q1,3107,2162472,2324056,Retail
pharma-a,P001,East,Karnataka,12,Q4,9367,8804980,8213036,Online
pharma-b,P006,South,Gujarat,2,Q1,3826,845546,825202,Hospital
pharma-a,P012,West,Gujarat,6,Q2,7343,7056623,8050998,Online
pharma-b,P002,West,Karnataka,12,Q4,6955,1780480,1558336,Online
pharma-b,P012,North,Delhi,10,Q4,5201,4665297,5033482,Distributor
pharma-b,P002,West,Tamil Nadu,7,Q3,3716,2976516,2803434,Retail
pharma-a,P019,West,Delhi,1,Q1,5452,4154424,4284688,Retail
pharma-b,P007,South,Karnataka,7,Q3,2706,1472064,1640790,Hospital
pharma-a,P010,South,Delhi,4,Q2,7232,5648192,5033858,Distributor
pharma-b,P009,South,Maharashtra,11,Q4,8932,8664040,8698448,Hospital
pharma-b,P020,North,Gujarat,7,Q3,2916,2198664,2027235,Distributor
pharma-a,P020,West,Delhi,4,Q2,3793,2552689,2429268,Retail
pharma-a,P010,West,Karnataka,6,Q2,1443,682539,689015,Retail
pharma-a,P009,South,Maharashtra,12,Q4,4446,795834,695245,Distributor
pharma-b,P013,North,Delhi,12,Q4,4875,2330250,2584410,Online
pharma-b,P016,East,Tamil Nadu,7,Q3,4895,4106905,4442137,Distributor
pharma-a,P012,South,Tamil Nadu,6,Q2,9745,5681335,6518414,Distributor
pharma-b,P013,West,Maharashtra,7,Q3,3918,1516266,1346356,Retail
pharma-b,P010,East,Maharashtra,9,Q3,629,431494,409751,Distributor
pharma-a,P011,South,Tamil Nadu,10,Q4,2836,1219480,1324304,Distributor
pharma-b,P013,East,Tamil Nadu,3,Q1,2348,2284604,2574272,Hospital
pharma-b,P009,South,Karnataka,6,Q2,2444,909168,822322,Hospital
pharma-b,P002,East,Gujarat,10,Q4,3701,1306453,1421148,Retail
pharma-b,P004,East,Delhi,5,Q2,3997,3337495,3647474,Online
pharma-b,P008,West,Karnataka,2,Q1,796,103480,104540,Hospital
pharma-b,P017,East,Karnataka,3,Q1,2470,447070,429414,Online
pharma-a,P018,East,Delhi,3,Q1,3926,1849146,2024248,Distributor
pharma-a,P014,West,Delhi,5,Q2,8660,1290340,1140310,Retail
pharma-a,P001,West,Delhi,12,Q4,2918,954186,1070101,Online
pharma-b,P005,West,Tamil Nadu,11,Q4,5807,2996412,2716217,Online
pharma-a,P004,East,Maharashtra,11,Q4,1264,1113584,1156779,Distributor
pharma-a,P015,North,Maharashtra,6,Q2,5832,4455648,4481237,Hospital
pharma-a,P001,South,Tamil Nadu,11,Q4,3419,2892474,2569694,Distributor
pharma-a,P011,West,Karnataka,2,Q1,7470,948690,978350,Retail
pharma-a,P007,West,Gujarat,11,Q4,1922,1164732,1337154,Hospital
pharma-a,P004,South,Tamil Nadu,10,Q4,6166,2830194,3007806,Online
pharma-a,P001,South,Gujarat,12,Q4,8440,7612880,7033078,Retail
pharma-b,P020,East,Karnataka,4,Q2,2930,799890,716087,Online
pharma-a,P020,South,Gujarat,10,Q4,3355,338855,317235,Online
pharma-a,P012,South,Karnataka,4,Q2,7434,3992058,3497570,Distributor
pharma-a,P016,West,Maharashtra,1,Q1,9531,5432670,4692025,Retail
pharma-b,P020,West,Maharashtra,9,Q3,3095,2937155,3248675,Online
pharma-a,P004,North,Tamil Nadu,2,Q1,3055,1542775,1357538,Retail
pharma-a,P003,West,Tamil Nadu,12,Q4,4794,3096924,3430954,Online
pharma-b,P007,East,Tamil Nadu,5,Q2,2646,656208,599082,Retail
pharma-a,P005,South,Gujarat,1,Q1,2238,1951536,2014430,Distributor
pharma-a,P012,South,Karnataka,3,Q1,6295,3235630,2805769,Retail
pharma-b,P007,East,Maharashtra,7,Q3,4468,4258004,4765245,Online
pharma-a,P003,North,Gujarat,1,Q1,4949,2504194,2642180,Online
pharma-b,P004,South,Maharashtra,8,Q3,5665,1892110,2094625,Distributor
pharma-a,P018,East,Karnataka,1,Q1,1675,544375,589248,Retail
pharma-b,P002,East,Tamil Nadu,4,Q2,9853,9340644,9957393,Distributor
pharma-b,P003,East,Delhi,8,Q3,1237,581390,549719,Hospital
pharma-a,P003,East,Maharashtra,7,Q3,4885,845105,737986,Distributor
pharma-b,P014,East,Maharashtra,10,Q4,1996,1377240,1468508,Retail
pharma-b,P015,West,Delhi,3,Q1,1486,873768,953305,Retail
pharma-a,P009,South,Tamil Nadu,3,Q1,744,127968,132680,Online
pharma-a,P005,North,Karnataka,5,Q2,1700,520200,531369,Online
pharma-b,P015,West,Tamil Nadu,1,Q1,9779,6209665,6162284,Hospital
pharma-a,P014,West,Tamil Nadu,4,Q2,1809,1658853,1709585,Retail
pharma-a,P015,West,Maharashtra,8,Q3,6056,4917472,5030734,Online
pharma-b,P012,South,Karnataka,11,Q4,9866,8040790,8506276,Retail
pharma-a,P020,North,Tamil Nadu,6,Q2,5558,1622936,1394529,Distributor
pharma-a,P008,North,Karnataka,1,Q1,3097,690631,708468,Distributor
pharma-a,P012,West,Tamil Nadu,5,Q2,5133,3469908,3615731,Distributor
pharma-b,P001,North,Maharashtra,3,Q1,7395,4984230,4930799,Distributor
pharma-b,P018,West,Tamil Nadu,7,Q3,5378,3689308,3631562,Online
pharma-b,P003,West,Karnataka,7,Q3,6194,3319984,3509846,Hospital
pharma-b,P011,North,Maharashtra,7,Q3,4502,2075422,1960070,Retail
pharma-b,P007,North,Gujarat,12,Q4,6826,2580228,2630578,Retail
pharma-b,P015,North,Maharashtra,11,Q4,9764,7469460,7151470,Online
pharma-a,P011,South,Maharashtra,12,Q4,6577,4649939,4602442,Hospital
pharma-a,P012,East,Maharashtra,3,Q1,9167,2420088,2392987,Retail
pharma-b,P010,South,Maharashtra,6,Q2,5251,3344887,3466070,Distributor
pharma-b,P012,East,Tamil Nadu,11,Q4,7620,2689860,2527287,Distributor
pharma-b,P010,South,Delhi,12,Q4,4717,4264168,3717920,Distributor
pharma-a,P013,South,Gujarat,4,Q2,4734,1808388,1850877,Distributor
pharma-a,P019,East,Tamil Nadu,5,Q2,781,498278,537004,Retail
pharma-a,P008,North,Gujarat,6,Q2,8700,4611000,4096832,Online
pharma-a,P019,East,Maharashtra,4,Q2,3083,635098,724139,Online
pharma-a,P002,South,Maharashtra,8,Q3,1210,713900,676810,Distributor
pharma-a,P010,West,Delhi,6,Q2,8243,7575317,7769862,Retail
pharma-a,P008,North,Maharashtra,5,Q2,5057,3438760,3369473,Distributor
pharma-b,P003,South,Gujarat,4,Q2,9782,1516210,1663112,Retail
pharma-b,P004,South,Maharashtra,4,Q2,8060,3554460,3936711,Distributor
pharma-b,P007,East,Gujarat,6,Q2,8222,838644,852576,Online
pharma-a,P019,South,Maharashtra,5,Q2,6406,4259990,4002275,Distributor
pharma-b,P013,West,Karnataka,2,Q1,1687,553336,625471,Distributor
pharma-a,P007,East,Karnataka,4,Q2,7174,1872414,2115521,Retail
pharma-a,P008,South,Delhi,8,Q3,5296,1519952,1412851,Retail
pharma-a,P001,East,Karnataka,11,Q4,7885,6552435,6708603,Online
pharma-a,P002,East,Karnataka,10,Q4,5097,2497530,2687289,Hospital
pharma-a,P003,West,Tamil Nadu,5,Q2,1555,895680,832130,Hospital
pharma-b,P007,East,Maharashtra,3,Q1,4241,2752409,2995121,Distributor
pharma-a,P006,South,Gujarat,10,Q4,5092,2708944,2620234,Retail
pharma-b,P011,South,Karnataka,4,Q2,2686,1697552,1949137,Retail
pharma-a,P005,North,Karnataka,6,Q2,7074,4859838,5576430,Retail
pharma-a,P001,South,Maharashtra,4,Q2,3732,1339788,1302927,Online
pharma-a,P004,West,Tamil Nadu,6,Q2,675,369900,409394,Retail
pharma-b,P020,East,Delhi,4,Q2,1428,395556,369211,Distributor
pharma-a,P002,North,Karnataka,4,Q2,9611,8534568,7915765,Online
pharma-a,P008,North,Karnataka,5,Q2,2659,390873,347140,Distributor
pharma-b,P003,North,Maharashtra,8,Q3,3171,846657,887783,Retail
pharma-b,P002,East,Maharashtra,8,Q3,7276,6919476,6419080,Online
pharma-a,P016,West,Delhi,5,Q2,7281,1514448,1570012,Retail
pharma-b,P002,West,Delhi,11,Q4,9373,3111836,3146212,Online
pharma-a,P016,South,Delhi,9,Q3,1550,440200,394712,Hospital
pharma-b,P013,West,Gujarat,5,Q2,4673,2892587,3087582,Retail
pharma-a,P016,South,Karnataka,8,Q3,9894,8775978,9935693,Retail
pharma-a,P005,North,Maharashtra,1,Q1,2453,1577279,1557353,Hospital
pharma-a,P012,West,Gujarat,1,Q1,1711,966715,1069686,Online
pharma-b,P002,South,Gujarat,3,Q1,6275,1292650,1326681,Distributor
pharma-b,P006,East,Maharashtra,8,Q3,2171,599196,540864,Online
pharma-b,P009,South,Karnataka,9,Q3,7944,2271984,2042661,Distributor
pharma-b,P005,South,Maharashtra,7,Q3,3386,1642210,1730459,Distributor
pharma-b,P007,South,Maharashtra,12,Q4,9340,8742240,7943641,Distributor
pharma-b,P010,West,Maharashtra,5,Q2,8728,8378880,8425546,Distributor
pharma-a,P009,West,Maharashtra,3,Q1,669,655620,630875,Online
pharma-b,P003,East,Karnataka,11,Q4,7843,4768544,4421458,Retail
pharma-b,P014,South,Karnataka,10,Q4,5686,2979464,2740962,Retail
pharma-b,P016,West,Delhi,3,Q1,3121,1457507,1486907,Hospital
pharma-b,P003,West,Delhi,9,Q3,1871,458395,500959,Retail
pharma-a,P012,South,Karnataka,10,Q4,5183,1135077,989106,Online
pharma-a,P002,South,Gujarat,6,Q2,5674,4964750,5210267,Online
pharma-a,P014,South,Tamil Nadu,11,Q4,3025,2302025,2238907,Distributor
pharma-a,P002,West,Tamil Nadu,2,Q1,5992,4667768,4330580,Hospital
pharma-b,P004,South,Karnataka,12,Q4,2252,738656,772937,Hospital
pharma-a,P009,South,Karnataka,2,Q1,1871,525751,581034,Hospital
pharma-a,P003,East,Delhi,9,Q3,2345,1941660,1867385,Retail
pharma-b,P018,West,Gujarat,8,Q3,7077,2866185,3204649,Hospital
pharma-a,P017,East,Delhi,9,Q3,9302,1479018,1429972,Distributor
pharma-a,P001,North,Tamil Nadu,3,Q1,9839,6041146,6794294,Online
pharma-b,P017,West,Karnataka,6,Q2,9032,3928920,4254161,Online
pharma-b,P010,West,Delhi,12,Q4,2445,1735950,1702278,Retail
pharma-a,P010,South,Maharashtra,10,Q4,2808,2336256,2637746,Retail
pharma-a,P003,South,Karnataka,1,Q1,5507,4438642,3858019,Distributor
pharma-a,P020,East,Gujarat,4,Q2,2347,910636,974218,Hospital
pharma-a,P016,West,Karnataka,7,Q3,5049,3478761,3677733,Hospital
pharma-a,P017,South,Maharashtra,12,Q4,9503,1140360,988810,Online
pharma-b,P014,North,Karnataka,12,Q4,534,87042,74126,Retail
pharma-a,P018,East,Karnataka,9,Q3,6988,2047484,2276577,Hospital
pharma-b,P002,East,Karnataka,5,Q2,4502,2890284,3236376,Hospital
pharma-b,P018,South,Tamil Nadu,10,Q4,3300,2557500,2771066,Hospital
pharma-a,P015,West,Gujarat,12,Q4,7581,2024127,2220043,Online
pharma-a,P008,South,Gujarat,4,Q2,8718,6311832,7055915,Retail
pharma-a,P016,West,Maharashtra,9,Q3,6008,4506000,3984265,Online
pharma-a,P013,West,Maharashtra,4,Q2,7611,5061315,4764776,Hospital
pharma-a,P003,South,Karnataka,11,Q4,8787,7996170,7173007,Retail
pharma-a,P004,South,Delhi,3,Q1,8054,6878116,7084638,Hospital
pharma-b,P011,North,Tamil Nadu,8,Q3,8577,4237038,3722202,Hospital
pharma-b,P012,South,Maharashtra,11,Q4,9318,5916930,5207699,Distributor
pharma-a,P003,South,Tamil Nadu,10,Q4,7784,4039896,3575443,Hospital
pharma-b,P019,West,Gujarat,9,Q3,4546,2973084,3145028,Distributor
pharma-b,P006,North,Karnataka,12,Q4,6902,3347470,3215552,Online
pharma-b,P006,East,Gujarat,2,Q1,2766,1192146,1173626,Distributor
pharma-a,P011,East,Karnataka,10,Q4,4970,3911390,3835300,Hospital
pharma-b,P010,South,Gujarat,10,Q4,868,481740,448227,Online
pharma-a,P020,West,Tamil Nadu,10,Q4,5489,900196,971618,Online
pharma-b,P001,North,Gujarat,10,Q4,7992,3308688,3493314,Online
pharma-b,P018,East,Gujarat,10,Q4,5156,2655340,2476741,Retail
pharma-b,P004,West,Tamil Nadu,4,Q2,5234,5019406,4956666,Distributor
pharma-a,P013,North,Tamil Nadu,5,Q2,9244,1183232,1099892,Distributor
pharma-a,P020,South,Gujarat,7,Q3,662,287308,327374,Hospital
pharma-a,P006,West,Karnataka,8,Q3,1140,576840,559571,Hospital
pharma-a,P018,South,Delhi,9,Q3,4639,2166413,2179465,Retail
pharma-a,P018,South,Maharashtra,6,Q2,8404,3462448,3635664,Retail
pharma-b,P009,North,Gujarat,6,Q2,7315,7212590,6642569,Retail
pharma-b,P012,North,Maharashtra,1,Q1,3987,586089,617677,Online
pharma-b,P004,East,Karnataka,1,Q1,6356,3152576,2956596,Distributor
pharma-a,P015,East,Tamil Nadu,8,Q3,9830,1503990,1505187,Online
pharma-a,P004,West,Karnataka,7,Q3,1072,140432,124127,Retail
pharma-b,P012,North,Maharashtra,4,Q2,4946,1988292,1870793,Distributor
pharma-a,P020,North,Tamil Nadu,8,Q3,4993,3899533,3715799,Online
pharma-b,P012,South,Delhi,1,Q1,6690,1639050,1780367,Retail
pharma-a,P011,East,Gujarat,10,Q4,7646,7592478,7541654,Distributor
pharma-b,P006,South,Karnataka,2,Q1,629,276131,254254,Distributor
pharma-b,P001,East,Tamil Nadu,5,Q2,8370,4168260,3922633,Distributor
pharma-b,P012,South,Gujarat,7,Q3,5845,1601530,1407611,Retail
pharma-a,P011,North,Tamil Nadu,2,Q1,2747,1082318,1028099,Distributor
pharma-a,P004,South,Gujarat,1,Q1,554,475332,439559,Retail
pharma-a,P003,North,Tamil Nadu,4,Q2,2845,2128060,2428059,Online
pharma-a,P014,East,Gujarat,11,Q4,9438,8012862,7403197,Distributor
pharma-b,P011,East,Karnataka,3,Q1,5501,1507274,1589240,Distributor
pharma-a,P011,North,Tamil Nadu,2,Q1,8730,3797550,3785306,Hospital
pharma-b,P003,North,Delhi,1,Q1,9168,8911296,9276833,Distributor
pharma-b,P020,North,Delhi,8,Q3,7940,3287160,3059601,Retail
pharma-b,P007,East,Karnataka,5,Q2,7682,7635908,7702167,Distributor
pharma-a,P015,North,Delhi,10,Q4,5419,4438161,4845288,Online
pharma-a,P009,East,Gujarat,4,Q2,1100,485100,446005,Hospital
pharma-a,P007,North,Gujarat,4,Q2,7402,1369370,1522950,Hospital
pharma-a,P008,South,Tamil Nadu,1,Q1,8904,5208840,5218259,Retail
pharma-a,P012,South,Tamil Nadu,9,Q3,8285,2493785,2126931,Online
pharma-a,P011,North,Delhi,3,Q1,2502,1388610,1468389,Online
pharma-b,P007,East,Karnataka,8,Q3,8886,1341786,1181386,Hospital
pharma-b,P014,West,Karnataka,5,Q2,5074,5023260,4844707,Hospital
pharma-b,P015,West,Karnataka,10,Q4,7012,4922424,5560580,Distributor
pharma-a,P007,West,Karnataka,10,Q4,9930,3604590,4024876,Online
pharma-b,P011,North,Gujarat,10,Q4,9922,6935478,7539481,Hospital
pharma-a,P002,East,Tamil Nadu,4,Q2,9960,1165320,1176259,Retail
pharma-b,P006,North,Maharashtra,9,Q3,7210,5616590,5653772,Distributor
pharma-a,P010,West,Delhi,12,Q4,8931,7993245,8033297,Online
pharma-b,P015,South,Gujarat,6,Q2,8532,3719952,3870732,Distributor
pharma-a,P017,North,Gujarat,1,Q1,3435,845010,736373,Online
pharma-a,P005,East,Gujarat,9,Q3,3572,2693288,2780902,Online
pharma-a,P015,North,Delhi,10,Q4,9169,3722614,4187089,Distributor
pharma-b,P004,East,Karnataka,7,Q3,8632,7578896,8428903,Online
pharma-a,P003,South,Karnataka,11,Q4,986,309604,312219,Distributor
pharma-b,P018,North,Maharashtra,10,Q4,4526,3276824,3754655,Online
pharma-a,P009,East,Gujarat,1,Q1,871,744705,810595,Retail
pharma-a,P015,West,Gujarat,1,Q1,6568,2778264,2484718,Online
pharma-b,P019,South,Karnataka,6,Q2,1965,1459995,1604122,Distributor
pharma-a,P015,North,Delhi,4,Q2,2573,2030097,1965883,Hospital
pharma-a,P019,South,Gujarat,2,Q1,670,237180,269805,Retail
pharma-b,P010,South,Delhi,6,Q2,2486,867614,925789,Hospital
pharma-a,P017,East,Gujarat,2,Q1,8729,7279986,6456656,Distributor
pharma-b,P002,South,Delhi,4,Q2,8053,2504483,2429694,Distributor
pharma-b,P007,West,Tamil Nadu,3,Q1,7706,1387080,1269330,Distributor
pharma-b,P019,South,Karnataka,6,Q2,4464,4093488,4239234,Hospital
pharma-b,P018,East,Tamil Nadu,2,Q1,6508,4867984,5533378,Online
pharma-a,P003,East,Tamil Nadu,7,Q3,4422,3086556,3074836,Retail
pharma-b,P012,North,Maharashtra,7,Q3,5254,1849408,1789979,Hospital
pharma-a,P017,South,Tamil Nadu,8,Q3,3477,1971459,1692402,Retail
pharma-b,P013,West,Maharashtra,6,Q2,4585,1843170,1664616,Hospital
pharma-b,P009,East,Maharashtra,12,Q4,7253,1291034,1110920,Hospital
pharma-b,P011,South,Delhi,9,Q3,5408,2806752,3083134,Hospital
pharma-b,P004,North,Karnataka,11,Q4,9678,6377802,5423470,Online
pharma-a,P001,East,Karnataka,8,Q3,7376,2308688,2254817,Hospital
pharma-b,P009,East,Tamil Nadu,2,Q1,9164,8000172,8189803,Distributor
pharma-a,P001,West,Gujarat,1,Q1,7354,4463878,4332816,Hospital
pharma-a,P006,East,Gujarat,9,Q3,7943,7013669,6528931,Distributor
pharma-b,P004,South,Delhi,9,Q3,7933,1895987,2092709,Hospital
pharma-b,P009,South,Maharashtra,11,Q4,7460,6900500,7009795,Hospital
pharma-a,P013,East,Maharashtra,4,Q2,5498,1720874,1767671,Hospital
pharma-b,P007,West,Tamil Nadu,11,Q4,6384,3983616,3651913,Retail
pharma-a,P013,East,Tamil Nadu,8,Q3,728,690872,639278,Retail
pharma-a,P020,North,Gujarat,2,Q1,6219,1847043,1854053,Online
pharma-a,P006,South,Tamil Nadu,3,Q1,6212,2298440,2496697,Hospital
pharma-b,P003,South,Karnataka,2,Q1,1070,899870,941004,Online
pharma-b,P005,North,Delhi,5,Q2,1586,190320,165003,Online
pharma-b,P004,South,Karnataka,5,Q2,6582,5917218,5456026,Hospital
pharma-a,P020,West,Gujarat,5,Q2,2118,1586382,1787977,Retail
pharma-b,P018,West,Maharashtra,10,Q4,9642,5650212,5058674,Online
pharma-b,P019,West,Karnataka,3,Q1,3407,1642174,1434338,Online
pharma-b,P005,South,Delhi,1,Q1,4842,4609584,5149007,Retail
pharma-a,P014,North,Maharashtra,9,Q3,1345,182920,166041,Online
pharma-b,P004,West,Karnataka,1,Q1,8280,927360,829795,Online
pharma-b,P006,North,Karnataka,1,Q1,1020,722160,686460,Retail
pharma-b,P014,South,Maharashtra,10,Q4,6404,1927604,1875136,Hospital
pharma-a,P011,West,Tamil Nadu,10,Q4,5628,731640,635048,Online
pharma-a,P005,East,Gujarat,1,Q1,925,848225,838401,Online
pharma-a,P007,North,Tamil Nadu,3,Q1,3125,609375,537924,Online
pharma-a,P017,West,Maharashtra,11,Q4,6887,4180409,3732104,Hospital
pharma-a,P009,East,Delhi,12,Q4,7176,6537336,5776144,Online
pharma-a,P019,South,Gujarat,2,Q1,8265,7884810,6716963,Distributor
pharma-b,P008,West,Maharashtra,3,Q1,4195,3679015,3459967,Retail
pharma-a,P012,South,Maharashtra,11,Q4,7009,806035,719967,Retail
pharma-a,P019,East,Maharashtra,3,Q1,778,542266,505109,Online
pharma-b,P006,West,Gujarat,1,Q1,3911,3089690,2795518,Distributor
pharma-b,P004,South,Karnataka,8,Q3,7200,1296000,1354920,Distributor
pharma-a,P005,East,Delhi,12,Q4,6383,4455334,4508864,Hospital
pharma-b,P002,South,Maharashtra,2,Q1,9920,7767360,6859604,Hospital
pharma-a,P014,West,Delhi,12,Q4,9279,4852917,4496663,Online
pharma-b,P005,South,Tamil Nadu,7,Q3,1463,159467,159476,Distributor
pharma-b,P015,East,Maharashtra,9,Q3,4280,2345440,2571210,Hospital
pharma-a,P019,North,Tamil Nadu,5,Q2,9793,2281769,1998204,Distributor
pharma-a,P002,West,Gujarat,12,Q4,9168,8645424,9341903,Retail
pharma-b,P020,South,Karnataka,6,Q2,4275,1645875,1665789,Online
pharma-b,P015,North,Gujarat,3,Q1,2421,796509,814211,Online
pharma-b,P009,West,Karnataka,3,Q1,659,179248,155905,Retail
pharma-a,P016,South,Maharashtra,6,Q2,5887,594587,662128,Retail
pharma-a,P002,North,Maharashtra,9,Q3,9003,4366455,4037224,Distributor
pharma-b,P015,South,Gujarat,2,Q1,579,59637,59926,Hospital
pharma-a,P009,North,Tamil Nadu,1,Q1,879,609147,692285,Hospital
pharma-b,P019,South,Karnataka,3,Q1,8601,2631906,2974437,Online
pharma-a,P013,North,Gujarat,12,Q4,6018,2449326,2481162,Hospital
pharma-b,P016,East,Tamil Nadu,4,Q2,1165,175915,150744,Distributor
pharma-a,P008,West,Maharashtra,2,Q1,4502,2503112,2189583,Hospital
pharma-a,P011,North,Gujarat,9,Q3,6551,5306310,4922883,Retail
pharma-b,P005,North,Karnataka,11,Q4,4756,4394544,4853155,Hospital
pharma-a,P012,South,Delhi,4,Q2,5050,2636100,2565807,Online
pharma-b,P013,East,Delhi,10,Q4,4978,4893374,4753064,Online
pharma-a,P002,North,Maharashtra,9,Q3,2760,1029480,1147222,Hospital
pharma-a,P018,North,Gujarat,3,Q1,2757,2117376,1941099,Online
pharma-b,P001,South,Tamil Nadu,3,Q1,1051,675793,644703,Hospital
pharma-b,P009,East,Karnataka,8,Q3,4225,3836300,4311321,Retail
pharma-b,P010,South,Karnataka,6,Q2,7945,929565,792478,Hospital
pharma-a,P020,North,Gujarat,3,Q1,9538,7802084,7408895,Hospital
pharma-b,P003,South,Delhi,6,Q2,9748,1150264,1076715,Online
pharma-a,P002,North,Tamil Nadu,10,Q4,3332,1079568,935569,Online
pharma-b,P001,North,Maharashtra,3,Q1,9700,3375600,3398255,Online
pharma-a,P001,North,Karnataka,4,Q2,2583,1759023,1883038,Online
pharma-a,P012,North,Karnataka,1,Q1,4833,3117285,3318658,Hospital
pharma-b,P014,West,Delhi,4,Q2,4736,1984384,1914038,Hospital
pharma-b,P006,South,Tamil Nadu,7,Q3,4084,3969648,4129243,Online
pharma-a,P004,North,Delhi,4,Q2,612,290088,290020,Retail
pharma-b,P016,South,Delhi,4,Q2,6229,4179659,4757834,Hospital
pharma-b,P014,South,Karnataka,6,Q2,2163,1875321,1976244,Online
pharma-a,P013,West,Maharashtra,9,Q3,6922,6693574,6529525,Online
pharma-b,P013,South,Karnataka,5,Q2,1754,1290944,1437848,Online
pharma-b,P017,East,Gujarat,5,Q2,8254,4770812,5242935,Retail
pharma-a,P007,East,Maharashtra,1,Q1,7263,1532493,1673302,Distributor
pharma-b,P010,South,Karnataka,4,Q2,5631,5540904,5161698,Retail
pharma-b,P002,East,Tamil Nadu,12,Q4,6699,4421340,3960230,Hospital
pharma-a,P003,East,Tamil Nadu,5,Q2,6337,1691979,1619351,Retail
pharma-a,P013,East,Delhi,11,Q4,1940,1714960,1521370,Online
pharma-a,P018,North,Gujarat,3,Q1,8095,2873725,2444840,Online
pharma-a,P010,South,Delhi,11,Q4,5210,3188520,3546684,Retail
pharma-a,P017,East,Gujarat,7,Q3,9295,1143285,1312401,Online
pharma-b,P001,East,Maharashtra,2,Q1,1216,347776,305115,Distributor
pharma-b,P007,East,Maharashtra,12,Q4,3555,1254915,1391646,Hospital
pharma-b,P002,East,Gujarat,12,Q4,9148,4885032,4158419,Retail
pharma-b,P005,North,Gujarat,7,Q3,1366,217194,197818,Hospital
pharma-a,P004,West,Gujarat,10,Q4,1310,238420,209056,Distributor
pharma-a,P001,South,Delhi,8,Q3,2413,834898,736447,Online
pharma-a,P019,West,Gujarat,7,Q3,1246,1120154,1203901,Online
pharma-a,P012,North,Gujarat,5,Q2,2114,1469230,1534470,Online
pharma-b,P012,North,Maharashtra,2,Q1,3875,2123500,2022034,Distributor
pharma-a,P004,North,Tamil Nadu,3,Q1,9644,6181804,6508195,Online
pharma-a,P016,South,Tamil Nadu,10,Q4,1421,1182272,1085336,Hospital
pharma-b,P004,West,Maharashtra,9,Q3,8888,1893144,2051712,Online
pharma-a,P005,South,Gujarat,10,Q4,6794,2425458,2411721,Hospital
pharma-a,P016,East,Karnataka,1,Q1,7830,7822170,7632620,Hospital
pharma-a,P006,East,Gujarat,1,Q1,9495,4510125,4894899,Online
pharma-a,P001,South,Delhi,11,Q4,5303,1580294,1721763,Retail
pharma-a,P013,South,Karnataka,2,Q1,6901,4823799,4155294,Online
pharma-b,P018,East,Tamil Nadu,5,Q2,7027,5495114,5449218,Online
pharma-b,P012,North,Tamil Nadu,10,Q4,2439,856089,876137,Distributor
pharma-a,P003,East,Maharashtra,12,Q4,2391,2290578,2226376,Distributor
pharma-a,P013,North,Maharashtra,8,Q3,658,211876,192656,Hospital
pharma-b,P006,East,Karnataka,12,Q4,2343,1719762,1739467,Retail
pharma-a,P010,East,Gujarat,2,Q1,4110,509640,434756,Hospital
pharma-b,P020,North,Maharashtra,6,Q2,4245,624015,557999,Distributor
pharma-a,P013,West,Delhi,12,Q4,9512,4727464,5008680,Online
pharma-a,P008,East,Karnataka,5,Q2,9510,1825920,1603233,Distributor
pharma-a,P004,East,Tamil Nadu,7,Q3,4752,4215024,4839216,Online
pharma-b,P004,East,Tamil Nadu,4,Q2,9540,4245300,4017265,Hospital
pharma-a,P018,North,Tamil Nadu,8,Q3,5898,5461548,4803672,Retail
pharma-b,P019,West,Gujarat,2,Q1,6092,2863240,2656740,Online
pharma-a,P020,West,Karnataka,4,Q2,6780,806820,722953,Distributor
pharma-b,P012,East,Tamil Nadu,8,Q3,8176,1994944,1717653,Hospital
pharma-b,P004,North,Tamil Nadu,4,Q2,1501,1419946,1419963,Hospital
pharma-b,P013,East,Tamil Nadu,9,Q3,4266,2525472,2650164,Hospital
pharma-a,P004,West,Delhi,5,Q2,4239,2721438,2326240,Retail
pharma-b,P010,North,Delhi,9,Q3,5813,4778286,4719539,Retail
pharma-b,P002,South,Gujarat,3,Q1,5944,2169560,2345670,Online
pharma-b,P005,West,Karnataka,9,Q3,8957,8536021,8024518,Hospital
pharma-b,P014,West,Delhi,3,Q1,668,371408,388422,Online
pharma-a,P005,West,Maharashtra,12,Q4,3883,1731818,1580238,Online
pharma-b,P014,South,Delhi,10,Q4,2554,824942,922231,Online
pharma-b,P020,North,Tamil Nadu,11,Q4,994,910504,845834,Online
pharma-a,P006,North,Delhi,6,Q2,4355,1589575,1354012,Hospital
pharma-a,P016,South,Gujarat,7,Q3,1873,814755,838264,Online
pharma-b,P009,North,Delhi,4,Q2,5770,3006170,2961286,Online
pharma-b,P016,East,Delhi,5,Q2,3101,1693146,1871199,Hospital
pharma-a,P017,East,Karnataka,3,Q1,8312,2618280,2901300,Retail
pharma-b,P007,South,Maharashtra,12,Q4,3384,944136,1069807,Retail
pharma-b,P004,North,Maharashtra,8,Q3,6578,5038748,5623757,Online
pharma-a,P016,North,Tamil Nadu,3,Q1,1437,1290426,1210882,Distributor
pharma-a,P010,East,Gujarat,7,Q3,9955,6630030,6098345,Distributor
pharma-a,P004,West,Gujarat,1,Q1,3896,2719408,3010230,Retail
pharma-a,P001,South,Tamil Nadu,10,Q4,9504,1083456,952029,Distributor
pharma-a,P013,East,Tamil Nadu,2,Q1,1492,793744,804785,Hospital
pharma-b,P015,North,Karnataka,2,Q1,7054,2102092,2067816,Hospital
pharma-b,P001,North,Delhi,10,Q4,3748,1173124,1062175,Online
pharma-a,P009,East,Tamil Nadu,10,Q4,4167,4054491,3583925,Online
pharma-a,P019,East,Tamil Nadu,7,Q3,4459,2978612,2536582,Retail
pharma-a,P013,East,Delhi,1,Q1,3060,1401480,1450159,Distributor
pharma-a,P020,South,Gujarat,4,Q2,2584,1480632,1569787,Online
pharma-a,P018,North,Karnataka,10,Q4,2431,2287571,2210445,Distributor
pharma-a,P010,West,Maharashtra,3,Q1,7552,6305920,6154164,Online
pharma-b,P006,West,Karnataka,9,Q3,5476,2540864,2904637,Online
pharma-b,P020,East,Maharashtra,8,Q3,509,314053,347891,Online
pharma-b,P001,West,Tamil Nadu,6,Q2,7263,7016058,7797023,Retail
pharma-a,P018,North,Maharashtra,10,Q4,3314,2349626,2029929,Retail
pharma-a,P012,East,Karnataka,10,Q4,1033,398738,369914,Hospital
pharma-a,P006,South,Delhi,4,Q2,4551,1415361,1276647,Retail
pharma-a,P012,North,Maharashtra,3,Q1,6631,5085977,5551894,Distributor
pharma-a,P004,South,Delhi,5,Q2,5883,5382945,5734849,Hospital
pharma-a,P013,East,Karnataka,10,Q4,3672,3205656,3470858,Retail
pharma-a,P010,South,Tamil Nadu,3,Q1,7491,1760385,1500152,Hospital
pharma-b,P019,South,Maharashtra,3,Q1,4914,4275180,3980478,Retail
pharma-a,P015,East,Gujarat,7,Q3,5629,5600855,5788587,Retail
pharma-a,P004,South,Karnataka,8,Q3,7077,2137254,1864916,Online
pharma-b,P019,East,Delhi,3,Q1,1574,181010,174707,Distributor
pharma-a,P019,South,Tamil Nadu,6,Q2,2102,1471400,1309151,Online
pharma-b,P003,South,Maharashtra,8,Q3,6601,2224537,2373056,Retail
pharma-b,P009,West,Delhi,3,Q1,8834,6572496,7396311,Distributor
pharma-b,P004,South,Maharashtra,10,Q4,7475,1666925,1641205,Retail
pharma-a,P001,South,Gujarat,5,Q2,5667,5638665,5025339,Hospital
pharma-a,P006,North,Maharashtra,6,Q2,4272,4186560,3975387,Hospital
pharma-b,P004,East,Karnataka,12,Q4,2786,562772,576597,Hospital
pharma-b,P008,North,Gujarat,8,Q3,8448,5955840,5886148,Retail
pharma-b,P015,South,Delhi,12,Q4,4617,4524660,4024176,Hospital
pharma-a,P009,East,Gujarat,2,Q1,3454,2946262,3324271,Hospital
pharma-b,P018,West,Tamil Nadu,1,Q1,7568,4571072,4754894,Retail
pharma-a,P008,South,Gujarat,10,Q4,9645,5208300,4980629,Distributor
pharma-a,P006,East,Tamil Nadu,12,Q4,9394,7336714,6874140,Online
pharma-b,P002,East,Gujarat,6,Q2,9139,5876377,5333585,Retail
pharma-b,P014,West,Karnataka,7,Q3,3316,391288,419420,Distributor
pharma-b,P016,South,Gujarat,3,Q1,6437,2652044,2989366,Distributor
pharma-b,P003,West,Karnataka,9,Q3,3105,856980,775626,Distributor
pharma-a,P004,South,Delhi,12,Q4,7147,1943984,2093826,Distributor
pharma-b,P006,West,Karnataka,10,Q4,4627,1314068,1371671,Hospital
pharma-a,P006,South,Delhi,2,Q1,5209,3557747,3636086,Hospital
pharma-a,P020,West,Tamil Nadu,3,Q1,7764,1086960,967735,Online
pharma-a,P009,East,Maharashtra,10,Q4,6419,3466260,3148270,Hospital
pharma-b,P010,North,Maharashtra,12,Q4,4294,3130326,2731088,Hospital
pharma-a,P008,East,Karnataka,9,Q3,3410,808170,725814,Online
pharma-a,P003,South,Tamil Nadu,1,Q1,1266,669714,763157,Retail
pharma-b,P016,North,Delhi,7,Q3,5103,2597427,2294227,Online
pharma-a,P016,West,Karnataka,7,Q3,5110,1650530,1753875,Distributor
pharma-a,P001,East,Karnataka,8,Q3,3342,1015968,946285,Hospital
pharma-b,P014,South,Karnataka,11,Q4,2323,720130,824485,Retail
pharma-b,P004,North,Gujarat,5,Q2,5138,4259402,3739525,Online
pharma-b,P005,South,Maharashtra,7,Q3,6217,2374894,2659830,Distributor
pharma-a,P007,West,Karnataka,8,Q3,8198,6345252,7096706,Distributor
pharma-b,P014,North,Tamil Nadu,12,Q4,3914,3557826,3292064,Distributor
pharma-a,P020,North,Delhi,7,Q3,1638,956592,907172,Distributor
pharma-a,P017,West,Maharashtra,2,Q1,8600,6312400,6531116,Retail
pharma-a,P010,South,Maharashtra,3,Q1,5202,3500946,3206018,Distributor
pharma-b,P009,North,Tamil Nadu,3,Q1,4088,1533000,1461876,Distributor
pharma-a,P017,West,Gujarat,5,Q2,7850,5361550,5781126,Hospital
pharma-a,P012,East,Gujarat,6,Q2,4192,2041504,2251003,Retail
pharma-b,P018,North,Delhi,12,Q4,8161,2260597,2055691,Online
pharma-b,P003,North,Maharashtra,10,Q4,6052,2009264,2009782,Distributor
pharma-b,P016,East,Karnataka,2,Q1,6903,5819229,5432588,Distributor
pharma-a,P002,South,Tamil Nadu,9,Q3,1772,652096,685736,Hospital
pharma-b,P016,West,Maharashtra,5,Q2,4139,2342674,2346320,Distributor
pharma-b,P007,West,Maharashtra,7,Q3,6646,1222864,1238357,Online
pharma-b,P014,East,Tamil Nadu,8,Q3,2652,2108340,2346691,Retail
pharma-b,P018,North,Delhi,11,Q4,5364,4344840,3806681,Distributor
pharma-a,P002,South,Tamil Nadu,8,Q3,3235,2232150,2461920,Hospital
pharma-b,P011,North,Tamil Nadu,11,Q4,9709,4796246,4106210,Retail
pharma-b,P014,West,Maharashtra,6,Q2,1098,365634,388217,Online
pharma-b,P014,South,Karnataka,1,Q1,6993,4153842,4334050,Retail
pharma-a,P013,West,Maharashtra,9,Q3,2722,781214,836265,Online
pharma-b,P016,East,Maharashtra,10,Q4,764,679196,681620,Online
pharma-b,P007,East,Gujarat,1,Q1,6844,3983208,4283657,Online
pharma-a,P010,South,Gujarat,12,Q4,8752,7649248,7606973,Online
pharma-a,P011,East,Maharashtra,11,Q4,5459,3733956,3328504,Hospital
pharma-b,P002,East,Gujarat,7,Q3,1773,1166634,1294141,Online
pharma-a,P014,West,Karnataka,3,Q1,1502,1321760,1151145,Retail
pharma-a,P016,South,Gujarat,10,Q4,3405,3013425,3318062,Hospital
pharma-a,P016,North,Gujarat,3,Q1,7359,6027021,5706729,Retail
pharma-a,P015,North,Tamil Nadu,12,Q4,599,386954,378002,Distributor
pharma-b,P006,West,Gujarat,5,Q2,3084,400920,365588,Retail
pharma-a,P008,East,Delhi,11,Q4,815,175225,163779,Online
pharma-b,P001,West,Gujarat,3,Q1,1540,1125740,1071697,Online
pharma-a,P001,East,Delhi,10,Q4,9191,2444806,2781155,Distributor
pharma-a,P018,East,Karnataka,1,Q1,2903,2615603,2907163,Hospital
pharma-b,P018,North,Tamil Nadu,8,Q3,8724,8549520,9645798,Online
pharma-b,P009,South,Maharashtra,6,Q2,9145,6337485,7028963,Hospital
pharma-a,P013,East,Gujarat,12,Q4,2825,2740250,2866889,Hospital
pharma-b,P001,South,Tamil Nadu,1,Q1,2374,1393538,1207249,Retail
pharma-b,P010,North,Tamil Nadu,1,Q1,3835,502385,504371,Hospital
pharma-a,P015,South,Tamil Nadu,3,Q1,9162,2464578,2538987,Online
pharma-a,P010,East,Gujarat,6,Q2,994,771344,852487,Online
pharma-a,P017,East,Gujarat,3,Q1,8150,6079900,5670619,Hospital
pharma-b,P018,North,Tamil Nadu,10,Q4,2340,1956240,2014833,Online
pharma-a,P006,West,Tamil Nadu,7,Q3,2669,306935,312226,Retail
pharma-a,P008,North,Tamil Nadu,1,Q1,3370,1789470,1625528,Distributor
pharma-b,P009,South,Delhi,10,Q4,6750,5028750,5256493,Distributor
pharma-b,P017,West,Maharashtra,2,Q1,3426,380286,407185,Distributor
pharma-a,P010,South,Delhi,4,Q2,7181,5098510,4362133,Hospital
pharma-a,P008,West,Delhi,4,Q2,646,185402,188256,Distributor
pharma-b,P013,North,Karnataka,10,Q4,6672,5097408,5496603,Hospital
pharma-a,P010,South,Tamil Nadu,6,Q2,2678,2581592,2786716,Distributor
pharma-a,P012,East,Karnataka,12,Q4,7461,2693421,2694416,Hospital
pharma-b,P012,East,Maharashtra,4,Q2,7055,6674030,7077848,Retail
pharma-a,P012,West,Tamil Nadu,4,Q2,8983,4293874,4005899,Online
pharma-b,P005,South,Karnataka,4,Q2,7510,1043890,1006673,Online
pharma-b,P010,North,Karnataka,6,Q2,5585,3797800,4158511,Retail
pharma-a,P002,East,Karnataka,10,Q4,9092,4509632,4082820,Online
pharma-a,P001,West,Tamil Nadu,7,Q3,1690,953160,1081444,Online
pharma-a,P007,East,Tamil Nadu,10,Q4,3028,2125656,2390181,Retail
pharma-a,P011,West,Tamil Nadu,9,Q3,8933,5136475,5460251,Online
pharma-a,P012,West,Maharashtra,5,Q2,2489,876128,811681,Retail
pharma-a,P017,East,Gujarat,4,Q2,2067,899145,818260,Retail
pharma-a,P005,South,Tamil Nadu,1,Q1,980,101920,114052,Distributor
pharma-b,P002,West,Tamil Nadu,3,Q1,1603,1460333,1374885,Retail
pharma-a,P010,North,Karnataka,5,Q2,2436,285012,259713,Online
pharma-b,P005,West,Karnataka,1,Q1,9349,5095205,5315971,Online
pharma-b,P006,South,Delhi,1,Q1,5898,4335030,4945776,Retail
pharma-a,P017,South,Karnataka,6,Q2,4303,563693,575569,Online
pharma-b,P014,North,Gujarat,5,Q2,9653,7094955,6883551,Hospital
pharma-b,P013,South,Maharashtra,2,Q1,8263,6395562,6135573,Hospital
pharma-b,P020,West,Tamil Nadu,2,Q1,9121,4925340,5031536,Online
pharma-a,P010,North,Delhi,4,Q2,5535,3332070,3089789,Retail
pharma-b,P008,North,Karnataka,8,Q3,5673,5502810,5345491,Hospital
pharma-a,P016,West,Tamil Nadu,4,Q2,3278,573650,573018,Distributor
pharma-a,P008,West,Maharashtra,10,Q4,3438,501948,448733,Distributor
pharma-a,P019,South,Gujarat,8,Q3,3668,1155420,1141423,Retail
pharma-b,P006,East,Delhi,5,Q2,7849,3084657,3130880,Hospital
pharma-b,P016,West,Maharashtra,8,Q3,9257,4859925,5393546,Retail
pharma-b,P003,North,Tamil Nadu,7,Q3,5765,1026170,1111565,Hospital
pharma-b,P002,East,Maharashtra,8,Q3,4414,3412022,3070606,Distributor
pharma-a,P009,East,Tamil Nadu,4,Q2,4690,642530,662773,Hospital
pharma-b,P017,North,Delhi,6,Q2,9422,8093498,7071419,Hospital
pharma-b,P015,East,Delhi,12,Q4,6929,5439265,5220191,Hospital
pharma-b,P002,West,Tamil Nadu,1,Q1,1328,519248,443122,Retail
pharma-a,P010,East,Delhi,2,Q1,9340,3567880,4086698,Retail
pharma-a,P006,North,Gujarat,1,Q1,3924,2754648,2657644,Retail
pharma-a,P008,East,Gujarat,9,Q3,7042,5633600,6391634,Hospital
pharma-b,P018,North,Karnataka,7,Q3,5770,1505970,1554799,Distributor
pharma-a,P013,East,Tamil Nadu,12,Q4,3885,3834495,3493673,Retail
pharma-b,P014,South,Karnataka,1,Q1,3610,2595590,2973601,Distributor
pharma-b,P001,North,Tamil Nadu,8,Q3,1197,738549,787256,Online
pharma-a,P020,South,Maharashtra,11,Q4,2424,1728312,1831643,Hospital
pharma-b,P008,North,Maharashtra,4,Q2,2879,2677470,2588950,Hospital
pharma-a,P011,East,Gujarat,6,Q2,9689,1433972,1366393,Online
pharma-a,P006,North,Maharashtra,10,Q4,7107,945231,887175,Online
pharma-a,P005,North,Delhi,4,Q2,8206,6515564,5551932,Online
pharma-b,P012,East,Delhi,8,Q3,1429,1406136,1419560,Retail
pharma-a,P003,West,Maharashtra,5,Q2,6896,5951248,5189658,Distributor
pharma-a,P019,East,Tamil Nadu,8,Q3,6848,3540416,3149841,Online
pharma-a,P008,East,Gujarat,7,Q3,545,257240,236564,Hospital
pharma-a,P013,North,Gujarat,5,Q2,769,178408,171662,Online
pharma-a,P007,West,Gujarat,7,Q3,1293,566334,639072,Hospital
pharma-b,P008,North,Tamil Nadu,7,Q3,4410,2399040,2635994,Distributor
pharma-a,P005,North,Tamil Nadu,5,Q2,631,465678,471967,Hospital
pharma-a,P007,North,Gujarat,2,Q1,3201,512160,559098,Retail
pharma-a,P005,East,Karnataka,1,Q1,4797,2144259,1924309,Retail
pharma-b,P012,West,Gujarat,6,Q2,4289,4194642,3706529,Retail
pharma-b,P002,North,Gujarat,12,Q4,9239,4989060,4305056,Online
pharma-b,P016,East,Delhi,5,Q2,4978,3708610,3809338,Retail
pharma-a,P011,East,Gujarat,10,Q4,5112,4140720,3874032,Distributor
pharma-a,P017,North,Maharashtra,9,Q3,766,570670,581123,Online
pharma-b,P012,South,Delhi,5,Q2,5909,2995863,3427582,Retail
pharma-a,P020,East,Karnataka,2,Q1,8582,6273442,6264110,Distributor
pharma-b,P013,North,Karnataka,7,Q3,2180,2027400,1978741,Retail
pharma-b,P018,West,Maharashtra,8,Q3,671,270413,266268,Retail
pharma-b,P013,North,Karnataka,4,Q2,6288,5772384,6628379,Distributor
pharma-b,P001,North,Delhi,4,Q2,571,96499,94797,Hospital
pharma-b,P016,North,Delhi,7,Q3,1384,629720,634737,Hospital
pharma-b,P005,South,Delhi,5,Q2,1729,542906,501421,Distributor
pharma-b,P015,East,Maharashtra,12,Q4,6650,2460500,2631693,Distributor
pharma-a,P004,East,Tamil Nadu,10,Q4,1391,592566,632152,Hospital
pharma-a,P017,West,Tamil Nadu,12,Q4,5420,5241140,5584704,Retail
pharma-b,P011,West,Maharashtra,9,Q3,4351,1300949,1449689,Online
pharma-b,P018,West,Tamil Nadu,9,Q3,613,296079,312659,Hospital
pharma-a,P008,West,Tamil Nadu,12,Q4,1953,1279215,1189168,Hospital
pharma-a,P019,South,Karnataka,1,Q1,6396,3466632,3455055,Retail
pharma-a,P005,West,Karnataka,11,Q4,2683,845145,861757,Online
pharma-b,P009,North,Karnataka,9,Q3,2685,1151865,1062044,Retail
pharma-b,P015,West,Gujarat,10,Q4,3561,1296204,1166066,Online
pharma-a,P020,South,Karnataka,12,Q4,9264,9152832,8708410,Retail
pharma-a,P005,South,Karnataka,1,Q1,9924,1945104,1800016,Hospital
pharma-a,P014,South,Karnataka,3,Q1,8958,3448830,3235004,Retail
pharma-b,P016,North,Gujarat,10,Q4,9106,2294712,2562820,Hospital
pharma-b,P011,East,Maharashtra,6,Q2,4902,3951012,3763848,Online
pharma-a,P015,East,Tamil Nadu,10,Q4,1637,500922,508603,Retail
pharma-a,P001,North,Tamil Nadu,5,Q2,4528,1439904,1514822,Retail
pharma-b,P005,South,Tamil Nadu,8,Q3,8158,4715324,4316894,Hospital
pharma-b,P017,North,Tamil Nadu,7,Q3,5394,4568718,4538759,Online
pharma-a,P007,East,Maharashtra,4,Q2,6700,6137200,5280237,Distributor
pharma-a,P020,East,Karnataka,11,Q4,5213,969618,1035918,Hospital
pharma-b,P010,North,Karnataka,8,Q3,4927,581386,611978,Online
pharma-b,P012,South,Tamil Nadu,8,Q3,7385,1779785,1711040,Hospital
pharma-b,P006,North,Maharashtra,4,Q2,7132,2103940,2296355,Distributor
pharma-b,P009,West,Maharashtra,5,Q2,9899,5523642,5137979,Online
pharma-a,P004,South,Gujarat,12,Q4,9850,7830750,7794114,Distributor
pharma-a,P009,West,Maharashtra,10,Q4,5660,5280780,4985451,Distributor
pharma-a,P005,West,Tamil Nadu,5,Q2,4046,930580,827784,Retail
pharma-b,P013,North,Karnataka,2,Q1,3071,2564285,2601251,Hospital
pharma-a,P011,East,Gujarat,6,Q2,4235,1511895,1292496,Hospital
pharma-a,P015,West,Karnataka,3,Q1,3663,3428568,3522762,Distributor
pharma-b,P010,South,Karnataka,6,Q2,7015,5836480,5768359,Online
pharma-a,P017,South,Karnataka,4,Q2,7876,5024888,5240395,Online
pharma-a,P011,East,Maharashtra,7,Q3,9055,1358250,1311153,Hospital
pharma-a,P009,East,Tamil Nadu,5,Q2,8160,7058400,8073839,Distributor
pharma-b,P001,East,Gujarat,7,Q3,7771,5734998,5338146,Online
pharma-a,P018,South,Maharashtra,10,Q4,7787,2001259,1821944,Hospital
pharma-a,P018,North,Gujarat,3,Q1,7335,1356975,1309830,Retail
pharma-a,P004,West,Delhi,6,Q2,5720,4862000,4788513,Online
pharma-b,P011,West,Gujarat,7,Q3,5783,2515605,2705488,Distributor
pharma-b,P012,North,Karnataka,5,Q2,8204,4438364,4138238,Hospital
pharma-a,P013,West,Delhi,9,Q3,7298,6765246,6828070,Retail
pharma-b,P002,East,Maharashtra,7,Q3,6768,3120048,2891055,Hospital
pharma-a,P006,East,Delhi,5,Q2,1625,1443000,1448321,Online
pharma-b,P001,South,Karnataka,4,Q2,9171,4732236,5317352,Online
pharma-a,P017,South,Delhi,8,Q3,1186,1004542,873004,Hospital
pharma-a,P014,South,Maharashtra,10,Q4,5387,5004523,5660030,Retail
pharma-a,P017,West,Maharashtra,3,Q1,1240,1135840,1201839,Hospital
pharma-a,P001,East,Maharashtra,4,Q2,4909,3848656,3939160,Online
pharma-a,P020,West,Gujarat,8,Q3,9934,9914132,9875403,Distributor
pharma-b,P005,East,Maharashtra,4,Q2,6440,3207120,3312370,Hospital
pharma-b,P011,North,Tamil Nadu,4,Q2,6298,5485558,5930009,Online
pharma-b,P017,North,Gujarat,6,Q2,8663,6540565,6813617,Retail
pharma-b,P001,East,Gujarat,11,Q4,9486,1384956,1235528,Online
pharma-a,P006,East,Delhi,3,Q1,1225,1127000,1036818,Hospital
pharma-b,P017,South,Delhi,9,Q3,5093,3692425,4070749,Hospital
pharma-b,P007,East,Karnataka,1,Q1,4225,836550,852491,Online
pharma-b,P016,East,Gujarat,7,Q3,8041,3787311,3911908,Hospital
pharma-b,P003,West,Delhi,11,Q4,9063,7594794,6817771,Hospital
pharma-a,P020,East,Gujarat,7,Q3,8926,8256550,9340370,Hospital
pharma-b,P006,South,Karnataka,3,Q1,7534,986954,1057075,Distributor
pharma-b,P020,East,Karnataka,8,Q3,7381,7070998,7029771,Retail
pharma-a,P015,South,Maharashtra,7,Q3,7100,2030600,2239807,Retail
pharma-a,P012,North,Gujarat,2,Q1,8179,5340887,5341932,Distributor
pharma-a,P013,East,Delhi,10,Q4,5618,2943832,3052333,Hospital
pharma-b,P005,South,Karnataka,8,Q3,2866,931450,974416,Hospital
pharma-b,P020,North,Karnataka,3,Q1,4235,2464770,2597357,Hospital
pharma-a,P014,East,Delhi,12,Q4,9382,6961444,7249151,Hospital
pharma-b,P015,West,Gujarat,6,Q2,4751,817172,848335,Online
pharma-b,P016,East,Delhi,4,Q2,9098,1628542,1867367,Hospital
pharma-b,P007,West,Gujarat,2,Q1,6279,4376463,3805074,Online
pharma-a,P018,East,Delhi,9,Q3,6899,1869629,1816337,Retail
pharma-b,P018,West,Tamil Nadu,4,Q2,9103,1119669,1241011,Hospital
pharma-b,P013,North,Karnataka,4,Q2,7039,5610083,4951640,Hospital
pharma-a,P011,North,Gujarat,9,Q3,2134,550572,621331,Online
pharma-a,P017,South,Maharashtra,11,Q4,8502,909714,1023084,Online
pharma-a,P004,North,Tamil Nadu,10,Q4,2661,862164,857261,Retail
pharma-a,P013,South,Karnataka,5,Q2,8878,6907084,7797469,Online
pharma-b,P020,West,Maharashtra,4,Q2,5680,823600,804012,Distributor
pharma-b,P017,West,Gujarat,12,Q4,4191,1236345,1176377,Online
pharma-a,P016,West,Karnataka,12,Q4,2163,1912092,1723258,Retail
pharma-a,P011,East,Delhi,11,Q4,1199,955603,1054266,Distributor
pharma-b,P002,East,Karnataka,11,Q4,2033,1295021,1286645,Retail
pharma-b,P009,East,Maharashtra,5,Q2,6523,4050783,4096226,Hospital
pharma-a,P010,North,Delhi,8,Q3,1342,1029314,1158929,Hospital
pharma-a,P008,East,Maharashtra,4,Q2,7063,4576824,5250276,Hospital
pharma-b,P013,North,Maharashtra,10,Q4,7674,7666326,8523524,Online
pharma-a,P005,South,Delhi,11,Q4,4874,2266410,2216334,Distributor
pharma-b,P014,West,Gujarat,5,Q2,905,795495,912355,Online
pharma-b,P010,North,Maharashtra,7,Q3,4070,964590,997334,Online
pharma-a,P016,South,Maharashtra,6,Q2,8662,4105788,4047903,Retail
pharma-a,P015,South,Maharashtra,9,Q3,6947,4668384,5052157,Retail
pharma-a,P005,North,Delhi,9,Q3,6534,5370948,5631796,Retail
pharma-a,P008,South,Delhi,2,Q1,6658,6491550,7450998,Distributor
pharma-a,P018,East,Delhi,9,Q3,4554,3174138,3110204,Online
pharma-a,P015,South,Delhi,5,Q2,6796,6564936,6507708,Distributor
pharma-b,P006,North,Delhi,12,Q4,9876,4592340,4654018,Hospital
pharma-b,P009,North,Tamil Nadu,2,Q1,7740,797220,758157,Retail
pharma-a,P003,North,Tamil Nadu,10,Q4,9540,1650420,1722475,Distributor
pharma-a,P008,East,Delhi,11,Q4,8356,4136220,4383214,Hospital
pharma-b,P018,South,Tamil Nadu,8,Q3,5215,657090,703600,Retail
pharma-a,P018,West,Delhi,11,Q4,4454,1362924,1473586,Hospital
pharma-a,P014,East,Maharashtra,10,Q4,6799,5602376,6138809,Hospital
pharma-a,P014,West,Tamil Nadu,8,Q3,2517,1797138,1929904,Online
pharma-b,P014,North,Maharashtra,3,Q1,5635,4868640,4714045,Retail
pharma-b,P006,North,Karnataka,3,Q1,2689,2140444,2268195,Retail
pharma-b,P020,North,Maharashtra,4,Q2,7671,4088643,4154543,Online
pharma-b,P012,North,Maharashtra,8,Q3,7911,5767119,5026909,Retail
pharma-b,P009,West,Maharashtra,5,Q2,5313,674751,698390,Retail
pharma-a,P012,North,Tamil Nadu,5,Q2,6979,3273151,3208618,Distributor
pharma-a,P013,North,Maharashtra,9,Q3,6787,2389024,2381581,Retail
pharma-b,P007,North,Gujarat,10,Q4,6344,5405088,6061150,Online
pharma-b,P012,South,Karnataka,8,Q3,7687,3720508,4112063,Distributor
pharma-a,P010,North,Maharashtra,4,Q2,9471,4082001,3472738,Retail
pharma-b,P011,North,Karnataka,5,Q2,5227,4176373,3870434,Online
pharma-b,P005,South,Gujarat,9,Q3,4246,2912756,2476536,Online
pharma-a,P008,North,Delhi,6,Q2,5021,2445227,2614839,Hospital
pharma-b,P016,East,Gujarat,4,Q2,2938,1369108,1201855,Distributor
pharma-b,P017,West,Gujarat,6,Q2,4000,660000,587534,Hospital
pharma-b,P001,East,Delhi,4,Q2,7722,4687254,4899068,Online
pharma-a,P017,South,Maharashtra,12,Q4,9156,8450988,8131479,Hospital
pharma-a,P004,West,Karnataka,2,Q1,5612,1745332,1788422,Distributor
pharma-a,P003,East,Karnataka,7,Q3,8386,5425742,5283402,Hospital
pharma-a,P016,North,Gujarat,8,Q3,2094,305724,316284,Online
pharma-b,P014,East,Karnataka,6,Q2,7940,7614460,6593084,Hospital
pharma-a,P014,South,Karnataka,12,Q4,1681,808561,915792,Retail
pharma-a,P001,West,Maharashtra,1,Q1,3525,1053975,913025,Online
pharma-b,P011,North,Delhi,3,Q1,3255,1285725,1378644,Hospital
pharma-b,P005,North,Tamil Nadu,7,Q3,8370,1146690,1010152,Hospital
pharma-b,P011,South,Maharashtra,2,Q1,7083,3782322,4228072,Retail
pharma-a,P005,South,Karnataka,5,Q2,1112,146784,168414,Retail
pharma-a,P006,South,Maharashtra,6,Q2,6689,1625427,1701016,Hospital
pharma-a,P003,North,Karnataka,5,Q2,9252,3830328,3496027,Hospital
pharma-a,P008,South,Delhi,3,Q1,8970,4368390,4965142,Hospital
pharma-a,P006,South,Gujarat,5,Q2,5997,5709144,6325591,Distributor
pharma-b,P005,South,Delhi,3,Q1,8701,4428809,4160956,Distributor
pharma-b,P014,North,Karnataka,5,Q2,8888,4799520,4697864,Distributor
pharma-a,P002,East,Karnataka,7,Q3,7935,5959185,6263140,Retail
pharma-b,P019,East,Karnataka,10,Q4,8231,7819450,7190891,Online
pharma-a,P011,South,Tamil Nadu,7,Q3,6577,6136341,5828018,Hospital
pharma-b,P016,West,Karnataka,6,Q2,4535,4503255,4691825,Hospital
pharma-b,P014,East,Maharashtra,5,Q2,8245,7428745,8526607,Retail
pharma-a,P013,East,Karnataka,5,Q2,7734,6929664,7953375,Distributor
pharma-b,P014,East,Karnataka,6,Q2,3914,2638036,2701792,Online
pharma-a,P019,East,Karnataka,3,Q1,5245,1610215,1792537,Online
pharma-b,P019,South,Delhi,2,Q1,6050,3545300,3100502,Online
pharma-b,P007,South,Delhi,5,Q2,3981,3085275,2887773,Distributor
pharma-b,P008,North,Tamil Nadu,2,Q1,6943,5887664,5955489,Distributor
pharma-b,P019,South,Gujarat,10,Q4,9451,8562606,8966606,Online
pharma-a,P012,South,Gujarat,2,Q1,2163,1087989,1217547,Retail
pharma-b,P003,North,Karnataka,1,Q1,8644,7995700,7295802,Retail
pharma-b,P002,West,Karnataka,1,Q1,2063,783940,792478,Online
pharma-b,P018,North,Gujarat,3,Q1,6834,5802066,5410597,Retail
pharma-a,P005,North,Delhi,7,Q3,3718,2624908,2836118,Online
pharma-b,P006,East,Delhi,3,Q1,9972,9483372,9861288,Online
pharma-b,P012,West,Karnataka,4,Q2,2283,1303593,1162294,Distributor
pharma-a,P007,West,Gujarat,5,Q2,8784,8485344,8905225,Hospital
pharma-a,P014,West,Delhi,10,Q4,8039,1527410,1582590,Online
pharma-a,P014,South,Karnataka,6,Q2,4115,2938110,2595177,Hospital
pharma-b,P004,South,Delhi,10,Q4,951,205416,199336,Retail
pharma-b,P019,North,Maharashtra,4,Q2,4209,1418433,1321486,Distributor
pharma-a,P016,West,Tamil Nadu,11,Q4,3860,3095720,2885488,Hospital
pharma-b,P002,East,Maharashtra,12,Q4,1517,260924,289493,Online
pharma-a,P002,North,Delhi,9,Q3,1993,410558,398297,Distributor
pharma-a,P001,North,Delhi,11,Q4,3146,437294,391446,Online
pharma-b,P004,West,Gujarat,1,Q1,1685,1679945,1740848,Hospital
pharma-a,P010,South,Maharashtra,4,Q2,4724,2895812,3239242,Distributor
pharma-b,P018,East,Karnataka,1,Q1,3932,1675032,1523013,Online
pharma-a,P016,North,Tamil Nadu,10,Q4,2133,661230,744699,Online
pharma-a,P003,East,Tamil Nadu,2,Q1,1915,1740735,1738391,Retail
pharma-a,P004,East,Maharashtra,3,Q1,5471,3145825,3305324,Hospital
pharma-a,P017,North,Delhi,2,Q1,2453,576455,635319,Online
pharma-b,P011,South,Tamil Nadu,12,Q4,1730,1541430,1740013,Retail
pharma-b,P016,East,Tamil Nadu,7,Q3,5326,5219480,5107840,Hospital
pharma-a,P018,North,Maharashtra,11,Q4,8680,3541440,3663265,Hospital
pharma-b,P004,East,Karnataka,4,Q2,2986,659906,629883,Hospital
pharma-a,P008,North,Delhi,4,Q2,5931,901512,877432,Online
pharma-a,P013,North,Tamil Nadu,9,Q3,4649,4337517,4135033,Retail
pharma-b,P006,West,Delhi,2,Q1,533,128986,134132,Distributor
pharma-b,P003,West,Gujarat,9,Q3,5020,3177660,3202171,Distributor
pharma-b,P013,East,Gujarat,10,Q4,4119,654921,562700,Hospital
pharma-b,P014,West,Delhi,11,Q4,7084,2217292,2127904,Distributor
pharma-a,P006,West,Maharashtra,8,Q3,3056,1524944,1481120,Distributor
pharma-b,P012,North,Delhi,7,Q3,630,369810,316840,Hospital
pharma-a,P010,East,Maharashtra,4,Q2,583,546854,526851,Online
pharma-a,P009,North,Gujarat,8,Q3,2181,2174457,1851646,Online
pharma-b,P018,North,Delhi,2,Q1,8460,2013480,2035405,Hospital
pharma-b,P014,South,Karnataka,9,Q3,2323,520352,497119,Retail
pharma-a,P008,South,Gujarat,3,Q1,3465,966735,982995,Distributor
pharma-a,P018,East,Tamil Nadu,6,Q2,3048,1944624,1765293,Distributor
pharma-a,P001,East,Maharashtra,1,Q1,9580,3582920,3531724,Hospital
pharma-a,P012,North,Maharashtra,4,Q2,6185,4842855,4159578,Distributor
pharma-a,P011,West,Karnataka,3,Q1,9193,6490258,5772277,Hospital
pharma-b,P010,North,Delhi,8,Q3,9618,1356138,1396331,Online
pharma-a,P001,South,Gujarat,1,Q1,1692,209808,234667,Hospital
pharma-b,P011,South,Delhi,2,Q1,5954,5906368,6365388,Hospital
pharma-b,P010,West,Gujarat,7,Q3,7940,3128360,3346810,Retail
pharma-a,P006,North,Gujarat,11,Q4,9600,6950400,6373390,Online
pharma-a,P012,West,Gujarat,11,Q4,908,716412,822882,Online
pharma-a,P005,North,Karnataka,11,Q4,7784,2771104,3129543,Retail
pharma-b,P020,North,Delhi,6,Q2,9552,4107360,4671491,Online
pharma-b,P019,East,Maharashtra,9,Q3,5058,1471878,1505398,Hospital
pharma-b,P020,West,Gujarat,11,Q4,1300,1047800,984315,Retail
pharma-b,P001,West,Maharashtra,12,Q4,1294,643118,610619,Online
pharma-a,P008,West,Delhi,6,Q2,7775,1119600,979536,Distributor
pharma-a,P015,West,Maharashtra,4,Q2,7352,5727208,5830536,Distributor
pharma-a,P005,East,Karnataka,11,Q4,835,521040,486706,Online
pharma-b,P020,South,Gujarat,7,Q3,5345,2004375,1884890,Online
pharma-a,P011,North,Gujarat,5,Q2,3517,1216882,1305938,Distributor
pharma-a,P007,East,Gujarat,1,Q1,1022,388360,339428,Retail
pharma-b,P004,East,Delhi,4,Q2,7026,5016564,4426634,Distributor
pharma-b,P015,East,Gujarat,1,Q1,6794,1888732,2078037,Online
pharma-a,P006,East,Karnataka,6,Q2,7908,1281096,1180848,Retail
pharma-a,P005,East,Gujarat,5,Q2,6379,1818015,2053039,Hospital
pharma-b,P018,South,Gujarat,7,Q3,4208,618576,577663,Retail
pharma-b,P013,South,Gujarat,10,Q4,1985,1097705,985057,Online
pharma-b,P006,South,Karnataka,1,Q1,5448,1029672,1001027,Retail
pharma-a,P012,South,Gujarat,3,Q1,7153,3512123,3621831,Online
pharma-a,P013,South,Karnataka,6,Q2,1040,332800,294971,Retail
pharma-a,P017,North,Delhi,9,Q3,6370,681590,617168,Hospital
pharma-b,P004,North,Maharashtra,10,Q4,4421,3351118,3093268,Distributor
pharma-a,P016,West,Maharashtra,10,Q4,1512,154224,133780,Hospital
pharma-a,P019,East,Tamil Nadu,2,Q1,6673,1661577,1504162,Distributor
pharma-b,P009,West,Maharashtra,9,Q3,6536,3019632,3445243,Distributor
pharma-a,P015,South,Karnataka,1,Q1,5180,4724160,5120473,Retail
pharma-a,P008,North,Tamil Nadu,11,Q4,8179,4711104,5299119,Hospital
pharma-b,P011,West,Delhi,8,Q3,5217,4992669,4610823,Hospital
pharma-a,P020,East,Delhi,4,Q2,2210,402220,422742,Online
pharma-b,P014,West,Delhi,1,Q1,6145,1726745,1809024,Online
pharma-a,P005,North,Gujarat,3,Q1,9573,1799724,1973235,Distributor
pharma-b,P018,North,Tamil Nadu,11,Q4,1715,1570940,1675263,Hospital
pharma-a,P005,South,Maharashtra,11,Q4,2365,1182500,1174858,Online
pharma-a,P013,West,Tamil Nadu,4,Q2,5993,2103543,1873510,Retail
pharma-b,P004,East,Gujarat,3,Q1,1673,1654597,1474937,Distributor
pharma-b,P014,South,Tamil Nadu,2,Q1,1861,729512,805192,Distributor
pharma-a,P001,North,Maharashtra,12,Q4,4511,2544204,2796216,Retail
pharma-a,P008,North,Karnataka,3,Q1,4754,2600438,2479189,Online
pharma-b,P020,South,Karnataka,8,Q3,9271,7694930,7135942,Online
pharma-a,P016,West,Delhi,10,Q4,1672,750728,839805,Retail
pharma-a,P004,North,Delhi,11,Q4,996,930264,898961,Distributor
pharma-a,P014,West,Delhi,3,Q1,7562,4196910,4657477,Retail
pharma-b,P003,South,Tamil Nadu,3,Q1,5081,2149263,2434943,Retail
pharma-a,P016,East,Tamil Nadu,6,Q2,6822,4966416,4920618,Online
pharma-b,P017,West,Gujarat,5,Q2,7477,1966451,1768637,Distributor
pharma-b,P004,North,Delhi,7,Q3,2762,1165564,992762,Online
pharma-a,P019,West,Delhi,7,Q3,9246,4077486,4516323,Retail
pharma-a,P014,South,Tamil Nadu,7,Q3,8564,2423612,2494340,Retail
pharma-b,P001,West,Gujarat,4,Q2,4717,3778317,4206025,Retail
pharma-a,P005,North,Delhi,7,Q3,6582,684528,620055,Retail
pharma-b,P016,West,Gujarat,12,Q4,602,236586,265736,Online
pharma-b,P005,East,Maharashtra,9,Q3,5272,4291408,4491523,Online
pharma-a,P007,South,Gujarat,9,Q3,2694,525330,492644,Retail
pharma-a,P007,West,Karnataka,12,Q4,1419,966339,1023947,Distributor
pharma-b,P003,West,Tamil Nadu,7,Q3,7795,873040,845650,Online
pharma-a,P005,West,Karnataka,1,Q1,2348,394464,452265,Retail
pharma-a,P002,East,Gujarat,5,Q2,2572,1278284,1399889,Retail
pharma-a,P007,West,Tamil Nadu,11,Q4,9941,4871090,4173950,Retail
pharma-b,P016,North,Karnataka,7,Q3,642,624024,593241,Distributor
pharma-b,P014,South,Maharashtra,9,Q3,6569,3475001,3245579,Hospital
pharma-a,P007,South,Delhi,10,Q4,6555,5774955,6411064,Retail
pharma-b,P002,North,Maharashtra,2,Q1,5936,2362528,2285630,Online
pharma-b,P017,North,Gujarat,1,Q1,4051,2576436,2757107,Hospital
pharma-b,P009,North,Maharashtra,5,Q2,1506,569268,525204,Distributor
pharma-b,P013,East,Maharashtra,11,Q4,3999,3811047,3616881,Hospital
pharma-b,P017,South,Tamil Nadu,5,Q2,8005,3418135,3266640,Hospital
pharma-a,P002,North,Maharashtra,7,Q3,8959,3807575,3672139,Online
pharma-a,P016,West,Gujarat,5,Q2,1091,210563,239751,Hospital
pharma-a,P015,North,Tamil Nadu,10,Q4,9136,7400160,7530597,Retail
pharma-b,P004,West,Maharashtra,2,Q1,6493,4077604,4600976,Online
pharma-b,P004,North,Gujarat,10,Q4,8200,7757200,8528896,Online
pharma-b,P019,South,Karnataka,3,Q1,7280,1215760,1207185,Hospital
pharma-b,P001,East,Gujarat,4,Q2,6642,1952748,1809562,Hospital
pharma-b,P014,East,Tamil Nadu,12,Q4,2956,1945048,1868967,Distributor
pharma-a,P008,South,Delhi,3,Q1,6855,3489195,3656109,Hospital
pharma-b,P016,East,Gujarat,1,Q1,1590,1267230,1202696,Distributor
pharma-b,P014,West,Gujarat,4,Q2,570,532380,592268,Retail
pharma-a,P005,East,Karnataka,3,Q1,8069,2283527,2269133,Online
pharma-b,P019,South,Delhi,6,Q2,1640,1234920,1187119,Hospital
pharma-a,P011,South,Gujarat,6,Q2,5412,2900832,2558384,Retail
pharma-a,P018,West,Karnataka,1,Q1,9268,6274436,7072276,Retail
pharma-a,P015,South,Gujarat,12,Q4,3234,1924230,2093576,Online
pharma-b,P004,North,Gujarat,5,Q2,2797,1191522,1058645,Online
pharma-b,P007,North,Gujarat,1,Q1,641,354473,397796,Retail
pharma-a,P002,South,Delhi,3,Q1,3669,1474938,1552432,Online
pharma-a,P002,East,Tamil Nadu,12,Q4,7824,4537920,3985113,Online
pharma-a,P019,West,Maharashtra,7,Q3,6476,5349176,5525560,Distributor
pharma-b,P013,West,Tamil Nadu,5,Q2,1166,840686,868277,Online
pharma-a,P007,East,Delhi,1,Q1,786,572994,609677,Retail
pharma-a,P010,South,Tamil Nadu,11,Q4,6472,1941600,2104887,Retail
pharma-a,P005,North,Gujarat,2,Q1,4733,1651817,1891697,Hospital
pharma-b,P001,East,Delhi,8,Q3,4485,2381535,2060076,Hospital
pharma-b,P016,North,Maharashtra,6,Q2,1108,956204,1014178,Hospital
pharma-a,P013,South,Tamil Nadu,1,Q1,1003,617848,531231,Online
pharma-b,P018,South,Delhi,8,Q3,6009,4278408,4221566,Retail
pharma-a,P011,East,Gujarat,9,Q3,3891,1813206,1808852,Hospital
pharma-a,P004,East,Gujarat,7,Q3,8233,5623139,4933668,Distributor
pharma-b,P008,West,Tamil Nadu,5,Q2,4433,4127123,3700914,Retail
pharma-a,P016,South,Tamil Nadu,7,Q3,6477,1612773,1747607,Retail
pharma-b,P013,East,Delhi,10,Q4,3227,2700999,2699427,Retail
pharma-b,P001,North,Maharashtra,12,Q4,2814,340494,345203,Hospital
pharma-a,P010,West,Maharashtra,6,Q2,1909,1342027,1150420,Distributor
pharma-b,P007,South,Tamil Nadu,2,Q1,7064,5418088,4935203,Hospital
pharma-a,P008,East,Tamil Nadu,11,Q4,4056,1987440,2046033,Retail
pharma-a,P003,North,Maharashtra,12,Q4,1117,785251,679811,Retail
pharma-a,P018,West,Gujarat,2,Q1,558,517824,586256,Hospital
pharma-a,P017,South,Delhi,12,Q4,5065,840790,799196,Retail
pharma-a,P020,South,Maharashtra,5,Q2,4114,3077272,3025095,Online
pharma-a,P008,West,Tamil Nadu,3,Q1,9245,7007710,6008549,Hospital
pharma-a,P005,West,Gujarat,2,Q1,6214,6046222,6924391,Distributor
pharma-b,P009,West,Maharashtra,6,Q2,4109,719075,825535,Hospital
pharma-a,P012,South,Karnataka,1,Q1,7588,4621092,5217030,Online
pharma-b,P005,North,Gujarat,10,Q4,2544,2198016,2071690,Online
pharma-a,P016,West,Delhi,11,Q4,971,849625,907859,Online
pharma-b,P014,West,Maharashtra,9,Q3,8614,5082260,4926938,Retail
pharma-a,P014,South,Tamil Nadu,9,Q3,9117,7111260,7467039,Hospital
pharma-a,P013,South,Tamil Nadu,7,Q3,3316,2341096,2101542,Online
pharma-b,P014,West,Gujarat,12,Q4,8935,991785,1012575,Retail
pharma-b,P013,North,Tamil Nadu,6,Q2,3269,951279,965632,Hospital
pharma-b,P010,South,Delhi,10,Q4,9272,1928576,1717731,Distributor
pharma-b,P016,West,Karnataka,7,Q3,5787,4149279,4567458,Online
pharma-b,P001,South,Gujarat,6,Q2,9219,1152375,1089139,Hospital
pharma-b,P004,West,Maharashtra,7,Q3,5901,3505194,3559282,Retail
pharma-a,P005,East,Tamil Nadu,6,Q2,2020,1306940,1319830,Hospital
pharma-a,P010,West,Maharashtra,1,Q1,6415,5722180,4938676,Retail
pharma-b,P009,South,Gujarat,8,Q3,9694,9257770,10338134,Distributor
pharma-b,P002,South,Maharashtra,3,Q1,3714,438252,388750,Retail
pharma-b,P001,North,Gujarat,7,Q3,1091,660055,615548,Hospital
pharma-b,P020,East,Karnataka,3,Q1,3155,1047460,1157751,Online
pharma-a,P004,North,Tamil Nadu,3,Q1,1185,133905,145251,Online
pharma-a,P001,South,Delhi,3,Q1,6806,5213396,5542755,Retail
pharma-b,P019,West,Delhi,4,Q2,8193,7463823,7989523,Distributor
pharma-a,P011,West,Maharashtra,11,Q4,5039,2076068,2008198,Distributor
pharma-b,P016,East,Maharashtra,12,Q4,6732,4409460,4942852,Retail
pharma-b,P010,East,Delhi,4,Q2,4667,2044146,2181852,Distributor
pharma-b,P014,West,Delhi,9,Q3,3754,2935628,3153632,Distributor
pharma-a,P010,South,Delhi,11,Q4,9462,5100018,5298889,Online
pharma-b,P007,West,Tamil Nadu,5,Q2,8980,3771600,3477797,Hospital
pharma-b,P016,East,Gujarat,8,Q3,574,355880,398702,Distributor
pharma-a,P006,West,Gujarat,9,Q3,4078,3148216,3459058,Distributor
pharma-b,P008,West,Gujarat,12,Q4,6024,5945688,6009137,Distributor
pharma-a,P010,East,Maharashtra,6,Q2,1022,725620,654843,Distributor
pharma-b,P015,South,Maharashtra,1,Q1,8001,2408301,2249616,Retail
pharma-a,P015,West,Karnataka,12,Q4,8528,2089360,2305318,Distributor
pharma-b,P012,North,Karnataka,9,Q3,968,158752,155023,Distributor
pharma-b,P004,East,Maharashtra,11,Q4,2673,2151765,2279064,Hospital
pharma-b,P011,North,Karnataka,9,Q3,2043,856017,781471,Retail
pharma-a,P005,West,Gujarat,5,Q2,4309,4067696,3730642,Online
pharma-b,P007,North,Maharashtra,2,Q1,2830,973520,1019320,Hospital
pharma-b,P006,West,Delhi,3,Q1,8048,7532928,7000031,Online
pharma-b,P006,East,Maharashtra,12,Q4,1337,850332,815505,Retail
pharma-a,P018,East,Delhi,5,Q2,6106,1111292,1031126,Online
pharma-a,P020,North,Gujarat,4,Q2,5811,1138956,994898,Distributor
pharma-b,P012,East,Karnataka,12,Q4,7934,6466210,5556900,Online
pharma-a,P016,South,Gujarat,2,Q1,7311,4138026,3765350,Online
pharma-b,P013,North,Karnataka,2,Q1,5701,5415950,5376350,Online
pharma-a,P014,East,Maharashtra,3,Q1,7451,961179,965128,Hospital
pharma-b,P013,South,Maharashtra,10,Q4,1470,784980,801704,Hospital
pharma-b,P008,North,Karnataka,10,Q4,6005,1050875,1030643,Online
pharma-a,P010,East,Maharashtra,12,Q4,5905,4948390,5119918,Retail
pharma-a,P014,West,Karnataka,11,Q4,2137,591949,672264,Retail
pharma-b,P008,North,Delhi,9,Q3,6138,5953860,6732196,Distributor
pharma-a,P002,South,Delhi,10,Q4,4469,2279190,2140920,Hospital
pharma-a,P018,South,Karnataka,2,Q1,4535,1637135,1456648,Distributor
pharma-b,P015,West,Tamil Nadu,3,Q1,1547,327964,349445,Distributor
pharma-a,P010,East,Karnataka,2,Q1,9041,8778811,9324628,Distributor
pharma-a,P014,East,Karnataka,2,Q1,1124,901448,942871,Retail
pharma-b,P016,North,Maharashtra,6,Q2,758,391886,350394,Hospital
pharma-b,P020,South,Tamil Nadu,6,Q2,1552,872224,797290,Retail
pharma-a,P014,South,Gujarat,2,Q1,1377,1167696,1168893,Retail
pharma-a,P006,North,Gujarat,9,Q3,4533,2293698,2339939,Hospital
pharma-b,P015,South,Tamil Nadu,7,Q3,8430,1820880,1969942,Distributor
pharma-a,P019,West,Tamil Nadu,1,Q1,7742,5868436,5502276,Hospital
pharma-b,P007,North,Delhi,5,Q2,5706,867312,739908,Retail
pharma-a,P005,West,Gujarat,4,Q2,9682,5867292,5964017,Hospital
pharma-a,P010,East,Maharashtra,3,Q1,5680,3493200,3388157,Online
pharma-a,P008,North,Delhi,1,Q1,3870,1466730,1426286,Online
pharma-b,P010,North,Gujarat,12,Q4,2895,998775,1085311,Hospital
pharma-a,P003,South,Gujarat,11,Q4,2665,1484405,1338572,Hospital
pharma-b,P004,South,Karnataka,5,Q2,6648,1070328,942065,Distributor
pharma-a,P005,North,Maharashtra,4,Q2,9272,7167256,7268109,Distributor
pharma-a,P006,North,Gujarat,12,Q4,3727,2985327,3192392,Online
pharma-a,P014,South,Tamil Nadu,1,Q1,4392,2854800,2910760,Hospital
pharma-b,P008,West,Gujarat,1,Q1,8132,7050444,7072189,Distributor
pharma-b,P014,West,Karnataka,1,Q1,1200,147600,141116,Hospital
pharma-b,P004,North,Tamil Nadu,1,Q1,7983,1724328,1690031,Distributor
pharma-b,P001,East,Maharashtra,3,Q1,4050,2304450,1963220,Distributor
pharma-a,P004,North,Gujarat,5,Q2,5479,2575130,2389366,Distributor
pharma-b,P020,West,Karnataka,10,Q4,6978,3154056,3001177,Hospital
pharma-a,P015,West,Tamil Nadu,2,Q1,4371,2399679,2360910,Hospital
pharma-b,P005,West,Karnataka,10,Q4,6306,3216060,2836454,Online
pharma-b,P015,South,Maharashtra,6,Q2,6454,3911124,3567891,Hospital
pharma-a,P018,West,Delhi,1,Q1,3217,2721582,2427479,Distributor
pharma-b,P003,East,Delhi,7,Q3,6746,1888880,1885615,Retail
pharma-a,P001,East,Maharashtra,2,Q1,7988,4201688,4553539,Distributor
pharma-a,P004,East,Karnataka,5,Q2,8878,2947496,2605021,Online
pharma-b,P007,West,Delhi,8,Q3,945,908145,840102,Distributor
pharma-b,P018,West,Gujarat,9,Q3,8414,1026508,939188,Retail
pharma-a,P001,East,Gujarat,4,Q2,8469,6766731,6976536,Retail
pharma-b,P008,North,Delhi,10,Q4,3467,2995488,3401755,Hospital
pharma-a,P016,North,Tamil Nadu,6,Q2,4154,1603444,1393912,Distributor
pharma-a,P013,South,Gujarat,2,Q1,1842,1208352,1190829,Retail
pharma-a,P009,West,Maharashtra,9,Q3,3655,438600,384323,Hospital
pharma-b,P019,West,Maharashtra,8,Q3,5983,4744519,4670788,Distributor
pharma-b,P010,West,Gujarat,10,Q4,1431,605313,543794,Retail
pharma-a,P016,North,Maharashtra,5,Q2,9450,9204300,8953627,Distributor
pharma-b,P012,North,Gujarat,10,Q4,9257,7201946,6342045,Hospital
pharma-b,P003,West,Karnataka,11,Q4,5634,2907144,3222485,Hospital
pharma-b,P007,North,Karnataka,10,Q4,8052,3824700,4206561,Online
pharma-a,P014,North,Tamil Nadu,10,Q4,5498,3975054,3868348,Online
pharma-a,P003,South,Gujarat,12,Q4,1377,689877,696168,Retail
pharma-a,P004,South,Maharashtra,8,Q3,1759,942824,1081732,Distributor
pharma-a,P006,North,Tamil Nadu,4,Q2,3686,1957266,2204423,Retail
pharma-a,P016,East,Delhi,10,Q4,1100,959200,1059307,Distributor
pharma-a,P008,West,Karnataka,10,Q4,6353,5508051,5170716,Distributor
pharma-a,P011,West,Karnataka,11,Q4,9481,8305356,9129741,Retail
pharma-b,P009,South,Gujarat,11,Q4,3025,750200,842649,Distributor
pharma-a,P015,East,Maharashtra,10,Q4,3518,1512740,1538903,Hospital
pharma-b,P016,West,Karnataka,2,Q1,3485,2868155,2599583,Hospital
pharma-a,P018,West,Karnataka,10,Q4,4778,2226548,2065039,Retail
pharma-b,P011,South,Maharashtra,6,Q2,6883,2216326,2399825,Retail
pharma-a,P016,West,Gujarat,11,Q4,6032,5386576,6126583,Hospital
pharma-b,P010,East,Gujarat,9,Q3,8115,1931370,2006483,Hospital
pharma-a,P004,West,Tamil Nadu,11,Q4,3583,1562188,1632885,Hospital
pharma-b,P013,North,Maharashtra,4,Q2,4035,2969760,2943449,Online
pharma-b,P001,West,Karnataka,2,Q1,8345,6442340,5913481,Distributor
pharma-a,P006,East,Karnataka,11,Q4,3312,2520432,2271465,Distributor
pharma-a,P020,South,Maharashtra,7,Q3,4524,1307436,1399029,Online
pharma-b,P010,North,Maharashtra,9,Q3,2136,1631904,1774321,Distributor
pharma-b,P006,East,Gujarat,5,Q2,3044,2389540,2737397,Hospital
pharma-a,P009,South,Delhi,1,Q1,5540,3041460,2960574,Hospital
pharma-a,P017,West,Maharashtra,6,Q2,7324,2783120,2372385,Distributor
pharma-a,P010,West,Delhi,4,Q2,9333,6850422,7275178,Retail
pharma-b,P002,East,Delhi,11,Q4,2699,1098493,1210134,Hospital
pharma-a,P017,South,Tamil Nadu,2,Q1,1656,210312,219334,Distributor
pharma-b,P011,East,Karnataka,12,Q4,9968,7047376,8083502,Hospital
pharma-a,P008,West,Tamil Nadu,12,Q4,6752,3666336,3757722,Online
pharma-a,P006,East,Karnataka,4,Q2,9302,4576584,4018154,Distributor
pharma-a,P003,South,Gujarat,11,Q4,766,731530,758108,Retail
pharma-b,P005,East,Karnataka,5,Q2,536,261032,255130,Retail
pharma-a,P009,West,Karnataka,4,Q2,5413,4276270,4298582,Retail
pharma-a,P009,South,Tamil Nadu,6,Q2,2179,1863045,1878029,Online
pharma-b,P002,West,Delhi,5,Q2,3379,1321189,1221738,Retail
pharma-b,P020,South,Gujarat,6,Q2,6128,741488,730313,Retail
pharma-b,P001,East,Karnataka,9,Q3,9069,8397894,8703904,Distributor
pharma-b,P016,North,Karnataka,10,Q4,7494,6939444,7781144,Online
pharma-b,P011,South,Delhi,10,Q4,2074,1988966,2204900,Online
pharma-b,P002,East,Tamil Nadu,2,Q1,9502,6033770,5493281,Hospital
pharma-b,P009,South,Gujarat,9,Q3,7960,2523320,2852281,Distributor
pharma-b,P013,West,Tamil Nadu,8,Q3,9329,6763525,6924613,Online
pharma-a,P014,North,Tamil Nadu,12,Q4,864,857952,951457,Online
pharma-a,P003,East,Gujarat,8,Q3,1844,335608,287916,Retail
pharma-b,P015,North,Delhi,7,Q3,8371,7944079,7606844,Online
pharma-b,P001,East,Maharashtra,9,Q3,8776,4668832,5290276,Hospital
pharma-b,P016,East,Delhi,10,Q4,3460,1069140,999887,Retail
pharma-b,P020,West,Gujarat,9,Q3,5868,698292,778513,Distributor
pharma-b,P001,East,Tamil Nadu,7,Q3,9947,9041823,10258106,Online
pharma-b,P010,North,Karnataka,12,Q4,4830,1362060,1482767,Online
pharma-a,P016,South,Delhi,8,Q3,2537,1032559,1174731,Retail
pharma-b,P002,South,Gujarat,6,Q2,8536,4592368,4929312,Online
pharma-b,P017,North,Tamil Nadu,4,Q2,8975,6838950,6403012,Retail
pharma-b,P018,North,Tamil Nadu,4,Q2,5793,3614832,3453025,Hospital
pharma-a,P001,North,Karnataka,8,Q3,9499,6563809,6322337,Distributor
pharma-a,P020,South,Maharashtra,5,Q2,8752,8576960,8239559,Online
pharma-b,P012,West,Tamil Nadu,1,Q1,4042,2004832,1901110,Retail
pharma-a,P007,West,Karnataka,5,Q2,5481,4362876,4076573,Distributor
pharma-b,P017,West,Karnataka,4,Q2,2219,1442350,1257125,Retail
pharma-a,P008,East,Tamil Nadu,11,Q4,7408,1407520,1397714,Hospital
pharma-b,P008,North,Tamil Nadu,5,Q2,5086,5019882,4805023,Online
pharma-b,P006,West,Karnataka,7,Q3,4514,2261514,2223857,Distributor
pharma-a,P017,West,Tamil Nadu,5,Q2,8623,7683093,8509847,Distributor
pharma-b,P008,East,Gujarat,12,Q4,5976,1440216,1477992,Retail
pharma-b,P015,East,Maharashtra,4,Q2,8302,4134396,4091891,Online
pharma-b,P001,East,Karnataka,1,Q1,8364,4441284,4397642,Hospital
pharma-b,P020,West,Delhi,4,Q2,5383,1022770,892683,Online
pharma-a,P007,North,Gujarat,10,Q4,1453,1317871,1132967,Hospital
pharma-b,P002,West,Delhi,7,Q3,6350,5353050,5363071,Retail
pharma-b,P009,East,Karnataka,9,Q3,5964,4592280,4808886,Distributor
pharma-a,P011,South,Karnataka,11,Q4,2632,1371272,1342408,Hospital
pharma-a,P002,East,Tamil Nadu,1,Q1,9849,8411046,7347926,Hospital
pharma-a,P010,East,Tamil Nadu,2,Q1,1788,1276632,1349183,Online
pharma-b,P003,North,Gujarat,2,Q1,5714,3508396,3208466,Online
pharma-b,P013,West,Maharashtra,5,Q2,5520,3207120,3157740,Hospital
pharma-b,P017,West,Maharashtra,5,Q2,8062,6852700,7024463,Online
pharma-b,P018,South,Gujarat,1,Q1,6609,5478861,4875913,Online
pharma-b,P020,East,Maharashtra,9,Q3,1610,615020,655303,Retail
pharma-a,P001,South,Gujarat,12,Q4,3546,2155968,2106044,Distributor
pharma-a,P011,East,Tamil Nadu,11,Q4,4464,3294432,3329053,Retail
pharma-a,P003,East,Maharashtra,6,Q2,1601,513921,571840,Online
pharma-b,P002,East,Tamil Nadu,5,Q2,7890,7795320,7195788,Hospital
pharma-b,P015,East,Karnataka,5,Q2,7958,3230948,3584488,Retail
pharma-a,P007,East,Gujarat,5,Q2,5120,1049600,897414,Retail
pharma-a,P017,West,Karnataka,6,Q2,1844,1198600,1348104,Online
pharma-b,P010,West,Tamil Nadu,5,Q2,2064,635712,557552,Retail
pharma-b,P003,South,Maharashtra,3,Q1,6321,3956946,3807240,Distributor
pharma-b,P011,North,Delhi,4,Q2,9138,8169372,8262415,Retail
pharma-a,P016,East,Delhi,10,Q4,1448,1343744,1374920,Distributor
pharma-a,P006,West,Delhi,6,Q2,9000,8631000,9633315,Hospital
pharma-b,P015,East,Gujarat,3,Q1,4024,2615600,2384538,Hospital
pharma-a,P010,North,Gujarat,12,Q4,1172,995028,862337,Retail
pharma-a,P009,West,Karnataka,5,Q2,2582,2117240,2185013,Retail
pharma-b,P006,North,Gujarat,6,Q2,9908,5687192,6104454,Retail
pharma-a,P019,North,Karnataka,2,Q1,8937,3762477,3372764,Retail
pharma-b,P003,North,Delhi,12,Q4,7079,1345010,1222604,Hospital
pharma-b,P012,East,Karnataka,1,Q1,1528,653984,599727,Retail
pharma-a,P010,East,Maharashtra,8,Q3,7724,4981980,4366133,Hospital
pharma-a,P020,West,Delhi,10,Q4,9495,3892950,4084067,Distributor
pharma-b,P015,West,Tamil Nadu,4,Q2,5504,2383232,2732103,Distributor
pharma-a,P018,South,Gujarat,10,Q4,2110,514840,500415,Distributor
pharma-b,P005,North,Tamil Nadu,5,Q2,1844,1349808,1518815,Hospital
pharma-a,P014,North,Tamil Nadu,11,Q4,6734,5427604,5616255,Hospital
pharma-a,P017,South,Karnataka,11,Q4,4596,1089252,1187304,Hospital
pharma-b,P018,South,Tamil Nadu,9,Q3,2563,653565,690232,Online
pharma-b,P013,South,Tamil Nadu,10,Q4,9813,8802261,8489231,Retail
pharma-a,P017,South,Delhi,8,Q3,9886,9075348,10252598,Hospital
pharma-a,P001,East,Gujarat,4,Q2,2779,2159283,2353393,Distributor
pharma-b,P005,South,Gujarat,11,Q4,7968,1195200,1268152,Retail
pharma-a,P001,North,Tamil Nadu,5,Q2,9656,4316232,4466028,Retail
pharma-b,P007,West,Maharashtra,3,Q1,6228,1183320,1110631,Retail
pharma-a,P011,North,Karnataka,11,Q4,8954,4557586,3895736,Online
pharma-a,P010,North,Karnataka,3,Q1,4795,541835,528588,Distributor
pharma-b,P016,East,Tamil Nadu,7,Q3,6088,864496,921038,Hospital
pharma-b,P003,East,Tamil Nadu,7,Q3,4753,1468677,1263918,Online
pharma-b,P012,West,Karnataka,4,Q2,8934,6003648,5989485,Online
pharma-b,P012,West,Gujarat,10,Q4,4393,768775,700969,Hospital
pharma-b,P005,South,Gujarat,1,Q1,1944,388800,423717,Retail
pharma-b,P001,East,Tamil Nadu,10,Q4,5039,3935459,4234439,Hospital
pharma-a,P007,North,Karnataka,6,Q2,2486,2182708,2327441,Distributor
pharma-b,P008,South,Gujarat,5,Q2,5546,970550,996499,Hospital
pharma-b,P015,North,Delhi,4,Q2,5540,3052540,2712010,Retail
pharma-b,P003,West,Tamil Nadu,4,Q2,1422,1335258,1361054,Retail
pharma-a,P013,West,Maharashtra,9,Q3,4691,4620635,4635235,Online
pharma-b,P011,West,Karnataka,10,Q4,3232,1538432,1665028,Retail
pharma-a,P017,South,Gujarat,1,Q1,2315,1479285,1354285,Retail
pharma-b,P007,North,Tamil Nadu,9,Q3,8925,4025175,3937137,Distributor
pharma-b,P016,West,Tamil Nadu,9,Q3,802,581450,659787,Distributor
pharma-b,P018,South,Tamil Nadu,5,Q2,5099,3508112,3324413,Online
pharma-b,P005,North,Karnataka,6,Q2,3787,693021,784006,Distributor
pharma-b,P011,South,Gujarat,12,Q4,8504,3240024,3276424,Online
pharma-b,P003,North,Delhi,9,Q3,6820,5456000,6089969,Retail
pharma-b,P015,East,Maharashtra,12,Q4,2430,2206440,2283949,Online
pharma-b,P009,East,Karnataka,5,Q2,7156,3320384,3606398,Hospital
pharma-b,P014,East,Maharashtra,10,Q4,7107,3915957,3950482,Online
pharma-a,P001,North,Gujarat,4,Q2,6250,5337500,5344412,Retail
pharma-a,P004,West,Karnataka,1,Q1,1906,1669656,1788072,Online
pharma-a,P006,East,Karnataka,3,Q1,9090,3517830,3791507,Retail
pharma-b,P020,South,Tamil Nadu,7,Q3,7220,4808520,4157667,Distributor
pharma-b,P002,North,Gujarat,1,Q1,4998,539784,587333,Retail
pharma-b,P018,North,Maharashtra,6,Q2,4090,2245410,2412300,Distributor
pharma-b,P013,West,Maharashtra,6,Q2,5846,2145482,1999095,Hospital
pharma-b,P008,South,Tamil Nadu,1,Q1,7666,4568936,5056613,Online
pharma-a,P016,South,Maharashtra,11,Q4,5951,5159517,4704772,Distributor
pharma-a,P004,South,Gujarat,6,Q2,7197,3994335,4280592,Retail
pharma-b,P002,South,Maharashtra,6,Q2,5758,4830962,5390484,Retail
pharma-a,P001,West,Tamil Nadu,6,Q2,5743,3801866,3389849,Retail
pharma-b,P006,West,Delhi,4,Q2,6574,3333018,3310712,Distributor
pharma-b,P013,North,Tamil Nadu,9,Q3,866,823566,818747,Distributor
pharma-a,P019,North,Gujarat,9,Q3,1559,883953,879517,Distributor
pharma-a,P005,East,Delhi,2,Q1,5526,3967668,4301847,Distributor
pharma-a,P004,West,Delhi,10,Q4,9371,2642622,2658488,Retail
pharma-b,P019,West,Delhi,8,Q3,7789,4237216,4047183,Distributor
pharma-a,P016,North,Delhi,6,Q2,5464,4600688,4756316,Retail
pharma-b,P008,West,Gujarat,8,Q3,8571,1748484,1662608,Online
pharma-a,P005,North,Gujarat,5,Q2,1380,825240,801699,Retail
pharma-b,P004,East,Karnataka,6,Q2,8099,4673123,4147381,Hospital
pharma-a,P004,North,Delhi,11,Q4,4633,2654709,2618754,Retail
pharma-b,P020,East,Karnataka,11,Q4,1675,1571150,1757063,Distributor
pharma-b,P005,South,Delhi,6,Q2,8172,5001264,4756351,Distributor
pharma-a,P008,East,Delhi,11,Q4,8492,3532672,3103696,Distributor
pharma-b,P015,South,Gujarat,11,Q4,5645,1439475,1326240,Retail
pharma-b,P012,East,Gujarat,1,Q1,6136,3663192,3934455,Distributor
pharma-b,P012,North,Tamil Nadu,7,Q3,1225,317275,344631,Distributor
pharma-a,P007,West,Karnataka,4,Q2,3996,3432564,3675653,Distributor
pharma-b,P001,East,Maharashtra,8,Q3,2167,773619,750514,Online
pharma-a,P009,West,Gujarat,8,Q3,4523,1795631,1593345,Distributor
pharma-b,P019,East,Maharashtra,9,Q3,4051,2475161,2801013,Distributor
pharma-b,P002,North,Tamil Nadu,1,Q1,3628,2623044,2878511,Hospital
pharma-a,P003,West,Delhi,10,Q4,1011,782514,863829,Hospital
pharma-b,P002,West,Tamil Nadu,10,Q4,4918,3383584,2909994,Online
pharma-a,P017,East,Delhi,11,Q4,2103,1066221,1195403,Retail
pharma-a,P012,South,Gujarat,10,Q4,7450,4134750,4012945,Retail
pharma-b,P007,West,Tamil Nadu,4,Q2,6529,6529000,6869435,Distributor
pharma-b,P002,West,Maharashtra,8,Q3,2598,613128,619377,Retail
pharma-b,P003,South,Karnataka,6,Q2,2244,1954524,1775010,Hospital
pharma-a,P009,South,Maharashtra,10,Q4,8169,7981113,7525920,Online
pharma-b,P020,South,Tamil Nadu,7,Q3,4186,1762306,1751618,Online
pharma-b,P003,East,Gujarat,1,Q1,3711,3043020,3287353,Hospital
pharma-a,P015,South,Delhi,11,Q4,7659,7375617,7076367,Retail
pharma-b,P001,South,Delhi,3,Q1,7300,2496600,2793890,Online
pharma-b,P003,South,Gujarat,9,Q3,6895,3716405,4205826,Hospital
pharma-a,P005,South,Karnataka,3,Q1,1737,642690,667103,Retail
pharma-b,P006,West,Maharashtra,2,Q1,8515,7731620,8060780,Retail
pharma-b,P020,East,Tamil Nadu,6,Q2,7897,2921890,3035122,Distributor
pharma-b,P012,South,Karnataka,6,Q2,5694,2197884,2057050,Hospital
pharma-a,P017,North,Gujarat,11,Q4,6113,1143131,1044991,Online
pharma-a,P017,North,Delhi,3,Q1,1449,450639,457752,Hospital
pharma-a,P015,West,Gujarat,5,Q2,2133,1384317,1500015,Distributor
pharma-b,P003,East,Tamil Nadu,11,Q4,2704,727376,624358,Hospital
pharma-b,P017,South,Karnataka,4,Q2,5802,2164146,2472392,Hospital
pharma-a,P006,West,Karnataka,9,Q3,3892,1938216,1654122,Hospital
pharma-b,P013,East,Tamil Nadu,8,Q3,1257,1067193,1090567,Online
pharma-b,P014,North,Gujarat,4,Q2,8119,3945834,3524870,Distributor
pharma-a,P016,West,Tamil Nadu,12,Q4,1576,1183576,1153762,Hospital
pharma-b,P005,North,Delhi,9,Q3,9077,8759305,8801732,Hospital
pharma-b,P004,West,Gujarat,4,Q2,1232,407792,455020,Retail
pharma-b,P010,East,Tamil Nadu,5,Q2,7535,4355230,4091970,Hospital
pharma-b,P002,East,Karnataka,10,Q4,834,413664,448986,Distributor
pharma-a,P019,West,Maharashtra,4,Q2,5388,1255404,1193748,Hospital
pharma-b,P002,North,Gujarat,2,Q1,6623,4450656,4549284,Retail
pharma-b,P018,South,Gujarat,7,Q3,8111,900321,890157,Retail
pharma-a,P011,South,Maharashtra,10,Q4,4579,3443408,3857989,Retail
pharma-b,P006,West,Maharashtra,3,Q1,3354,721110,704548,Hospital
pharma-b,P012,East,Gujarat,1,Q1,2819,2776715,3062474,Retail
pharma-a,P012,South,Gujarat,5,Q2,3647,2910306,3206455,Hospital
pharma-a,P014,East,Tamil Nadu,4,Q2,5845,5675495,4967978,Distributor
pharma-b,P009,West,Gujarat,4,Q2,6155,1384875,1187945,Retail
pharma-a,P010,North,Maharashtra,3,Q1,9397,3288950,2982484,Distributor
pharma-b,P017,West,Gujarat,10,Q4,695,225875,214956,Online
pharma-a,P016,West,Maharashtra,8,Q3,939,277944,238975,Online
pharma-b,P002,East,Maharashtra,3,Q1,4655,3793825,3659508,Distributor
pharma-a,P013,East,Gujarat,4,Q2,9597,6756288,6392989,Retail
pharma-b,P013,East,Maharashtra,9,Q3,7930,6994260,7692416,Online
pharma-b,P014,North,Maharashtra,7,Q3,5084,1672636,1577378,Online
pharma-a,P003,West,Karnataka,1,Q1,4229,1399799,1264178,Online
pharma-b,P011,West,Delhi,6,Q2,2405,2159690,1835945,Distributor
pharma-a,P019,East,Tamil Nadu,12,Q4,4058,3907854,3458920,Hospital
pharma-b,P013,North,Delhi,5,Q2,3157,1878415,1625654,Distributor
pharma-b,P016,West,Maharashtra,2,Q1,2261,343672,342034,Online
pharma-b,P010,West,Delhi,5,Q2,6252,3301056,3144012,Retail
pharma-b,P005,South,Tamil Nadu,11,Q4,9947,3133305,2941587,Distributor
pharma-b,P001,South,Gujarat,1,Q1,8814,3208296,3647805,Online
pharma-b,P014,North,Tamil Nadu,7,Q3,3481,3432266,3899594,Online
pharma-a,P007,South,Tamil Nadu,9,Q3,8304,1112736,1154395,Online
pharma-b,P015,West,Gujarat,6,Q2,8174,1152534,1241349,Retail
pharma-b,P005,West,Karnataka,8,Q3,8174,5746322,5201118,Online
pharma-a,P003,North,Tamil Nadu,4,Q2,6358,1436908,1277418,Online
pharma-a,P006,North,Tamil Nadu,9,Q3,3251,1280894,1166273,Retail
pharma-a,P008,North,Karnataka,4,Q2,4264,1526512,1425726,Hospital
pharma-b,P001,West,Gujarat,5,Q2,4212,3352752,3772312,Online
pharma-b,P005,South,Delhi,8,Q3,9309,4663809,4416326,Retail
pharma-b,P003,South,Gujarat,6,Q2,4472,2651896,2823263,Hospital
pharma-a,P013,East,Delhi,9,Q3,9604,4264176,3992038,Online
pharma-b,P008,North,Maharashtra,10,Q4,9024,8139648,6942645,Retail
pharma-b,P012,East,Karnataka,9,Q3,605,260755,241009,Online
pharma-b,P010,South,Delhi,6,Q2,989,584499,594516,Online
pharma-b,P018,West,Maharashtra,11,Q4,3456,494208,453982,Retail
pharma-a,P004,South,Maharashtra,8,Q3,1060,206700,214230,Distributor
pharma-b,P014,South,Gujarat,10,Q4,2658,1733016,1894763,Online
pharma-a,P017,West,Karnataka,12,Q4,1749,624393,680857,Distributor
pharma-b,P014,South,Gujarat,2,Q1,8264,6462448,6612578,Distributor
pharma-b,P004,West,Maharashtra,4,Q2,3689,3238942,2930676,Hospital
pharma-b,P001,North,Delhi,2,Q1,1177,333091,335796,Distributor
pharma-b,P003,South,Maharashtra,3,Q1,3108,2635584,2796334,Hospital
pharma-a,P016,East,Delhi,6,Q2,4949,831432,806077,Online
pharma-a,P003,North,Delhi,7,Q3,7300,1708200,1900088,Distributor
pharma-a,P004,East,Karnataka,7,Q3,9857,5500206,5092413,Retail
pharma-a,P008,West,Maharashtra,8,Q3,9258,8193330,7804116,Retail
pharma-a,P001,East,Gujarat,8,Q3,2822,967946,1022768,Retail
pharma-b,P018,North,Tamil Nadu,1,Q1,1940,1910900,1773094,Online
pharma-a,P008,South,Tamil Nadu,8,Q3,1736,649264,696308,Distributor
pharma-a,P020,West,Maharashtra,2,Q1,6479,939455,1002126,Online
pharma-b,P020,West,Karnataka,1,Q1,2615,1197670,1044469,Retail
pharma-a,P004,South,Gujarat,12,Q4,6280,1438120,1325202,Retail
pharma-b,P001,East,Gujarat,11,Q4,3739,3260408,3237536,Distributor
pharma-a,P019,North,Delhi,9,Q3,6594,2835420,3099585,Hospital
pharma-b,P007,West,Maharashtra,5,Q2,3201,380919,427090,Online
pharma-b,P015,East,Maharashtra,5,Q2,3506,1423436,1449608,Online
pharma-a,P019,West,Karnataka,7,Q3,2634,1195836,1232173,Retail
pharma-a,P006,East,Gujarat,8,Q3,7865,2681965,2890936,Online
pharma-b,P016,South,Delhi,5,Q2,3633,2724750,2565937,Distributor
pharma-b,P020,West,Gujarat,8,Q3,3199,2296882,2623833,Online
pharma-b,P016,North,Delhi,7,Q3,5536,1815808,2030614,Hospital
pharma-a,P020,North,Karnataka,5,Q2,9248,7046976,6029595,Distributor
pharma-a,P010,West,Gujarat,7,Q3,1328,984048,845465,Hospital
pharma-b,P001,North,Tamil Nadu,12,Q4,6305,3745170,3439625,Online
pharma-a,P010,South,Tamil Nadu,7,Q3,2767,630876,605508,Retail
pharma-a,P008,West,Gujarat,4,Q2,1369,970621,1046467,Distributor
pharma-a,P004,East,Karnataka,8,Q3,4460,941060,1066472,Hospital
pharma-b,P006,South,Tamil Nadu,5,Q2,1578,574392,572900,Distributor
pharma-b,P019,North,Maharashtra,11,Q4,1577,999818,929599,Retail
pharma-a,P011,East,Tamil Nadu,5,Q2,3180,829980,848706,Retail
pharma-b,P020,West,Tamil Nadu,12,Q4,8385,7596810,7543631,Hospital
pharma-b,P008,North,Karnataka,3,Q1,7566,6711042,7542088,Distributor
pharma-b,P008,West,Delhi,1,Q1,1199,1002364,912990,Hospital
pharma-a,P002,West,Delhi,8,Q3,7161,1210209,1342605,Distributor
pharma-b,P005,West,Gujarat,8,Q3,4586,4411732,4726128,Distributor
pharma-b,P009,North,Delhi,3,Q1,4572,1037844,1006880,Online
pharma-a,P002,West,Tamil Nadu,6,Q2,4885,3341340,3065312,Retail
pharma-b,P008,West,Gujarat,1,Q1,5041,2152507,2380891,Retail
pharma-b,P006,West,Gujarat,12,Q4,4144,1831648,1807840,Retail
pharma-a,P008,South,Maharashtra,8,Q3,4308,1649964,1570957,Retail
pharma-a,P006,South,Tamil Nadu,5,Q2,2162,2086330,1885237,Distributor
pharma-b,P009,North,Gujarat,9,Q3,6632,1956440,2082383,Online
pharma-a,P002,South,Karnataka,6,Q2,1234,531854,598206,Online
pharma-a,P005,South,Karnataka,6,Q2,2070,1941660,1666917,Hospital
pharma-b,P012,East,Gujarat,8,Q3,1387,1280201,1313905,Distributor
pharma-a,P009,South,Karnataka,11,Q4,5401,2425049,2347401,Hospital
pharma-a,P019,South,Delhi,6,Q2,1935,452790,428440,Hospital
pharma-b,P017,North,Gujarat,2,Q1,4587,4320954,4939611,Distributor
pharma-a,P012,South,Delhi,10,Q4,4660,4100800,4684064,Online
pharma-a,P011,West,Delhi,6,Q2,8629,1932896,2161443,Online
pharma-b,P008,South,Gujarat,11,Q4,2653,1018752,991117,Hospital
pharma-b,P004,West,Karnataka,2,Q1,9289,7171108,6879998,Online
pharma-a,P011,South,Maharashtra,1,Q1,8007,4371822,4948309,Distributor
pharma-a,P010,South,Maharashtra,6,Q2,9713,7527575,7268804,Distributor
pharma-b,P020,West,Tamil Nadu,2,Q1,5514,1621116,1711495,Online
pharma-a,P017,North,Gujarat,1,Q1,2290,332050,290076,Distributor
pharma-b,P004,North,Karnataka,10,Q4,2937,1753389,1927531,Hospital
pharma-a,P002,East,Tamil Nadu,11,Q4,2377,1176615,1331317,Hospital
pharma-b,P017,West,Gujarat,12,Q4,6272,1191680,1201490,Distributor
pharma-b,P020,North,Delhi,11,Q4,1076,834976,857823,Distributor
pharma-b,P018,South,Tamil Nadu,8,Q3,3385,2152860,1852067,Online
pharma-a,P016,South,Maharashtra,12,Q4,9576,2049264,2155761,Distributor
pharma-b,P005,South,Tamil Nadu,4,Q2,6262,3318860,3102521,Online
pharma-a,P001,South,Maharashtra,7,Q3,7765,4907480,5290609,Distributor
pharma-a,P009,East,Delhi,10,Q4,9488,2931792,2854090,Hospital
pharma-b,P013,West,Delhi,10,Q4,1078,587510,566168,Online
pharma-b,P012,North,Gujarat,6,Q2,8551,1735853,1519219,Distributor
pharma-b,P014,North,Delhi,11,Q4,6487,6097780,5918817,Distributor
pharma-a,P003,North,Tamil Nadu,4,Q2,2901,336516,358701,Retail
pharma-b,P017,East,Tamil Nadu,6,Q2,4004,1381380,1493491,Online
pharma-b,P008,North,Karnataka,2,Q1,6701,4067507,4296319,Online
pharma-a,P019,South,Tamil Nadu,2,Q1,6581,2560009,2596493,Retail
pharma-a,P004,South,Delhi,11,Q4,1443,347763,395121,Distributor
pharma-b,P011,North,Maharashtra,6,Q2,5346,3763584,4319712,Hospital
pharma-a,P019,West,Tamil Nadu,11,Q4,8007,2738394,2755176,Online
pharma-a,P010,West,Maharashtra,7,Q3,4015,453695,413161,Distributor
pharma-a,P017,South,Maharashtra,1,Q1,990,687060,600380,Retail
pharma-b,P006,East,Gujarat,4,Q2,790,476370,503757,Distributor
pharma-a,P015,West,Delhi,5,Q2,7271,6340312,6126299,Online
pharma-a,P012,North,Gujarat,10,Q4,6686,1738360,1553366,Retail
pharma-b,P011,West,Maharashtra,1,Q1,3218,740140,684587,Retail
pharma-a,P010,North,Delhi,7,Q3,8169,4590978,5077321,Hospital
pharma-a,P012,North,Delhi,9,Q3,9738,8316252,7177291,Distributor
pharma-a,P017,South,Gujarat,1,Q1,6018,1029078,1002162,Online
pharma-a,P018,North,Karnataka,4,Q2,9988,2297240,2288829,Distributor
pharma-b,P016,North,Gujarat,9,Q3,6752,6198336,5628772,Hospital
pharma-b,P005,West,Tamil Nadu,10,Q4,5791,5495659,5580822,Distributor
pharma-b,P010,South,Maharashtra,3,Q1,3122,2865996,3276189,Retail
pharma-b,P018,West,Karnataka,12,Q4,1655,579250,643252,Retail
pharma-b,P003,East,Delhi,1,Q1,4208,736400,810982,Hospital
pharma-a,P005,West,Tamil Nadu,11,Q4,2495,920655,1000195,Retail
pharma-b,P001,West,Maharashtra,1,Q1,4820,2723300,3075160,Hospital
pharma-a,P004,South,Delhi,7,Q3,2843,1168473,1247794,Online
pharma-a,P010,North,Maharashtra,4,Q2,4789,862020,805360,Retail
pharma-a,P017,North,Maharashtra,9,Q3,2196,920124,784785,Distributor
pharma-a,P008,South,Delhi,11,Q4,2397,1330335,1479548,Hospital
pharma-b,P010,West,Maharashtra,9,Q3,6417,3362508,2859507,Distributor
pharma-a,P013,West,Maharashtra,5,Q2,8746,4976474,5016137,Hospital
pharma-a,P007,North,Delhi,6,Q2,6885,2602530,2457857,Retail
pharma-a,P015,East,Tamil Nadu,10,Q4,4903,4456827,3861376,Distributor
pharma-a,P008,South,Tamil Nadu,5,Q2,4731,3467823,3600350,Online
pharma-a,P020,South,Karnataka,10,Q4,2245,1852125,1701413,Distributor
pharma-a,P006,West,Delhi,2,Q1,570,543210,524519,Retail
pharma-a,P014,West,Delhi,4,Q2,1570,1285830,1342112,Hospital
pharma-b,P016,West,Karnataka,2,Q1,1093,200019,171622,Online
pharma-b,P010,West,Maharashtra,3,Q1,5777,1912187,1852621,Online
pharma-b,P001,North,Delhi,8,Q3,5261,3330213,3230312,Distributor
pharma-b,P019,East,Gujarat,5,Q2,8966,1533186,1518144,Retail
pharma-b,P004,North,Maharashtra,8,Q3,8176,850304,914967,Online
pharma-b,P008,West,Delhi,10,Q4,5578,3954802,3595631,Retail
pharma-a,P015,North,Maharashtra,2,Q1,7747,1619123,1654938,Online
pharma-a,P002,East,Gujarat,1,Q1,3288,641160,596544,Distributor
pharma-a,P012,East,Gujarat,7,Q3,7835,3024310,2777026,Retail
pharma-b,P019,West,Delhi,6,Q2,3150,1052100,1073419,Hospital
pharma-b,P001,South,Karnataka,6,Q2,4494,453894,505152,Hospital
pharma-b,P020,South,Tamil Nadu,11,Q4,7122,3247632,2969416,Online
pharma-a,P020,West,Tamil Nadu,4,Q2,2200,1243000,1137266,Distributor
pharma-b,P005,East,Gujarat,8,Q3,2994,898200,977092,Distributor
pharma-b,P011,South,Gujarat,3,Q1,8350,6462900,7067963,Online
pharma-a,P009,North,Karnataka,5,Q2,9945,3033225,3298053,Online
pharma-b,P015,North,Tamil Nadu,1,Q1,6484,3060448,3114815,Hospital
pharma-b,P008,East,Tamil Nadu,10,Q4,2552,563992,628428,Hospital
pharma-b,P005,East,Maharashtra,7,Q3,9630,7001010,6345669,Distributor
pharma-b,P013,East,Tamil Nadu,4,Q2,9267,7506270,7722383,Hospital
pharma-a,P010,East,Delhi,8,Q3,580,560860,623776,Retail
pharma-b,P005,West,Maharashtra,12,Q4,9363,4718952,4573890,Retail
pharma-b,P011,South,Gujarat,11,Q4,1397,610489,523284,Retail
pharma-b,P002,North,Maharashtra,11,Q4,1814,1636228,1861251,Hospital
pharma-a,P003,East,Tamil Nadu,2,Q1,7303,1256116,1386533,Online
pharma-a,P018,East,Delhi,12,Q4,8925,1633275,1456545,Hospital
pharma-a,P001,North,Gujarat,9,Q3,2792,2149840,2319966,Distributor
pharma-b,P019,North,Gujarat,7,Q3,8332,1916360,1741957,Retail
pharma-a,P002,East,Delhi,9,Q3,2545,1539725,1621146,Online
pharma-a,P014,East,Delhi,12,Q4,7364,1259244,1299253,Retail
pharma-a,P017,South,Karnataka,1,Q1,7228,2298504,2471342,Online
pharma-b,P004,West,Tamil Nadu,2,Q1,4159,3942732,3385689,Retail
pharma-b,P009,North,Tamil Nadu,10,Q4,4411,2351063,2355818,Distributor
pharma-a,P014,West,Tamil Nadu,5,Q2,744,711264,656600,Retail
pharma-a,P019,South,Karnataka,6,Q2,2792,2532344,2835996,Retail
pharma-b,P015,North,Karnataka,7,Q3,4438,2538536,2601877,Distributor
pharma-a,P006,East,Karnataka,10,Q4,7290,6407910,5941278,Distributor
pharma-b,P008,West,Gujarat,7,Q3,8811,1894365,2105837,Hospital
pharma-a,P010,South,Karnataka,1,Q1,7480,2715240,2327754,Hospital
pharma-b,P018,West,Tamil Nadu,2,Q1,5971,2531704,2685490,Hospital
pharma-b,P006,West,Gujarat,8,Q3,1354,372350,419522,Hospital
pharma-a,P001,East,Tamil Nadu,4,Q2,8167,2221424,1965669,Retail
pharma-b,P013,North,Karnataka,3,Q1,3617,1558927,1563005,Hospital
pharma-a,P006,East,Delhi,11,Q4,9802,5891002,5835167,Retail
pharma-b,P019,South,Gujarat,6,Q2,8509,8279257,8475150,Distributor
pharma-a,P019,South,Delhi,12,Q4,7896,2961000,3122839,Hospital
pharma-a,P016,South,Tamil Nadu,8,Q3,694,224162,238316,Online
pharma-a,P012,West,Tamil Nadu,7,Q3,2205,452025,405960,Distributor
pharma-a,P007,South,Maharashtra,1,Q1,9397,1343771,1287934,Retail
pharma-a,P017,South,Gujarat,3,Q1,4640,3489280,3550641,Online
pharma-a,P006,North,Maharashtra,8,Q3,9047,5762939,5248981,Retail
pharma-b,P008,West,Delhi,5,Q2,9425,4307225,3854121,Hospital
pharma-b,P005,North,Maharashtra,10,Q4,7859,7583935,6497549,Distributor
pharma-a,P018,West,Delhi,11,Q4,1636,894892,943720,Retail
pharma-b,P020,West,Karnataka,11,Q4,6980,3029320,2635104,Distributor
pharma-b,P011,North,Maharashtra,1,Q1,6454,1174628,1009837,Hospital
pharma-b,P018,East,Karnataka,3,Q1,7533,7517934,6780240,Hospital
pharma-a,P007,West,Maharashtra,8,Q3,2705,627560,578728,Hospital
pharma-a,P017,South,Maharashtra,12,Q4,3619,2840915,2646354,Retail
pharma-b,P007,West,Delhi,4,Q2,9909,2150253,2460283,Retail
pharma-a,P020,North,Tamil Nadu,12,Q4,6994,2280044,2022833,Online
pharma-b,P018,West,Delhi,1,Q1,4575,1422825,1575691,Distributor
pharma-b,P009,East,Maharashtra,1,Q1,6882,1383282,1356679,Distributor
pharma-b,P001,North,Gujarat,5,Q2,5253,4764471,5099481,Hospital
pharma-a,P011,North,Tamil Nadu,7,Q3,5404,1329384,1361331,Online
pharma-a,P017,North,Gujarat,3,Q1,5345,1058310,937350,Hospital
pharma-b,P001,West,Gujarat,10,Q4,7310,1469310,1571048,Retail
pharma-a,P011,South,Delhi,6,Q2,3118,2538052,2343542,Retail
pharma-a,P018,North,Delhi,9,Q3,9482,2816154,3225149,Online
pharma-b,P008,East,Delhi,12,Q4,1438,1173408,1296909,Distributor
pharma-b,P013,South,Delhi,12,Q4,3751,2663210,2554656,Hospital
pharma-a,P004,East,Karnataka,6,Q2,5732,3542376,3739852,Retail
pharma-b,P015,South,Tamil Nadu,1,Q1,4121,758264,868176,Distributor
pharma-a,P008,North,Delhi,6,Q2,9243,8466588,8485634,Online
pharma-a,P018,West,Maharashtra,5,Q2,2650,747300,771770,Retail
pharma-b,P011,East,Delhi,10,Q4,3466,506036,479618,Distributor
pharma-b,P015,East,Tamil Nadu,8,Q3,1946,406714,428752,Online
pharma-a,P001,East,Delhi,8,Q3,7244,1782024,1751097,Distributor
pharma-b,P004,North,Tamil Nadu,1,Q1,9502,6489866,7422276,Distributor
pharma-b,P002,North,Delhi,11,Q4,3250,926250,819625,Retail
pharma-a,P013,West,Maharashtra,1,Q1,8921,2676300,2493477,Online
pharma-a,P005,South,Maharashtra,11,Q4,8623,3337101,3227393,Hospital
pharma-a,P008,West,Gujarat,10,Q4,2574,1485198,1309261,Distributor
pharma-b,P002,South,Karnataka,9,Q3,8458,7324628,7414727,Distributor
pharma-a,P017,East,Gujarat,10,Q4,8890,4498340,4515248,Hospital
pharma-b,P008,West,Tamil Nadu,12,Q4,4476,680352,723574,Hospital
pharma-a,P016,South,Tamil Nadu,10,Q4,5162,3768260,3861402,Distributor
pharma-b,P011,West,Delhi,5,Q2,5040,1068480,1180670,Hospital
pharma-b,P013,South,Tamil Nadu,3,Q1,6817,5146835,5565558,Distributor
pharma-b,P008,East,Tamil Nadu,6,Q2,9806,2069066,2186611,Hospital
pharma-b,P008,East,Gujarat,11,Q4,8944,2808416,3163036,Distributor
pharma-a,P015,West,Delhi,9,Q3,5648,3168528,3175546,Retail
pharma-b,P011,West,Gujarat,2,Q1,6699,3939012,3970028,Retail
pharma-b,P002,West,Karnataka,1,Q1,7755,5948085,6251301,Online
pharma-b,P013,North,Karnataka,6,Q2,918,694926,721281,Online
pharma-a,P013,South,Karnataka,4,Q2,3733,3105856,3303015,Distributor
pharma-b,P001,South,Karnataka,7,Q3,6071,1414543,1607176,Distributor
pharma-a,P006,South,Maharashtra,3,Q1,6932,2925304,2658136,Online
pharma-a,P011,East,Maharashtra,5,Q2,7880,2040920,1895493,Hospital
pharma-a,P005,South,Karnataka,5,Q2,8398,5022004,4381452,Online
pharma-b,P002,South,Delhi,6,Q2,6531,2952012,3124581,Hospital
pharma-a,P002,North,Tamil Nadu,2,Q1,8204,2928828,2554210,Online
pharma-b,P009,East,Gujarat,5,Q2,8202,7529436,7284641,Retail
pharma-a,P018,South,Gujarat,2,Q1,2916,1717524,1808724,Hospital
pharma-b,P011,North,Tamil Nadu,12,Q4,7139,1463495,1641804,Retail
pharma-a,P018,South,Maharashtra,6,Q2,6827,2751281,2572406,Distributor
pharma-a,P001,East,Delhi,6,Q2,5805,5398650,6110587,Distributor
pharma-a,P005,West,Karnataka,12,Q4,5953,3202714,2728664,Online
pharma-b,P018,East,Karnataka,4,Q2,2742,1642458,1598083,Retail
pharma-a,P009,West,Maharashtra,1,Q1,9012,2541384,2689506,Retail
pharma-b,P019,West,Karnataka,7,Q3,9721,1137357,1029447,Retail
pharma-a,P002,West,Delhi,6,Q2,882,449820,396406,Hospital
pharma-b,P015,North,Maharashtra,6,Q2,2266,625416,538859,Retail
pharma-a,P009,East,Gujarat,1,Q1,7989,4361994,4491718,Retail
pharma-a,P013,South,Maharashtra,9,Q3,3672,2944944,2713180,Retail
pharma-a,P020,South,Gujarat,7,Q3,2903,624145,530980,Distributor
pharma-a,P001,West,Maharashtra,3,Q1,3339,1759653,1517941,Hospital
pharma-a,P005,South,Tamil Nadu,8,Q3,5083,1453738,1433689,Hospital
pharma-b,P010,East,Tamil Nadu,12,Q4,9371,6072408,6781310,Retail
pharma-a,P002,West,Karnataka,3,Q1,3101,2508709,2629302,Hospital
pharma-a,P006,West,Gujarat,9,Q3,1368,544464,505048,Online
pharma-b,P017,East,Karnataka,12,Q4,4935,2970870,2889187,Online
pharma-a,P014,East,Tamil Nadu,3,Q1,4711,4409496,5070025,Retail
pharma-b,P015,South,Tamil Nadu,9,Q3,8131,6594241,6100876,Online
pharma-b,P001,West,Maharashtra,12,Q4,4966,2612116,2469557,Online
pharma-b,P002,West,Maharashtra,3,Q1,8920,5459040,5633724,Retail
pharma-b,P005,West,Gujarat,1,Q1,2733,1705392,1857162,Retail
pharma-b,P003,West,Delhi,2,Q1,7668,973836,828143,Retail
pharma-b,P003,West,Maharashtra,6,Q2,6843,5789178,6166462,Hospital
pharma-a,P003,West,Tamil Nadu,5,Q2,8232,8149680,8338496,Distributor
pharma-a,P005,West,Gujarat,9,Q3,3627,819702,913176,Distributor
pharma-a,P018,East,Karnataka,6,Q2,4924,910940,1003433,Hospital
pharma-a,P019,North,Gujarat,9,Q3,4787,3202503,2741074,Online
pharma-a,P004,West,Maharashtra,12,Q4,8928,8017344,8555942,Online
pharma-b,P004,East,Karnataka,1,Q1,8356,4829768,5045461,Hospital
pharma-b,P010,North,Delhi,4,Q2,4185,2234790,2553275,Distributor
pharma-b,P020,West,Tamil Nadu,12,Q4,2984,2276792,2558211,Online
pharma-a,P002,East,Maharashtra,2,Q1,1073,1017204,1038763,Hospital
pharma-a,P016,North,Maharashtra,8,Q3,9597,8195838,7856826,Retail
pharma-a,P012,North,Karnataka,6,Q2,5235,3549330,3521171,Retail
pharma-a,P002,North,Maharashtra,11,Q4,3320,2436880,2730197,Online
pharma-b,P020,West,Delhi,11,Q4,8048,6357920,6725697,Distributor
pharma-a,P020,West,Delhi,10,Q4,7894,6836204,6444965,Retail
pharma-b,P005,West,Gujarat,12,Q4,4725,3709125,3874306,Hospital
pharma-b,P003,West,Delhi,2,Q1,6221,5580237,5946521,Online
pharma-b,P002,East,Maharashtra,4,Q2,4405,2506445,2835364,Retail
pharma-b,P014,West,Gujarat,11,Q4,7828,3820064,3858539,Online
pharma-a,P017,East,Delhi,8,Q3,1948,1805796,1965996,Distributor
pharma-a,P012,East,Gujarat,12,Q4,6905,4336340,4348230,Distributor
pharma-b,P019,North,Gujarat,1,Q1,3964,3722196,4053803,Online
pharma-a,P010,North,Delhi,8,Q3,4685,1738135,1649855,Online
pharma-a,P006,East,Delhi,4,Q2,5699,1413352,1614336,Hospital
pharma-a,P004,North,Maharashtra,12,Q4,8988,4314240,4703402,Hospital
pharma-b,P014,West,Gujarat,10,Q4,9575,7506800,8622608,Distributor
pharma-a,P006,North,Karnataka,6,Q2,9951,5184471,4589995,Retail
pharma-a,P015,South,Delhi,12,Q4,9214,995112,1107833,Hospital
pharma-a,P005,West,Delhi,3,Q1,6171,4504830,5137045,Online
pharma-a,P001,East,Delhi,5,Q2,9456,8945376,8043589,Online
pharma-a,P020,South,Maharashtra,5,Q2,8208,6558192,6076921,Distributor
pharma-b,P010,West,Maharashtra,5,Q2,3359,2341223,2164160,Online
pharma-a,P016,East,Tamil Nadu,3,Q1,1820,669760,655650,Online
pharma-a,P016,East,Gujarat,1,Q1,4947,2236044,2437696,Retail
pharma-b,P015,West,Gujarat,9,Q3,8994,6871416,7116023,Online
pharma-b,P011,East,Delhi,6,Q2,8900,3239600,3612294,Distributor
pharma-a,P008,East,Maharashtra,2,Q1,2731,2291309,2590751,Retail
pharma-b,P001,East,Gujarat,7,Q3,3481,2826572,2787292,Hospital
pharma-a,P009,West,Karnataka,9,Q3,945,201285,180342,Distributor
pharma-b,P010,West,Gujarat,4,Q2,7412,6196432,6732405,Distributor
pharma-b,P004,North,Delhi,7,Q3,9583,8835526,8575928,Retail
pharma-a,P002,West,Maharashtra,11,Q4,7363,3261809,3372667,Hospital
pharma-b,P008,North,Tamil Nadu,1,Q1,2651,2181773,1939947,Distributor
pharma-a,P008,North,Karnataka,8,Q3,3387,3139749,3502344,Online
pharma-a,P018,West,Karnataka,5,Q2,5386,3053862,3394860,Distributor
pharma-b,P007,North,Maharashtra,3,Q1,1753,550442,557642,Hospital
pharma-b,P018,South,Gujarat,8,Q3,9340,8181840,8913164,Online
pharma-b,P003,East,Delhi,6,Q2,8866,3892174,3908053,Online
pharma-a,P012,West,Delhi,12,Q4,5357,969617,976274,Hospital
pharma-a,P018,South,Delhi,3,Q1,1745,479875,539600,Online
pharma-b,P019,North,Delhi,10,Q4,4964,2477036,2543419,Distributor
pharma-a,P018,South,Gujarat,5,Q2,7856,1068416,1013394,Hospital
pharma-a,P003,South,Karnataka,10,Q4,9353,6247804,6935776,Online
pharma-a,P006,South,Karnataka,1,Q1,3907,3860116,3782053,Online
pharma-b,P010,South,Tamil Nadu,12,Q4,8373,5509434,5326298,Online
pharma-b,P006,West,Karnataka,9,Q3,8081,6917336,6665653,Hospital
pharma-a,P005,North,Gujarat,8,Q3,7853,5292922,4858632,Distributor
pharma-b,P003,North,Tamil Nadu,3,Q1,9297,3095901,3396710,Distributor
pharma-b,P012,West,Karnataka,6,Q2,7467,2068359,1877787,Retail
pharma-b,P016,North,Maharashtra,5,Q2,5916,1881288,1790792,Distributor
pharma-b,P007,North,Karnataka,8,Q3,4114,3550382,3695267,Retail
pharma-a,P018,East,Tamil Nadu,1,Q1,5614,4637164,4168648,Distributor
pharma-a,P005,East,Delhi,6,Q2,5257,2733640,2751032,Retail
pharma-b,P015,North,Delhi,2,Q1,2203,1156575,1148482,Hospital
pharma-b,P019,West,Delhi,7,Q3,8040,2717520,2740056,Distributor
pharma-b,P020,North,Delhi,5,Q2,8936,7032632,7934423,Distributor
pharma-b,P016,South,Karnataka,3,Q1,3421,2524698,2788383,Retail
pharma-b,P018,East,Delhi,9,Q3,8122,6546332,6423987,Hospital
pharma-b,P006,South,Gujarat,5,Q2,5624,3914304,4313921,Distributor
pharma-a,P014,East,Maharashtra,8,Q3,7259,900116,936889,Distributor
pharma-a,P002,North,Karnataka,12,Q4,1273,420090,465390,Retail
pharma-a,P004,South,Gujarat,8,Q3,1992,1966104,2118992,Retail
pharma-a,P008,East,Tamil Nadu,9,Q3,1373,587644,656590,Hospital
pharma-a,P018,North,Maharashtra,6,Q2,4079,1268569,1252217,Retail
pharma-b,P013,West,Maharashtra,3,Q1,7870,4737740,4262593,Online
pharma-a,P011,West,Delhi,10,Q4,7569,5865975,6078900,Online
pharma-b,P012,West,Delhi,10,Q4,6123,4445298,4538705,Distributor
pharma-a,P011,East,Karnataka,12,Q4,6836,1620132,1650822,Hospital
pharma-b,P004,East,Gujarat,6,Q2,5189,913264,929470,Distributor
pharma-a,P011,South,Delhi,3,Q1,1510,851640,952360,Retail
pharma-a,P013,East,Maharashtra,2,Q1,3530,684820,643601,Distributor
pharma-b,P010,East,Delhi,3,Q1,1483,1368809,1247467,Retail
pharma-b,P013,East,Tamil Nadu,4,Q2,921,575625,615455,Retail
pharma-b,P002,South,Delhi,11,Q4,4464,1232064,1314672,Hospital
pharma-a,P010,East,Maharashtra,12,Q4,3332,2319072,2110546,Online
pharma-a,P010,North,Gujarat,5,Q2,1978,553840,603223,Hospital
pharma-a,P012,South,Delhi,8,Q3,9866,4183184,4287338,Hospital
pharma-a,P010,West,Gujarat,5,Q2,1950,466050,508061,Retail
pharma-a,P011,East,Tamil Nadu,1,Q1,1914,1274724,1427707,Hospital
pharma-a,P007,East,Karnataka,5,Q2,8730,7219710,6931404,Hospital
pharma-a,P007,West,Karnataka,8,Q3,7504,4945136,4820534,Retail
pharma-b,P008,East,Karnataka,2,Q1,2408,611632,524643,Retail
pharma-a,P007,North,Karnataka,1,Q1,2011,796356,818350,Distributor
pharma-a,P006,North,Gujarat,9,Q3,9155,7580340,6603012,Online
pharma-b,P010,East,Karnataka,4,Q2,2417,2281648,2331122,Hospital
pharma-a,P003,South,Karnataka,6,Q2,6931,4678425,4997110,Retail
pharma-a,P015,South,Karnataka,7,Q3,7032,4219200,3654461,Distributor
pharma-a,P016,North,Maharashtra,11,Q4,4066,3281262,3328370,Hospital
pharma-a,P017,West,Delhi,1,Q1,5760,5368320,5959062,Hospital
pharma-a,P007,South,Maharashtra,4,Q2,4963,4556034,4232778,Distributor
pharma-b,P001,West,Maharashtra,5,Q2,9007,5278102,5705543,Distributor
pharma-a,P016,West,Delhi,12,Q4,3014,1404524,1491949,Online
pharma-a,P008,North,Tamil Nadu,12,Q4,3923,863060,835711,Retail
pharma-b,P017,North,Maharashtra,11,Q4,1398,591354,639350,Online
pharma-a,P007,West,Karnataka,1,Q1,7455,3787140,4207110,Hospital
pharma-a,P012,East,Tamil Nadu,10,Q4,7002,3543012,3741157,Retail
pharma-a,P008,South,Tamil Nadu,1,Q1,979,591316,521794,Distributor
pharma-a,P001,West,Maharashtra,5,Q2,1295,870240,849577,Retail
pharma-a,P007,East,Karnataka,1,Q1,7155,3183975,3556072,Online
pharma-b,P010,South,Gujarat,11,Q4,3303,1152747,1141722,Hospital
pharma-b,P006,South,Gujarat,6,Q2,9375,8981250,9499788,Distributor
pharma-b,P009,East,Delhi,2,Q1,3966,2915010,3150510,Online
pharma-a,P007,East,Gujarat,3,Q1,4353,2341914,2338829,Retail
pharma-b,P007,West,Gujarat,11,Q4,3654,906192,1029302,Hospital
pharma-a,P009,South,Tamil Nadu,5,Q2,7692,3630624,3651189,Online
pharma-b,P009,West,Tamil Nadu,12,Q4,4854,970800,939606,Online
pharma-a,P005,North,Tamil Nadu,4,Q2,2230,1266640,1203149,Retail
pharma-b,P016,West,Maharashtra,2,Q1,4762,2219092,2228003,Hospital
pharma-a,P004,East,Delhi,2,Q1,6559,3600891,3253328,Hospital
pharma-b,P007,West,Maharashtra,2,Q1,7284,4741884,4572896,Hospital
pharma-b,P013,North,Karnataka,7,Q3,1747,333677,335318,Retail
pharma-b,P001,East,Delhi,6,Q2,4917,2399496,2738794,Distributor
pharma-a,P013,South,Tamil Nadu,9,Q3,4685,4539765,5143215,Retail
pharma-b,P015,North,Delhi,1,Q1,3750,1488750,1657254,Distributor
pharma-b,P009,East,Gujarat,6,Q2,7221,6542226,6393046,Hospital
pharma-a,P001,North,Maharashtra,10,Q4,7277,5515966,6309302,Retail
pharma-b,P005,South,Gujarat,7,Q3,8226,3068298,3240419,Hospital
pharma-b,P007,West,Gujarat,4,Q2,9266,4410616,4619838,Hospital
pharma-b,P015,North,Gujarat,4,Q2,4737,615810,667702,Hospital
pharma-b,P012,North,Gujarat,2,Q1,1640,480520,467814,Distributor
pharma-a,P008,East,Gujarat,11,Q4,4626,3122550,2908977,Online
pharma-b,P002,North,Tamil Nadu,3,Q1,8479,5799636,5505106,Distributor
pharma-a,P010,South,Gujarat,6,Q2,4679,1829489,1891539,Online
pharma-b,P019,East,Delhi,3,Q1,1885,1619215,1741420,Online
pharma-b,P014,South,Tamil Nadu,6,Q2,3261,1995732,1701013,Hospital
pharma-a,P014,North,Tamil Nadu,4,Q2,4938,2039394,2015506,Distributor
pharma-b,P019,South,Karnataka,6,Q2,2425,2267375,2205679,Retail
pharma-a,P006,West,Delhi,12,Q4,8927,6427440,6401241,Hospital
pharma-a,P002,North,Tamil Nadu,1,Q1,8120,5432280,6191640,Hospital
pharma-a,P020,East,Delhi,8,Q3,7136,1255936,1345484,Retail
pharma-a,P009,East,Gujarat,5,Q2,1972,1607180,1810167,Distributor
pharma-a,P008,East,Delhi,3,Q1,9377,2869362,2989794,Online
pharma-a,P018,West,Delhi,7,Q3,8559,5880033,6750653,Hospital
pharma-a,P002,South,Tamil Nadu,6,Q2,6699,2545620,2650408,Online
pharma-a,P003,East,Gujarat,9,Q3,2628,2223288,2375993,Hospital
pharma-b,P002,East,Maharashtra,12,Q4,533,319267,341078,Hospital
pharma-a,P014,North,Maharashtra,5,Q2,7075,2568225,2379135,Hospital
pharma-a,P019,South,Maharashtra,10,Q4,7995,3765645,4104829,Retail
pharma-b,P016,South,Gujarat,9,Q3,6012,4971924,4501666,Online
pharma-b,P010,West,Tamil Nadu,1,Q1,1425,826500,841455,Hospital
pharma-a,P011,South,Karnataka,6,Q2,2053,533780,467571,Hospital
pharma-a,P006,West,Tamil Nadu,10,Q4,1489,1085481,1055879,Online
pharma-b,P001,South,Gujarat,7,Q3,6407,5356252,5908354,Retail
pharma-b,P015,North,Tamil Nadu,5,Q2,7094,6214344,6820753,Retail
pharma-a,P001,North,Karnataka,11,Q4,8239,898051,987487,Hospital
pharma-b,P002,South,Tamil Nadu,9,Q3,1495,956800,994549,Online
pharma-b,P019,South,Karnataka,1,Q1,8670,7967730,8781998,Hospital
pharma-a,P009,East,Gujarat,3,Q1,7630,4600890,4908049,Online
pharma-b,P006,West,Delhi,1,Q1,8278,7590926,7104492,Distributor
pharma-b,P013,East,Tamil Nadu,3,Q1,7497,4363254,4226030,Distributor
pharma-a,P020,South,Gujarat,2,Q1,7819,5473300,5098017,Online
pharma-b,P001,North,Karnataka,5,Q2,5969,5270627,4689345,Retail
pharma-a,P006,West,Karnataka,7,Q3,4198,667482,610754,Online
pharma-b,P012,South,Delhi,8,Q3,4148,1439356,1227817,Hospital
pharma-b,P009,North,Tamil Nadu,4,Q2,5988,1125744,1103008,Distributor
pharma-a,P005,East,Tamil Nadu,7,Q3,8341,3970316,3520286,Distributor
pharma-a,P016,North,Maharashtra,12,Q4,6368,6113280,6733686,Retail
pharma-b,P014,South,Karnataka,3,Q1,8570,4662080,4285218,Distributor
pharma-a,P005,East,Tamil Nadu,3,Q1,9013,3028368,2996890,Retail
pharma-b,P006,South,Delhi,10,Q4,3906,796824,685749,Retail
pharma-b,P002,North,Gujarat,12,Q4,5614,1375430,1439379,Distributor
pharma-a,P007,West,Maharashtra,5,Q2,3736,1102120,1013913,Retail
pharma-a,P018,South,Gujarat,5,Q2,6515,3309620,3443279,Hospital
pharma-a,P012,West,Gujarat,11,Q4,707,265125,262320,Online
pharma-a,P019,East,Maharashtra,8,Q3,7397,5066945,5308220,Hospital
pharma-b,P010,East,Delhi,5,Q2,5455,4609475,5068576,Retail
pharma-a,P012,West,Gujarat,4,Q2,8095,5949825,6250976,Online
pharma-b,P001,East,Karnataka,12,Q4,2883,2144952,2353381,Retail
pharma-b,P017,East,Gujarat,4,Q2,4810,4054830,4616286,Retail
pharma-a,P008,West,Gujarat,10,Q4,8179,6485947,6820875,Retail
pharma-a,P003,East,Maharashtra,4,Q2,3203,627788,645465,Distributor
pharma-b,P012,East,Maharashtra,11,Q4,989,227470,215979,Online
pharma-b,P014,West,Maharashtra,7,Q3,7999,2623672,3009719,Online
pharma-b,P016,North,Delhi,10,Q4,9953,7902682,7978292,Retail
pharma-a,P018,East,Gujarat,2,Q1,515,173040,174479,Retail
pharma-b,P005,West,Tamil Nadu,3,Q1,3001,615205,582953,Online
pharma-a,P015,East,Karnataka,10,Q4,7293,2428569,2498927,Distributor
pharma-b,P020,East,Maharashtra,4,Q2,9614,6499064,6202446,Distributor
pharma-b,P012,West,Delhi,4,Q2,1720,999320,866872,Online
pharma-a,P002,North,Karnataka,12,Q4,1991,230956,242193,Online
pharma-a,P013,West,Karnataka,11,Q4,3248,1490832,1596307,Online
pharma-a,P006,South,Karnataka,5,Q2,8773,4930426,4587122,Retail
pharma-a,P014,West,Maharashtra,2,Q1,2529,338886,349378,Distributor
pharma-b,P013,North,Tamil Nadu,4,Q2,3027,1583121,1492665,Online
pharma-a,P016,East,Gujarat,6,Q2,5077,979861,975258,Online
pharma-a,P020,North,Gujarat,4,Q2,8620,1715380,1930723,Distributor
pharma-b,P018,North,Maharashtra,5,Q2,6235,5418215,5403329,Retail
pharma-b,P014,West,Gujarat,5,Q2,4676,2828980,3077456,Retail
pharma-b,P018,North,Delhi,3,Q1,8711,5975746,5133155,Distributor
pharma-b,P014,East,Maharashtra,9,Q3,3635,2010155,2035676,Distributor
pharma-b,P015,North,Gujarat,9,Q3,9343,5736602,5282933,Online
pharma-b,P008,East,Delhi,1,Q1,7107,4406340,4166958,Retail
pharma-a,P013,South,Delhi,1,Q1,2954,1019130,880042,Online
pharma-b,P013,South,Delhi,4,Q2,5385,4808805,5349601,Distributor
pharma-b,P017,West,Gujarat,6,Q2,3396,726744,658429,Hospital
pharma-b,P013,North,Karnataka,9,Q3,7903,1303995,1110394,Hospital
pharma-a,P011,East,Tamil Nadu,10,Q4,5263,2578870,2522521,Distributor
pharma-a,P007,West,Tamil Nadu,5,Q2,7730,2952860,2917032,Hospital
pharma-a,P014,North,Karnataka,3,Q1,2397,2231607,2123170,Retail
pharma-b,P011,East,Gujarat,7,Q3,8736,7233408,8158258,Hospital
pharma-a,P002,East,Maharashtra,6,Q2,9038,6471208,5930753,Retail
pharma-b,P005,West,Tamil Nadu,1,Q1,2145,2003430,1837200,Distributor
pharma-b,P001,North,Karnataka,10,Q4,6049,5468296,6049986,Retail
pharma-a,P004,North,Maharashtra,3,Q1,5321,4948530,4731518,Online
pharma-a,P018,North,Delhi,9,Q3,1397,690118,741395,Hospital
pharma-b,P020,North,Karnataka,7,Q3,6622,907214,1009843,Distributor
pharma-a,P019,North,Gujarat,4,Q2,9943,5180303,5230429,Hospital
pharma-b,P016,North,Tamil Nadu,1,Q1,9286,1030746,1074658,Retail
pharma-a,P006,East,Maharashtra,8,Q3,2161,1542954,1507110,Retail
pharma-a,P007,South,Maharashtra,4,Q2,5078,3503820,3349316,Retail
pharma-a,P019,East,Maharashtra,11,Q4,1354,1280884,1170675,Hospital
pharma-b,P016,East,Gujarat,9,Q3,6214,3069716,2751539,Online
pharma-b,P018,North,Tamil Nadu,7,Q3,2240,378560,400195,Retail
pharma-b,P005,North,Karnataka,1,Q1,6862,4844572,5566375,Distributor
pharma-a,P014,East,Tamil Nadu,11,Q4,2028,551616,487104,Online
pharma-a,P003,North,Maharashtra,11,Q4,2658,2615472,2747428,Retail
pharma-a,P007,North,Karnataka,6,Q2,6351,4426647,4924401,Online
pharma-a,P002,West,Karnataka,4,Q2,2384,2167056,2026948,Distributor
pharma-b,P018,North,Maharashtra,10,Q4,6839,5115572,4513577,Online
pharma-a,P010,East,Maharashtra,6,Q2,3175,606425,527305,Hospital
pharma-a,P014,North,Gujarat,2,Q1,7134,6449136,6012049,Hospital
pharma-a,P009,East,Tamil Nadu,1,Q1,9365,7660570,6684713,Online
pharma-a,P009,North,Gujarat,4,Q2,4975,2661625,2712666,Distributor
pharma-b,P019,East,Maharashtra,7,Q3,689,485056,511264,Distributor
pharma-a,P014,South,Tamil Nadu,5,Q2,6078,3081546,3018865,Retail
pharma-b,P019,North,Tamil Nadu,5,Q2,2820,2036040,2330941,Hospital
pharma-b,P005,North,Delhi,10,Q4,6383,3606395,4071525,Online
pharma-b,P006,East,Karnataka,11,Q4,9243,3641742,3591638,Online
pharma-a,P020,East,Karnataka,1,Q1,2068,1034000,1169915,Distributor
pharma-b,P005,West,Maharashtra,8,Q3,5308,4182704,4448974,Distributor
pharma-a,P005,West,Karnataka,10,Q4,7807,3880079,3396779,Online
pharma-b,P005,West,Tamil Nadu,1,Q1,3607,1496905,1540359,Retail
pharma-b,P013,West,Tamil Nadu,11,Q4,1253,284431,275542,Online
pharma-a,P016,West,Delhi,1,Q1,3090,506760,567091,Online
pharma-a,P007,North,Karnataka,6,Q2,2924,1111120,1004222,Retail
pharma-b,P005,East,Tamil Nadu,1,Q1,511,323463,306095,Distributor
pharma-b,P003,West,Karnataka,2,Q1,6430,6230670,5401801,Retail
pharma-a,P012,South,Delhi,4,Q2,1936,565312,602451,Distributor
pharma-b,P014,North,Delhi,10,Q4,4267,1685465,1768330,Retail
pharma-a,P005,North,Maharashtra,10,Q4,1895,473750,533635,Distributor
pharma-b,P008,North,Delhi,12,Q4,1730,669510,742242,Online
pharma-a,P009,South,Tamil Nadu,8,Q3,9412,2390648,2526323,Distributor
pharma-a,P005,North,Maharashtra,7,Q3,9198,2299500,2111920,Retail
pharma-b,P020,North,Gujarat,2,Q1,753,107679,117499,Online
pharma-a,P010,South,Tamil Nadu,6,Q2,8088,5103528,5520522,Online
pharma-a,P011,East,Gujarat,8,Q3,7899,3072711,3327409,Distributor
pharma-a,P014,South,Delhi,9,Q3,9063,5845635,5220805,Online
pharma-a,P011,East,Delhi,12,Q4,3542,818202,852417,Retail
pharma-b,P004,North,Tamil Nadu,9,Q3,9627,8423625,7631550,Hospital
pharma-b,P002,South,Delhi,6,Q2,6488,2173480,2208702,Retail
pharma-b,P006,North,Delhi,8,Q3,6999,4087416,4007893,Online
pharma-a,P018,South,Gujarat,9,Q3,8612,3496472,3308662,Online
pharma-a,P005,North,Tamil Nadu,6,Q2,3901,674873,712128,Retail
pharma-b,P018,East,Gujarat,4,Q2,2183,1047840,1134958,Retail
pharma-b,P005,North,Maharashtra,8,Q3,5342,4423176,4951937,Hospital
pharma-b,P009,South,Maharashtra,11,Q4,2495,286925,313201,Hospital
pharma-b,P010,East,Karnataka,10,Q4,6757,2790641,2667177,Online
pharma-b,P009,South,Karnataka,2,Q1,8345,1660655,1815481,Distributor
pharma-a,P008,South,Delhi,10,Q4,7887,2113716,2191218,Online
pharma-a,P003,North,Maharashtra,12,Q4,3875,3526250,3667138,Retail
pharma-b,P010,West,Delhi,12,Q4,9392,7673264,7341652,Online
pharma-a,P017,North,Tamil Nadu,9,Q3,7110,1094940,1242109,Retail
pharma-a,P012,South,Tamil Nadu,10,Q4,4680,1506960,1487223,Retail
pharma-a,P016,East,Gujarat,1,Q1,3951,1260369,1115751,Retail
pharma-a,P008,East,Delhi,9,Q3,1171,1171000,1149560,Distributor
pharma-b,P007,North,Delhi,12,Q4,9107,2941561,3204144,Online
pharma-b,P015,West,Tamil Nadu,5,Q2,604,344280,294496,Online
pharma-b,P014,East,Tamil Nadu,1,Q1,561,442068,503998,Online
pharma-a,P006,South,Maharashtra,3,Q1,9327,2145210,1901249,Retail
pharma-b,P018,South,Tamil Nadu,9,Q3,4785,4210800,4135465,Online
pharma-b,P007,South,Karnataka,1,Q1,5404,4533956,4913784,Online
pharma-a,P002,West,Tamil Nadu,11,Q4,7005,931665,1039955,Distributor
pharma-a,P004,South,Karnataka,5,Q2,4835,1498850,1722994,Distributor
pharma-a,P004,East,Tamil Nadu,6,Q2,2106,541242,617049,Retail
pharma-a,P001,West,Karnataka,8,Q3,9631,7685538,6736408,Hospital
pharma-b,P018,South,Tamil Nadu,5,Q2,9167,1805899,1580069,Online
pharma-b,P019,East,Delhi,12,Q4,9551,8834675,9167098,Distributor
pharma-b,P006,North,Gujarat,4,Q2,8686,5967282,6423251,Hospital
pharma-a,P014,South,Tamil Nadu,6,Q2,9940,6043520,5458385,Online
pharma-b,P014,West,Tamil Nadu,8,Q3,6498,4425138,4039619,Online
pharma-a,P007,East,Maharashtra,8,Q3,4708,3337972,2910351,Distributor
pharma-a,P018,North,Gujarat,11,Q4,9419,8646642,8122085,Online
pharma-b,P005,South,Karnataka,10,Q4,712,566040,618921,Online
pharma-a,P012,North,Maharashtra,2,Q1,1728,316224,290035,Hospital
pharma-b,P010,North,Delhi,5,Q2,3505,3038835,2764254,Distributor
pharma-b,P020,South,Maharashtra,5,Q2,709,134001,114002,Online
pharma-a,P013,East,Tamil Nadu,12,Q4,803,336457,370699,Hospital
pharma-b,P016,South,Gujarat,11,Q4,938,459620,453303,Online
pharma-b,P008,West,Tamil Nadu,3,Q1,1099,767102,807509,Hospital
pharma-a,P006,South,Tamil Nadu,3,Q1,7583,3124196,2865251,Retail
pharma-a,P012,West,Gujarat,10,Q4,7689,2014518,2253724,Distributor
pharma-b,P004,East,Delhi,11,Q4,7773,5689836,5170016,Online
pharma-b,P001,North,Maharashtra,11,Q4,5999,2489585,2622401,Hospital
pharma-b,P016,South,Karnataka,12,Q4,7278,756912,828929,Online
pharma-b,P014,West,Maharashtra,1,Q1,9081,4095531,4308765,Online
pharma-a,P012,West,Tamil Nadu,10,Q4,5306,5035394,4601148,Retail
pharma-b,P009,East,Tamil Nadu,1,Q1,3256,1598696,1455180,Online
pharma-b,P016,West,Delhi,10,Q4,6950,6442650,7161413,Distributor
pharma-b,P017,West,Tamil Nadu,7,Q3,4748,4453624,4565010,Distributor
pharma-b,P003,East,Delhi,11,Q4,4409,1679829,1858059,Distributor
pharma-b,P002,South,Delhi,1,Q1,6472,2245784,2207167,Retail
pharma-a,P018,East,Gujarat,10,Q4,7026,2964972,3301640,Distributor
pharma-b,P001,South,Tamil Nadu,6,Q2,5081,3389027,3762056,Hospital
pharma-b,P017,North,Delhi,4,Q2,9217,2958657,2691243,Distributor
pharma-b,P019,South,Karnataka,12,Q4,2480,875440,851036,Online
pharma-b,P017,North,Delhi,1,Q1,8277,2698302,2664787,Hospital
pharma-b,P003,East,Maharashtra,12,Q4,6829,2205767,1991815,Distributor
pharma-a,P011,North,Maharashtra,12,Q4,2812,1453804,1393164,Retail
pharma-b,P019,West,Karnataka,4,Q2,5273,2657592,2631504,Online
pharma-b,P013,West,Maharashtra,4,Q2,4078,3959738,4383958,Retail
pharma-b,P007,West,Delhi,2,Q1,5999,4247292,3797040,Hospital
pharma-b,P003,North,Maharashtra,1,Q1,3433,2550719,2542479,Hospital
pharma-b,P018,North,Gujarat,6,Q2,2383,1193883,1121902,Distributor
pharma-b,P016,West,Karnataka,9,Q3,3716,1267156,1405165,Hospital
pharma-b,P003,East,Delhi,4,Q2,5766,3211662,3560651,Distributor
pharma-b,P016,South,Delhi,1,Q1,6135,4809840,5181257,Retail
pharma-b,P002,South,Tamil Nadu,1,Q1,7110,6974910,7033200,Distributor
pharma-b,P016,North,Tamil Nadu,2,Q1,9376,7463296,8453674,Retail
pharma-a,P008,West,Maharashtra,4,Q2,9838,2085656,1852506,Online
pharma-b,P009,East,Gujarat,11,Q4,9034,3649736,4153348,Hospital
pharma-a,P008,West,Tamil Nadu,9,Q3,7805,850745,808496,Hospital
pharma-b,P019,North,Maharashtra,11,Q4,7126,6876590,7167840,Hospital
pharma-a,P014,East,Maharashtra,8,Q3,1086,613590,618690,Distributor
pharma-b,P017,East,Gujarat,4,Q2,674,224442,207898,Distributor
pharma-b,P007,West,Delhi,11,Q4,5165,4162990,4385784,Distributor
pharma-b,P020,South,Tamil Nadu,3,Q1,8922,1418598,1467258,Retail
pharma-a,P015,South,Tamil Nadu,5,Q2,4525,3877925,4399377,Online
pharma-b,P017,East,Gujarat,9,Q3,4874,1788758,2053769,Hospital
pharma-b,P019,South,Maharashtra,4,Q2,3550,2627000,2259488,Distributor
pharma-b,P001,East,Karnataka,7,Q3,1386,314622,337578,Retail
pharma-a,P002,South,Gujarat,10,Q4,7089,3473610,3156643,Hospital
pharma-a,P008,East,Tamil Nadu,6,Q2,4837,498211,569724,Hospital
pharma-b,P020,North,Delhi,5,Q2,1485,1370655,1239072,Online
pharma-a,P006,North,Maharashtra,3,Q1,6353,2032960,1784990,Distributor
pharma-a,P001,East,Karnataka,4,Q2,1784,1391520,1578277,Retail
pharma-a,P013,South,Maharashtra,5,Q2,9156,9110220,8083805,Hospital
pharma-a,P002,East,Delhi,9,Q3,5216,4303200,4236441,Distributor
pharma-b,P016,West,Karnataka,10,Q4,9108,7887528,7060191,Distributor
pharma-b,P008,North,Delhi,2,Q1,9278,2412280,2402162,Retail
pharma-a,P014,East,Karnataka,10,Q4,6316,6240208,7095158,Distributor
pharma-a,P012,East,Tamil Nadu,11,Q4,7361,6566012,6620903,Hospital
pharma-b,P011,North,Karnataka,1,Q1,8909,2013434,2058849,Distributor
pharma-b,P009,West,Tamil Nadu,2,Q1,6047,695405,763114,Distributor
pharma-b,P019,North,Delhi,12,Q4,998,620756,634184,Distributor
pharma-b,P014,East,Maharashtra,4,Q2,5946,755142,742369,Online
pharma-b,P012,East,Gujarat,12,Q4,3946,1882242,2086056,Hospital
pharma-a,P017,South,Karnataka,8,Q3,7686,6871284,6520303,Online
pharma-b,P016,West,Delhi,6,Q2,9911,9851534,8905549,Distributor
pharma-a,P005,South,Gujarat,8,Q3,2931,2846001,2665386,Retail
pharma-b,P020,West,Gujarat,1,Q1,778,470690,408858,Distributor
pharma-b,P012,East,Gujarat,5,Q2,9825,7899300,8461441,Online
pharma-b,P004,West,Tamil Nadu,3,Q1,3735,2965590,3022208,Online
pharma-b,P004,South,Delhi,6,Q2,4120,1858120,2082007,Retail
pharma-b,P014,West,Delhi,10,Q4,841,407044,382758,Retail
pharma-a,P016,South,Tamil Nadu,7,Q3,6405,1934310,2111455,Distributor
pharma-b,P004,South,Delhi,2,Q1,8633,6492016,7113543,Hospital
pharma-b,P010,East,Delhi,9,Q3,4442,4037778,3783143,Distributor
pharma-b,P012,West,Karnataka,2,Q1,7446,4996266,5680222,Retail
pharma-a,P012,West,Tamil Nadu,7,Q3,8839,1370045,1394907,Distributor
pharma-a,P010,North,Maharashtra,9,Q3,7338,6435426,6855413,Distributor
pharma-a,P003,West,Maharashtra,6,Q2,5900,4696400,4656315,Distributor
pharma-a,P003,West,Gujarat,4,Q2,4154,2077000,2111886,Hospital
pharma-a,P003,West,Maharashtra,9,Q3,9933,6257790,7165152,Distributor
pharma-a,P003,North,Delhi,6,Q2,9541,2871841,2955598,Hospital
pharma-a,P012,South,Karnataka,1,Q1,3150,1622250,1517632,Hospital
pharma-a,P008,South,Gujarat,7,Q3,4481,2737891,2809707,Retail
pharma-a,P008,West,Gujarat,3,Q1,1528,1028344,1038307,Retail
pharma-b,P010,West,Gujarat,2,Q1,7253,6462423,6370926,Online
pharma-a,P009,South,Maharashtra,9,Q3,4310,1749860,1756423,Hospital
pharma-a,P010,South,Tamil Nadu,7,Q3,5285,3128720,2920435,Online
pharma-b,P009,North,Delhi,8,Q3,9655,2877190,3107217,Retail
pharma-b,P020,West,Tamil Nadu,4,Q2,7747,5484876,5953661,Distributor
pharma-a,P018,West,Tamil Nadu,5,Q2,4966,3595384,3667088,Distributor
pharma-b,P017,West,Maharashtra,5,Q2,4714,2324002,2543932,Retail
pharma-b,P008,North,Delhi,6,Q2,7662,3930606,3707684,Retail
pharma-a,P020,East,Maharashtra,3,Q1,6707,6110077,6648850,Hospital
pharma-b,P009,West,Tamil Nadu,7,Q3,9009,1486485,1691056,Hospital
pharma-a,P005,South,Karnataka,11,Q4,2734,1017048,981565,Online
pharma-a,P006,North,Karnataka,8,Q3,3904,1307840,1302335,Distributor
pharma-a,P013,North,Karnataka,9,Q3,7277,4388031,4940814,Distributor
pharma-b,P017,South,Maharashtra,5,Q2,5901,2566935,2631715,Distributor
pharma-b,P013,East,Tamil Nadu,9,Q3,6813,4598775,4842971,Hospital
pharma-b,P011,North,Karnataka,7,Q3,8347,6402149,6256850,Distributor
pharma-b,P007,West,Karnataka,3,Q1,8149,1116413,1072084,Hospital
pharma-b,P014,East,Karnataka,5,Q2,4648,1306088,1126753,Distributor
pharma-a,P003,West,Tamil Nadu,5,Q2,7969,6630208,5834089,Distributor
pharma-a,P002,South,Delhi,2,Q1,9911,1922734,1964062,Distributor
pharma-a,P011,West,Delhi,11,Q4,2159,736219,675215,Distributor
pharma-a,P018,North,Delhi,4,Q2,3541,3371032,3053283,Online
pharma-b,P014,South,Karnataka,8,Q3,1280,1149440,1073283,Retail
pharma-a,P018,North,Maharashtra,7,Q3,1164,1002204,1092522,Hospital
pharma-b,P002,North,Delhi,3,Q1,2579,1849143,1616995,Distributor
pharma-b,P015,East,Gujarat,7,Q3,6428,4705296,4844475,Distributor
pharma-a,P016,North,Karnataka,6,Q2,7532,1483804,1687446,Distributor
pharma-a,P011,South,Maharashtra,5,Q2,602,446684,444537,Distributor
pharma-a,P008,North,Tamil Nadu,2,Q1,677,479993,516161,Retail
pharma-a,P013,West,Delhi,6,Q2,3795,3574890,3531885,Distributor
pharma-b,P008,South,Maharashtra,5,Q2,4527,832968,860353,Online
pharma-b,P008,North,Karnataka,7,Q3,7462,3887702,3714376,Hospital
pharma-a,P008,South,Tamil Nadu,2,Q1,7280,3377920,3215529,Hospital
pharma-b,P005,East,Tamil Nadu,6,Q2,5935,2647010,2368908,Online
pharma-a,P002,South,Tamil Nadu,11,Q4,8250,7136250,6188790,Online
pharma-b,P004,North,Maharashtra,6,Q2,7653,5073939,5054802,Online
pharma-a,P011,West,Maharashtra,2,Q1,3413,631405,668877,Hospital
pharma-b,P015,South,Karnataka,4,Q2,6479,5947722,6475417,Retail
pharma-a,P001,East,Delhi,9,Q3,5118,4355418,4463556,Distributor
pharma-a,P014,East,Tamil Nadu,1,Q1,7747,5384165,5055946,Retail
pharma-a,P017,South,Maharashtra,3,Q1,4946,1384880,1341648,Distributor
pharma-b,P017,East,Delhi,12,Q4,2308,1585596,1359434,Hospital
pharma-b,P003,North,Delhi,12,Q4,5493,3608901,3613691,Distributor
pharma-a,P002,South,Karnataka,5,Q2,6911,6171523,5921622,Retail
pharma-a,P014,South,Karnataka,1,Q1,5672,3363496,3574052,Distributor
pharma-b,P007,West,Maharashtra,1,Q1,9964,9356196,9469198,Distributor
pharma-a,P013,East,Karnataka,8,Q3,7855,1044715,1088526,Retail
pharma-a,P015,North,Delhi,8,Q3,1507,320991,351701,Distributor
pharma-a,P018,South,Karnataka,11,Q4,9763,8415706,8341733,Online
pharma-b,P013,North,Tamil Nadu,7,Q3,7781,3758223,3235991,Hospital
pharma-b,P008,South,Maharashtra,12,Q4,1633,258014,272382,Distributor
pharma-a,P013,South,Karnataka,12,Q4,1706,1021894,1049135,Online
pharma-b,P016,North,Gujarat,10,Q4,4722,3966480,3728464,Online
pharma-b,P010,East,Karnataka,12,Q4,5973,4085532,3721059,Distributor
pharma-b,P001,West,Tamil Nadu,6,Q2,609,420210,390075,Retail
pharma-a,P016,East,Tamil Nadu,3,Q1,3486,1952160,1724143,Retail
pharma-b,P001,South,Tamil Nadu,12,Q4,1562,349888,356302,Hospital
pharma-a,P001,South,Tamil Nadu,1,Q1,1614,1134642,1059189,Hospital
pharma-a,P015,North,Maharashtra,4,Q2,2727,1666197,1761317,Retail
pharma-a,P012,West,Tamil Nadu,8,Q3,8622,7785666,6734022,Distributor
pharma-b,P005,West,Gujarat,3,Q1,2147,444429,452851,Online
pharma-b,P010,West,Maharashtra,8,Q3,7866,2414862,2513199,Distributor
pharma-b,P019,North,Gujarat,3,Q1,2946,403602,385936,Hospital
pharma-a,P012,West,Karnataka,12,Q4,9821,8406776,8817604,Distributor
pharma-a,P012,North,Maharashtra,8,Q3,6347,1320176,1290240,Distributor
pharma-b,P016,South,Delhi,9,Q3,2476,1644064,1461926,Hospital
pharma-b,P016,East,Gujarat,8,Q3,5122,3129542,3083656,Retail
pharma-b,P020,East,Gujarat,5,Q2,4041,2622609,2414266,Online
pharma-b,P004,South,Delhi,3,Q1,1091,1049542,917379,Retail
pharma-a,P013,East,Tamil Nadu,11,Q4,9968,2252768,2015351,Online
pharma-a,P019,North,Gujarat,7,Q3,9924,2907732,2655473,Retail
pharma-a,P007,North,Karnataka,9,Q3,8337,5585790,5111136,Distributor
pharma-b,P017,South,Gujarat,12,Q4,8322,4011204,3688875,Distributor
pharma-b,P006,West,Karnataka,1,Q1,2724,1939488,2041623,Online
pharma-b,P016,North,Maharashtra,3,Q1,9650,2518650,2445531,Retail
pharma-b,P012,North,Tamil Nadu,4,Q2,9848,2649112,2888043,Retail
pharma-a,P003,West,Tamil Nadu,9,Q3,7569,3353067,3761134,Hospital
pharma-a,P019,East,Tamil Nadu,6,Q2,1408,595584,564433,Online
pharma-b,P016,North,Tamil Nadu,5,Q2,3839,671825,755392,Distributor
pharma-a,P010,East,Karnataka,6,Q2,4557,2797998,3154736,Hospital
pharma-a,P011,West,Delhi,1,Q1,2805,1598850,1434770,Distributor
pharma-a,P007,West,Gujarat,12,Q4,6613,3709893,3869773,Online
pharma-a,P020,East,Karnataka,4,Q2,9947,2009294,1953196,Online
pharma-b,P001,East,Delhi,1,Q1,7049,4835614,5211365,Retail
pharma-b,P009,North,Maharashtra,12,Q4,1605,186180,175000,Online
pharma-b,P009,South,Delhi,5,Q2,2961,642537,723655,Hospital
pharma-a,P017,North,Gujarat,9,Q3,7310,5299750,5925624,Hospital
pharma-a,P005,South,Delhi,8,Q3,5758,1813770,1829369,Hospital
pharma-a,P003,East,Tamil Nadu,1,Q1,3590,1457540,1439199,Online
pharma-a,P003,West,Delhi,11,Q4,3143,1549499,1404176,Distributor
pharma-b,P010,West,Karnataka,1,Q1,3414,771564,848071,Distributor
pharma-b,P013,South,Karnataka,11,Q4,4595,3138385,2935479,Online
pharma-a,P015,South,Delhi,4,Q2,5025,2482350,2395238,Hospital
pharma-b,P009,West,Maharashtra,12,Q4,1329,700383,605983,Retail
pharma-a,P002,West,Gujarat,6,Q2,2275,1137500,1031673,Retail
pharma-a,P009,North,Karnataka,1,Q1,3292,885548,830041,Hospital
pharma-b,P011,West,Maharashtra,7,Q3,8931,1268202,1422458,Distributor
pharma-b,P009,North,Gujarat,12,Q4,6001,2256376,2000398,Retail
pharma-a,P014,West,Delhi,12,Q4,702,170586,171501,Hospital
pharma-b,P014,East,Gujarat,2,Q1,7696,5864352,6062492,Distributor
pharma-b,P018,South,Gujarat,1,Q1,5893,1655933,1774029,Distributor
pharma-a,P006,North,Gujarat,2,Q1,2181,1670646,1561957,Distributor
pharma-a,P010,North,Delhi,1,Q1,1877,602517,659557,Distributor
pharma-b,P019,South,Gujarat,2,Q1,5161,5031975,4531406,Distributor
pharma-a,P001,North,Karnataka,12,Q4,1000,210000,206864,Hospital
pharma-a,P002,East,Delhi,7,Q3,8744,5465000,6219754,Online
pharma-b,P012,East,Gujarat,2,Q1,9387,2346750,2320948,Hospital
pharma-a,P013,West,Delhi,10,Q4,2167,1139842,1075613,Distributor
pharma-a,P011,South,Karnataka,12,Q4,2362,1589626,1663367,Hospital
pharma-a,P007,North,Gujarat,6,Q2,2751,885822,780145,Online
pharma-a,P008,East,Karnataka,9,Q3,4607,3833024,4376752,Retail
pharma-a,P009,West,Karnataka,7,Q3,8308,7917524,6923890,Retail
pharma-a,P001,South,Delhi,4,Q2,4647,1217514,1123184,Online
pharma-b,P002,West,Tamil Nadu,7,Q3,985,411730,445420,Retail
pharma-b,P014,West,Tamil Nadu,5,Q2,1348,878896,931840,Online
pharma-b,P005,North,Maharashtra,8,Q3,6038,1702716,1852635,Hospital
pharma-a,P008,South,Maharashtra,6,Q2,1696,201824,213202,Online
pharma-a,P010,West,Karnataka,6,Q2,5030,1443610,1414273,Distributor
pharma-a,P014,South,Gujarat,3,Q1,8452,8147728,7987385,Retail
pharma-b,P006,South,Gujarat,11,Q4,2194,2027256,2058474,Retail
pharma-b,P007,South,Tamil Nadu,9,Q3,7487,4701836,4026664,Hospital
pharma-b,P006,South,Delhi,8,Q3,4284,771120,775992,Distributor
pharma-a,P003,North,Tamil Nadu,11,Q4,9979,7055153,6392856,Hospital
pharma-a,P011,South,Delhi,12,Q4,8160,6829920,5922281,Hospital
pharma-b,P001,West,Tamil Nadu,6,Q2,600,504000,512858,Distributor
pharma-b,P019,West,Karnataka,6,Q2,7972,3874392,3879702,Online
pharma-a,P003,South,Gujarat,1,Q1,5830,4034360,3862983,Distributor
pharma-b,P012,East,Karnataka,3,Q1,6574,4575504,4346011,Hospital
pharma-a,P007,North,Delhi,10,Q4,1602,735318,689907,Online
pharma-a,P012,North,Maharashtra,1,Q1,7229,4402461,4149701,Hospital
pharma-a,P014,South,Tamil Nadu,6,Q2,660,642180,610425,Hospital
pharma-b,P003,West,Karnataka,8,Q3,2832,691008,636540,Retail
pharma-b,P016,West,Maharashtra,12,Q4,3755,3548475,3738421,Retail
pharma-a,P005,North,Tamil Nadu,2,Q1,9123,8530005,8842427,Retail
pharma-b,P010,West,Delhi,3,Q1,2466,424152,475452,Online
pharma-b,P019,West,Karnataka,8,Q3,4062,698664,612241,Retail
pharma-a,P004,North,Gujarat,9,Q3,7098,1880970,2148437,Hospital
pharma-b,P011,East,Maharashtra,1,Q1,4348,4056684,4577293,Hospital
pharma-a,P008,West,Delhi,9,Q3,6598,5489536,4818735,Hospital
pharma-a,P005,North,Gujarat,3,Q1,5489,971553,1031717,Hospital
pharma-a,P015,North,Karnataka,9,Q3,4789,2547748,2213494,Online
pharma-b,P007,South,Maharashtra,5,Q2,9804,7068684,7225486,Hospital
pharma-a,P005,North,Delhi,4,Q2,5601,4368780,4362981,Retail
pharma-a,P010,East,Karnataka,2,Q1,1210,630410,604164,Hospital
pharma-a,P010,West,Maharashtra,2,Q1,696,517824,485557,Retail
pharma-a,P008,East,Delhi,6,Q2,7958,5443272,5122328,Hospital
pharma-b,P005,South,Karnataka,10,Q4,6354,3386682,3645784,Online
pharma-a,P003,West,Tamil Nadu,2,Q1,9064,8329816,8990218,Online
pharma-b,P016,West,Tamil Nadu,12,Q4,7675,3676325,4078626,Retail
pharma-b,P015,North,Karnataka,4,Q2,9298,1729428,1746565,Retail
pharma-b,P006,North,Delhi,9,Q3,8307,2741310,2362051,Distributor
pharma-a,P019,East,Delhi,6,Q2,8713,4522047,5104567,Hospital
pharma-b,P008,East,Maharashtra,9,Q3,9601,7700002,6615736,Online
pharma-b,P002,South,Maharashtra,6,Q2,8437,7795788,7372472,Distributor
pharma-a,P019,North,Gujarat,11,Q4,5829,2005176,2102431,Retail
pharma-a,P012,East,Delhi,10,Q4,3632,3214320,2959300,Retail
pharma-b,P003,East,Delhi,1,Q1,7226,2406258,2418213,Online
pharma-b,P001,South,Maharashtra,12,Q4,8171,6128250,5346352,Distributor
pharma-a,P015,East,Karnataka,1,Q1,6174,2883258,3041065,Distributor
pharma-b,P008,East,Delhi,5,Q2,1090,610400,657799,Online
pharma-b,P015,South,Karnataka,2,Q1,1012,868296,748132,Retail
pharma-a,P009,North,Gujarat,5,Q2,8601,7551678,8616243,Hospital
pharma-a,P010,West,Maharashtra,12,Q4,7767,3689325,3876004,Hospital
pharma-b,P004,North,Delhi,9,Q3,7504,3887072,3867802,Online
pharma-b,P009,South,Tamil Nadu,3,Q1,5289,2152623,2361680,Online
pharma-a,P009,West,Tamil Nadu,2,Q1,2383,2201892,1881960,Hospital
pharma-b,P015,North,Karnataka,4,Q2,3072,1333248,1318546,Hospital
pharma-b,P010,South,Maharashtra,8,Q3,4502,1066974,1005502,Online
pharma-b,P017,West,Delhi,10,Q4,1480,1290560,1179748,Hospital
pharma-b,P008,North,Tamil Nadu,8,Q3,8695,6121280,6256099,Distributor
pharma-b,P019,South,Delhi,8,Q3,865,336485,372328,Hospital
pharma-a,P007,North,Maharashtra,9,Q3,7479,6626394,7575817,Retail
pharma-a,P008,North,Delhi,6,Q2,6708,6271980,6030356,Hospital
pharma-a,P015,East,Gujarat,2,Q1,8276,1307608,1119929,Distributor
pharma-a,P015,East,Karnataka,12,Q4,3032,1400784,1563961,Online
pharma-b,P001,East,Karnataka,7,Q3,2762,1165564,1022692,Retail
pharma-a,P004,North,Delhi,5,Q2,2289,1721328,1497449,Hospital
pharma-a,P001,West,Maharashtra,8,Q3,2178,768834,823499,Retail
pharma-a,P002,East,Karnataka,3,Q1,1735,1372385,1293867,Retail
pharma-b,P015,South,Delhi,4,Q2,9683,3592393,3775362,Distributor
pharma-b,P004,North,Tamil Nadu,2,Q1,5622,4407648,4757325,Distributor
pharma-b,P005,West,Maharashtra,9,Q3,5009,4863739,5340917,Distributor
pharma-a,P015,East,Gujarat,3,Q1,7077,4543434,4035367,Distributor
pharma-a,P018,North,Delhi,10,Q4,5594,738408,668179,Retail
pharma-a,P007,East,Gujarat,6,Q2,4268,4033260,3849116,Hospital
pharma-a,P011,South,Gujarat,9,Q3,995,441780,379226,Online
pharma-b,P002,West,Gujarat,2,Q1,7890,7314030,6681699,Distributor
pharma-b,P005,East,Karnataka,5,Q2,8255,4986020,4969053,Distributor
pharma-b,P009,West,Delhi,10,Q4,4518,605412,570198,Distributor
pharma-a,P002,West,Maharashtra,7,Q3,9811,6318284,7026796,Retail
pharma-b,P010,West,Karnataka,12,Q4,7995,3773640,4120317,Retail
pharma-b,P015,South,Gujarat,6,Q2,5255,4035840,4404468,Hospital
pharma-a,P005,North,Maharashtra,5,Q2,899,520521,466984,Distributor
pharma-b,P012,South,Gujarat,7,Q3,1213,235322,253371,Hospital
pharma-a,P005,East,Tamil Nadu,1,Q1,7714,5222378,4663568,Retail
pharma-b,P004,West,Delhi,4,Q2,2537,2034674,1970118,Hospital
pharma-a,P005,East,Maharashtra,11,Q4,4286,3715962,3917067,Distributor
pharma-a,P020,East,Delhi,3,Q1,8035,5383450,5501682,Retail
pharma-a,P014,North,Tamil Nadu,10,Q4,4835,3302305,3217243,Distributor
pharma-b,P010,East,Gujarat,6,Q2,7977,6780450,6794839,Hospital
pharma-a,P015,South,Maharashtra,8,Q3,5216,4157152,4441351,Retail
pharma-b,P004,South,Karnataka,3,Q1,5085,630540,566490,Retail
pharma-b,P005,West,Tamil Nadu,2,Q1,8063,4176634,4700536,Distributor
pharma-a,P009,North,Delhi,12,Q4,6880,3054720,3204810,Hospital
pharma-a,P006,West,Karnataka,9,Q3,1801,405225,461732,Distributor
pharma-a,P005,South,Gujarat,12,Q4,3153,435114,432089,Distributor
pharma-b,P019,East,Karnataka,9,Q3,2709,1495368,1620908,Online
pharma-b,P016,East,Karnataka,4,Q2,3943,1675775,1775925,Retail
pharma-a,P015,South,Karnataka,12,Q4,7716,4876512,5554430,Online
pharma-a,P003,East,Maharashtra,1,Q1,695,167495,161432,Online
pharma-b,P006,North,Delhi,4,Q2,4618,3754434,3779128,Online
pharma-b,P007,West,Maharashtra,6,Q2,6340,3721580,3440927,Hospital
pharma-b,P006,North,Gujarat,10,Q4,9665,2889835,2513139,Online
pharma-a,P001,East,Maharashtra,8,Q3,3933,3779613,3476796,Online
pharma-a,P004,South,Gujarat,8,Q3,3658,1393698,1578227,Distributor
pharma-b,P002,South,Tamil Nadu,11,Q4,6613,4767973,4966656,Hospital
pharma-a,P014,North,Maharashtra,10,Q4,1463,852929,763561,Hospital
pharma-b,P003,South,Maharashtra,9,Q3,5075,2309125,2087440,Distributor
pharma-b,P002,South,Karnataka,4,Q2,1735,1617020,1533510,Online
pharma-b,P004,West,Delhi,8,Q3,984,297168,267512,Hospital
pharma-a,P014,North,Gujarat,5,Q2,1598,920448,875222,Retail
pharma-b,P004,South,Maharashtra,1,Q1,7769,4855625,5038109,Online
pharma-b,P012,West,Delhi,6,Q2,9367,4177682,4741033,Hospital
pharma-b,P019,North,Delhi,6,Q2,1206,486018,503312,Online
pharma-a,P008,West,Tamil Nadu,10,Q4,5272,4180696,4046929,Online
pharma-a,P017,West,Delhi,2,Q1,9350,2122450,1987482,Retail
pharma-a,P010,South,Gujarat,5,Q2,5807,853629,900231,Distributor
pharma-b,P005,North,Tamil Nadu,7,Q3,4772,3712616,3371105,Distributor
pharma-a,P019,East,Maharashtra,7,Q3,6687,3738033,3464868,Hospital
pharma-b,P018,West,Gujarat,9,Q3,6396,4125420,3896045,Distributor
pharma-a,P003,North,Tamil Nadu,11,Q4,7655,4348040,4532100,Online
pharma-b,P003,West,Gujarat,4,Q2,9987,5592720,5656435,Distributor
pharma-a,P015,West,Maharashtra,2,Q1,3123,1202355,1229404,Hospital
pharma-b,P009,East,Gujarat,9,Q3,2912,1059968,1213295,Online
pharma-a,P009,West,Maharashtra,5,Q2,1143,678942,705067,Retail
pharma-b,P012,North,Gujarat,8,Q3,6615,3327345,3613198,Retail
pharma-b,P019,South,Maharashtra,4,Q2,3105,1800900,2045550,Distributor
pharma-b,P004,South,Delhi,7,Q3,8426,2435114,2792350,Retail
pharma-a,P001,North,Gujarat,6,Q2,8001,6200775,6211838,Distributor
pharma-a,P012,South,Karnataka,12,Q4,5496,1566360,1491371,Online
pharma-b,P001,North,Gujarat,9,Q3,513,510948,568018,Online
pharma-a,P014,North,Karnataka,1,Q1,3812,1429500,1246456,Retail
pharma-b,P011,South,Karnataka,10,Q4,8947,3847210,3770669,Distributor
pharma-b,P015,North,Tamil Nadu,1,Q1,7482,1084890,930258,Distributor
pharma-b,P004,East,Karnataka,4,Q2,7793,1028676,1180775,Distributor
pharma-a,P016,East,Delhi,4,Q2,6849,4609377,4523204,Online
pharma-a,P017,West,Tamil Nadu,3,Q1,1799,838334,936930,Online
pharma-b,P001,East,Delhi,6,Q2,8718,4768746,4667289,Retail
pharma-b,P018,West,Delhi,2,Q1,4990,1367260,1362761,Distributor
pharma-a,P003,East,Maharashtra,12,Q4,8743,5350716,5302761,Online
pharma-a,P009,South,Maharashtra,11,Q4,3138,749982,683598,Retail
pharma-a,P004,East,Gujarat,1,Q1,734,419848,444872,Hospital
pharma-a,P005,North,Delhi,12,Q4,4974,3098802,2874356,Distributor
pharma-b,P015,West,Maharashtra,6,Q2,4856,1034328,1106965,Online
pharma-b,P013,North,Delhi,6,Q2,7343,4853723,4983457,Retail
pharma-a,P004,West,Delhi,6,Q2,7711,5922048,5745579,Online
pharma-b,P012,West,Tamil Nadu,7,Q3,7067,6932727,6416324,Online
pharma-a,P018,East,Karnataka,1,Q1,8694,6842178,7329461,Distributor
pharma-a,P019,West,Delhi,6,Q2,5753,1662617,1448443,Distributor
pharma-a,P010,West,Gujarat,3,Q1,9647,5913611,5891702,Retail
pharma-b,P012,East,Delhi,3,Q1,3229,339045,332039,Distributor
pharma-a,P014,South,Gujarat,9,Q3,8158,7358516,7754636,Online
pharma-b,P002,North,Tamil Nadu,8,Q3,2788,1148656,1119325,Online
pharma-a,P019,North,Karnataka,3,Q1,1937,703131,649799,Retail
pharma-a,P018,South,Gujarat,4,Q2,4461,4193340,3589270,Hospital
pharma-a,P004,East,Maharashtra,7,Q3,6294,2246958,2248149,Distributor
pharma-b,P017,West,Delhi,6,Q2,2686,2183718,2045848,Retail
pharma-b,P004,East,Maharashtra,5,Q2,3659,1906339,1968454,Distributor
pharma-b,P015,South,Delhi,2,Q1,7923,5427255,6045465,Retail
pharma-b,P003,South,Delhi,6,Q2,7011,3743874,4208714,Online
pharma-a,P007,East,Gujarat,7,Q3,4601,777569,769165,Retail
pharma-b,P013,North,Maharashtra,10,Q4,2316,2068188,2268117,Online
pharma-a,P009,West,Gujarat,5,Q2,8209,4358979,4625331,Retail
pharma-a,P013,East,Karnataka,7,Q3,9105,8922900,8553191,Hospital
pharma-b,P019,West,Karnataka,7,Q3,8387,5686386,6073434,Hospital
pharma-a,P001,South,Tamil Nadu,2,Q1,1452,1154340,1253599,Distributor
pharma-a,P001,South,Gujarat,11,Q4,7941,2080542,1831413,Retail
pharma-a,P012,North,Gujarat,1,Q1,4989,2294940,2453986,Online
pharma-a,P010,East,Tamil Nadu,12,Q4,3496,887984,764283,Online
pharma-b,P014,West,Karnataka,11,Q4,4363,3123908,2854131,Distributor
pharma-a,P017,South,Delhi,4,Q2,2654,1305768,1160133,Retail
pharma-a,P009,North,Karnataka,1,Q1,8602,3621442,3418680,Distributor
pharma-a,P009,South,Maharashtra,3,Q1,5138,3293458,3093405,Distributor
pharma-a,P016,East,Delhi,1,Q1,3979,3402045,3776732,Retail
pharma-a,P019,West,Maharashtra,3,Q1,4841,1820216,1549318,Retail
pharma-a,P001,North,Tamil Nadu,8,Q3,2076,1629660,1657655,Retail
pharma-b,P008,South,Tamil Nadu,8,Q3,4114,2472514,2425164,Distributor
pharma-b,P015,West,Maharashtra,8,Q3,2585,1432090,1370639,Retail
pharma-b,P011,East,Gujarat,2,Q1,5220,3022380,3419166,Retail
pharma-b,P014,West,Maharashtra,6,Q2,4547,3155618,2887853,Retail
pharma-b,P006,West,Maharashtra,3,Q1,1630,740020,642086,Hospital
pharma-a,P009,South,Karnataka,10,Q4,1328,726416,651798,Distributor
pharma-a,P010,West,Tamil Nadu,4,Q2,4026,3305346,3686682,Hospital
pharma-a,P020,North,Karnataka,8,Q3,2333,1878065,1934696,Retail
pharma-b,P012,South,Gujarat,12,Q4,6441,2718102,2687082,Hospital
pharma-b,P006,North,Maharashtra,7,Q3,3563,1001203,861113,Online
pharma-b,P020,North,Maharashtra,1,Q1,5023,4791942,4434600,Online
pharma-b,P007,West,Delhi,5,Q2,4612,1452780,1593864,Online
pharma-a,P009,South,Karnataka,12,Q4,622,464012,402257,Retail
pharma-a,P015,West,Gujarat,4,Q2,5728,1489280,1472219,Hospital
pharma-b,P018,East,Tamil Nadu,2,Q1,1423,1018868,1146023,Retail
pharma-b,P007,North,Maharashtra,1,Q1,1210,194810,204488,Retail
pharma-a,P011,West,Tamil Nadu,8,Q3,5918,2308020,2240501,Online
pharma-a,P016,South,Gujarat,11,Q4,5563,3187599,3335078,Retail
pharma-b,P009,West,Karnataka,4,Q2,3511,2907108,2721380,Online
pharma-b,P014,East,Maharashtra,6,Q2,5360,4641760,4517572,Retail
pharma-b,P004,West,Delhi,8,Q3,3842,1617482,1846938,Hospital
pharma-b,P004,West,Tamil Nadu,10,Q4,6834,3191478,3386447,Distributor
pharma-b,P011,West,Maharashtra,1,Q1,4246,3490212,3195911,Distributor
pharma-a,P006,West,Delhi,9,Q3,4699,3533648,3151666,Hospital
pharma-a,P006,South,Delhi,2,Q1,4851,2163546,2068215,Distributor
pharma-a,P015,South,Karnataka,8,Q3,6996,3658908,3159548,Hospital
pharma-b,P005,West,Delhi,4,Q2,1440,416160,430995,Online
pharma-a,P018,North,Karnataka,8,Q3,3043,861169,884507,Retail
pharma-a,P001,South,Delhi,11,Q4,2934,1226412,1370819,Retail
pharma-a,P006,East,Maharashtra,2,Q1,5507,3750267,3631146,Retail
pharma-b,P001,West,Tamil Nadu,11,Q4,5880,1775760,1830874,Online
pharma-a,P010,West,Tamil Nadu,8,Q3,893,134843,153082,Online
pharma-a,P010,East,Tamil Nadu,7,Q3,6924,3365064,3473654,Retail
pharma-b,P001,East,Karnataka,9,Q3,7192,4437464,3983204,Distributor
pharma-a,P017,East,Delhi,10,Q4,3461,1529762,1661534,Online
pharma-a,P019,West,Karnataka,7,Q3,6731,4570349,4914196,Retail
pharma-a,P005,East,Tamil Nadu,12,Q4,3102,1858098,1715980,Distributor
pharma-b,P018,South,Tamil Nadu,1,Q1,4931,2850118,2573801,Retail
pharma-b,P009,West,Tamil Nadu,7,Q3,2226,327222,312834,Distributor
pharma-b,P003,North,Tamil Nadu,9,Q3,6985,1899920,1901147,Online
pharma-b,P020,South,Delhi,5,Q2,4674,556206,598574,Distributor
pharma-a,P017,West,Gujarat,12,Q4,5808,3060816,3336291,Retail
pharma-b,P009,North,Gujarat,9,Q3,4233,3437196,3597823,Hospital
pharma-a,P018,North,Maharashtra,7,Q3,9991,8572278,7776635,Online
pharma-b,P019,North,Karnataka,11,Q4,3833,2318965,2642847,Retail
pharma-a,P003,South,Karnataka,1,Q1,1757,867958,793763,Distributor
pharma-a,P001,North,Karnataka,4,Q2,2128,1004416,899525,Hospital
pharma-a,P008,West,Karnataka,11,Q4,1590,632820,683703,Retail
pharma-a,P006,West,Maharashtra,3,Q1,4504,1013400,1028377,Online
pharma-b,P006,North,Maharashtra,3,Q1,6196,4448728,3805665,Retail
pharma-a,P015,West,Delhi,7,Q3,9925,8078950,8537651,Hospital
pharma-a,P004,North,Tamil Nadu,7,Q3,6115,5888745,6700481,Retail
pharma-a,P010,East,Gujarat,4,Q2,4713,1522299,1652071,Online
pharma-a,P012,North,Delhi,5,Q2,8574,3523914,3455581,Hospital
pharma-a,P015,North,Gujarat,8,Q3,676,159536,158704,Retail
pharma-a,P009,North,Maharashtra,10,Q4,4389,3388308,3887673,Hospital
pharma-a,P010,North,Karnataka,4,Q2,3248,698320,673272,Hospital
pharma-a,P012,South,Karnataka,5,Q2,1746,1150614,1058600,Distributor
pharma-a,P015,West,Karnataka,6,Q2,2917,2249007,2497935,Retail
pharma-a,P008,North,Maharashtra,7,Q3,8156,5521612,5267047,Distributor
pharma-a,P017,South,Karnataka,7,Q3,8595,6833025,5862542,Hospital
pharma-b,P015,North,Maharashtra,7,Q3,8172,7461036,8198193,Online
pharma-a,P020,North,Karnataka,6,Q2,2070,912870,827645,Online
pharma-b,P006,West,Tamil Nadu,4,Q2,757,207418,186953,Distributor
pharma-a,P016,East,Karnataka,11,Q4,879,341931,387622,Hospital
pharma-b,P007,North,Gujarat,9,Q3,5104,4583392,3997991,Distributor
pharma-a,P015,East,Delhi,1,Q1,9144,3337560,3339362,Retail
pharma-b,P014,West,Tamil Nadu,1,Q1,4312,3880800,3876810,Distributor
pharma-b,P015,West,Maharashtra,12,Q4,613,411936,431097,Retail
pharma-a,P015,West,Delhi,11,Q4,5318,5052100,4355421,Retail
pharma-b,P011,North,Maharashtra,8,Q3,3177,1753704,1578507,Online
pharma-a,P005,South,Gujarat,1,Q1,2430,2349810,2483470,Retail
pharma-a,P001,East,Maharashtra,2,Q1,3082,505448,554944,Distributor
pharma-a,P014,South,Tamil Nadu,9,Q3,1008,175392,195691,Hospital
pharma-b,P001,South,Delhi,1,Q1,7073,2984806,2594586,Online
pharma-b,P016,North,Maharashtra,8,Q3,1303,1021552,988722,Distributor
pharma-b,P019,West,Gujarat,9,Q3,7144,2136056,2219846,Hospital
pharma-a,P009,North,Tamil Nadu,12,Q4,913,378895,394208,Hospital
pharma-a,P018,North,Gujarat,1,Q1,2536,512272,588620,Distributor
pharma-b,P014,West,Tamil Nadu,8,Q3,7692,4045992,4534083,Distributor
pharma-a,P009,West,Maharashtra,2,Q1,8428,1171492,1195476,Hospital
pharma-b,P014,East,Delhi,2,Q1,8416,8331840,9450714,Hospital
pharma-a,P005,South,Gujarat,1,Q1,4621,3789220,4340751,Retail
pharma-b,P015,South,Tamil Nadu,8,Q3,2727,1172610,1299968,Retail
pharma-a,P020,East,Gujarat,11,Q4,3491,2248204,2091575,Online
pharma-a,P012,West,Karnataka,8,Q3,3308,2428072,2506511,Retail
pharma-a,P011,West,Maharashtra,3,Q1,4676,607880,679782,Retail
pharma-b,P014,South,Gujarat,9,Q3,5551,4907084,4736500,Distributor
pharma-b,P005,West,Karnataka,10,Q4,9629,3254602,3077969,Online
pharma-b,P005,South,Gujarat,2,Q1,9561,8126850,8255718,Online
pharma-b,P006,South,Tamil Nadu,4,Q2,5963,5885481,5401248,Retail
pharma-b,P001,West,Karnataka,1,Q1,2209,1148680,1122533,Retail
pharma-b,P002,North,Delhi,12,Q4,2682,520308,500702,Retail
pharma-b,P011,South,Tamil Nadu,4,Q2,7072,1944800,2119663,Online
pharma-a,P007,South,Delhi,8,Q3,1026,400140,373243,Distributor
pharma-b,P004,East,Karnataka,5,Q2,5259,1314750,1150689,Hospital
pharma-b,P011,East,Gujarat,5,Q2,5300,3609300,3427878,Distributor
pharma-a,P003,East,Karnataka,11,Q4,5419,2639053,2431336,Hospital
pharma-b,P003,South,Gujarat,2,Q1,2515,1300255,1211750,Online
pharma-a,P009,West,Delhi,3,Q1,8710,4807920,4337026,Online
pharma-a,P011,South,Gujarat,10,Q4,9155,5557085,5348122,Hospital
pharma-b,P008,North,Maharashtra,8,Q3,5678,5269184,4667278,Distributor
pharma-a,P017,South,Delhi,8,Q3,9819,2759139,3104639,Retail
pharma-a,P011,West,Gujarat,3,Q1,4761,2056752,2204930,Hospital
pharma-a,P017,North,Karnataka,5,Q2,7127,2900689,3252329,Retail
pharma-b,P018,West,Karnataka,5,Q2,3868,3334216,2881541,Hospital
pharma-b,P014,North,Tamil Nadu,7,Q3,6877,1485432,1585874,Online
pharma-b,P008,West,Delhi,10,Q4,2178,2027718,1813004,Hospital
pharma-b,P020,North,Tamil Nadu,6,Q2,646,344964,301242,Distributor
pharma-b,P003,East,Gujarat,1,Q1,2177,457170,512084,Distributor
pharma-a,P005,South,Maharashtra,7,Q3,1222,123422,138594,Hospital
pharma-a,P016,South,Gujarat,10,Q4,9365,4916625,5343195,Retail
pharma-a,P004,South,Maharashtra,9,Q3,6907,1250167,1161757,Distributor
pharma-a,P012,North,Tamil Nadu,10,Q4,6972,6142332,5922547,Online
pharma-b,P006,North,Maharashtra,11,Q4,1605,629160,550787,Distributor
pharma-a,P009,West,Maharashtra,11,Q4,8293,2720104,2999340,Retail
pharma-a,P018,West,Maharashtra,12,Q4,6299,4358908,4186575,Distributor
pharma-b,P015,East,Tamil Nadu,12,Q4,7656,2434608,2723394,Online
pharma-a,P019,South,Maharashtra,6,Q2,5650,3446500,3423608,Online
pharma-a,P013,West,Tamil Nadu,1,Q1,8184,3429096,3655304,Hospital
pharma-a,P012,South,Gujarat,5,Q2,9273,1900965,1796293,Distributor
pharma-a,P019,North,Karnataka,6,Q2,7604,6531836,5601865,Retail
pharma-b,P018,West,Gujarat,11,Q4,6776,3625160,3860817,Online
pharma-a,P012,East,Tamil Nadu,7,Q3,780,465660,441443,Hospital
pharma-a,P003,North,Maharashtra,9,Q3,5267,1221944,1181407,Retail
pharma-b,P010,East,Maharashtra,9,Q3,882,879354,954553,Distributor
pharma-b,P019,East,Maharashtra,9,Q3,6218,5627290,5807155,Retail
pharma-b,P013,East,Karnataka,6,Q2,3080,2833600,2643538,Retail
pharma-b,P015,East,Maharashtra,8,Q3,7337,5854926,6604127,Distributor
pharma-b,P008,West,Delhi,9,Q3,6277,5297788,5966079,Retail
pharma-b,P003,South,Karnataka,6,Q2,9524,9038276,8470057,Online
pharma-a,P003,West,Delhi,3,Q1,3085,2998620,2980893,Retail
pharma-b,P019,West,Delhi,3,Q1,3924,3551220,3683509,Online
pharma-b,P019,North,Karnataka,1,Q1,4171,3253380,3269979,Distributor
pharma-a,P015,North,Maharashtra,9,Q3,4796,4206092,3688334,Hospital
pharma-a,P010,South,Tamil Nadu,10,Q4,5740,3334940,3724069,Retail
pharma-b,P003,South,Gujarat,8,Q3,6645,5462190,5048687,Retail
pharma-b,P014,North,Delhi,3,Q1,7616,6587840,5930859,Distributor
pharma-a,P017,East,Karnataka,1,Q1,7018,6379362,5893384,Distributor
pharma-b,P003,North,Gujarat,10,Q4,8662,5526356,5519767,Online
pharma-a,P017,South,Tamil Nadu,6,Q2,3589,2777886,2543303,Hospital
pharma-b,P004,North,Tamil Nadu,2,Q1,6801,1013349,1163035,Retail
pharma-a,P002,East,Delhi,5,Q2,1922,1232002,1287480,Retail
pharma-b,P014,North,Karnataka,11,Q4,760,566200,584016,Retail
pharma-a,P008,West,Gujarat,9,Q3,1291,1094768,982558,Hospital
pharma-a,P019,South,Tamil Nadu,8,Q3,7269,4434090,5018781,Online
pharma-b,P008,West,Delhi,8,Q3,6684,2793912,2674120,Distributor
pharma-b,P020,North,Karnataka,5,Q2,8761,1866093,1929566,Distributor
pharma-a,P012,North,Maharashtra,1,Q1,2789,1366610,1417555,Distributor
pharma-b,P007,South,Maharashtra,9,Q3,2716,803936,850037,Retail
pharma-a,P007,East,Maharashtra,5,Q2,9020,3806440,3619575,Hospital
pharma-b,P001,South,Tamil Nadu,5,Q2,784,424928,378859,Online
pharma-a,P013,West,Delhi,12,Q4,2238,955626,993538,Hospital
pharma-b,P010,West,Tamil Nadu,3,Q1,2259,1197270,1362200,Retail
pharma-b,P005,West,Gujarat,8,Q3,4583,710365,640947,Distributor
pharma-a,P014,East,Tamil Nadu,3,Q1,6150,1666650,1749997,Retail
pharma-a,P012,South,Tamil Nadu,8,Q3,2329,614856,591658,Retail
pharma-b,P017,North,Gujarat,11,Q4,5417,5146150,5305706,Hospital
pharma-b,P011,North,Gujarat,5,Q2,5637,5388972,5900654,Distributor
pharma-b,P014,East,Delhi,3,Q1,4403,4156432,4261397,Hospital
pharma-b,P003,East,Karnataka,5,Q2,3059,3049823,3396457,Online
pharma-b,P018,East,Delhi,5,Q2,8588,936092,1016819,Online
pharma-b,P020,East,Maharashtra,2,Q1,5435,2630540,2592207,Hospital
pharma-a,P014,West,Karnataka,11,Q4,6131,888995,953777,Hospital
pharma-a,P010,North,Tamil Nadu,8,Q3,1031,977388,1017044,Retail
pharma-b,P014,North,Karnataka,2,Q1,7276,1455200,1333644,Distributor
pharma-a,P016,South,Maharashtra,7,Q3,4894,2241452,2228965,Retail
pharma-b,P012,East,Karnataka,12,Q4,8738,7235064,8150131,Retail
pharma-a,P018,West,Tamil Nadu,11,Q4,8726,3891796,4382659,Distributor
pharma-a,P014,West,Gujarat,9,Q3,1650,750750,718897,Online
pharma-a,P011,East,Tamil Nadu,11,Q4,7322,1332604,1476366,Online
pharma-b,P002,South,Tamil Nadu,12,Q4,4415,2194255,2030267,Hospital
pharma-b,P019,East,Delhi,2,Q1,7271,1592349,1766051,Hospital
pharma-a,P007,East,Tamil Nadu,4,Q2,3569,835146,775215,Distributor
pharma-a,P017,South,Delhi,7,Q3,7120,1196160,1229697,Hospital
pharma-a,P014,West,Delhi,9,Q3,6854,4749822,4729992,Distributor
pharma-b,P019,West,Karnataka,2,Q1,9865,5277775,5958155,Hospital
pharma-b,P006,West,Maharashtra,5,Q2,3856,1920288,1961019,Retail
pharma-a,P012,North,Tamil Nadu,5,Q2,2681,911540,775991,Hospital
pharma-a,P016,East,Tamil Nadu,10,Q4,663,141219,140704,Retail
pharma-a,P020,North,Gujarat,9,Q3,7467,2605983,2579942,Hospital
pharma-b,P012,South,Tamil Nadu,1,Q1,7382,6695474,5992260,Retail
pharma-a,P014,South,Delhi,7,Q3,8207,2552377,2660475,Distributor
pharma-b,P015,East,Tamil Nadu,10,Q4,5240,1414800,1527850,Distributor
pharma-a,P001,East,Maharashtra,12,Q4,1078,347116,384098,Retail
pharma-b,P007,North,Karnataka,3,Q1,5555,4916175,4951218,Online
pharma-b,P013,South,Delhi,3,Q1,4256,3851680,3668579,Online
pharma-a,P004,South,Maharashtra,4,Q2,9348,962844,1016782,Online
pharma-b,P017,West,Karnataka,11,Q4,1599,1079325,1025846,Hospital
pharma-a,P004,South,Gujarat,2,Q1,8145,4854420,5284281,Hospital
pharma-a,P013,West,Tamil Nadu,7,Q3,4244,2126244,2222519,Distributor
pharma-b,P006,North,Karnataka,3,Q1,7285,7059165,6691458,Distributor
pharma-b,P001,South,Karnataka,11,Q4,8550,6198750,5360520,Retail
pharma-b,P001,South,Tamil Nadu,6,Q2,4083,1849599,1923365,Retail
pharma-a,P007,South,Delhi,12,Q4,6118,1401022,1546206,Online
pharma-b,P014,West,Maharashtra,10,Q4,6108,903984,988947,Retail
pharma-a,P012,West,Gujarat,8,Q3,9600,1564800,1544182,Hospital
pharma-a,P013,East,Karnataka,5,Q2,5285,4830490,4891079,Hospital
pharma-b,P006,South,Gujarat,9,Q3,3272,340288,381830,Hospital
pharma-b,P004,East,Gujarat,8,Q3,7737,4704096,4582244,Hospital
pharma-a,P013,North,Tamil Nadu,6,Q2,7716,4035468,4446050,Retail
pharma-a,P005,West,Maharashtra,10,Q4,5870,4531640,4217452,Hospital
pharma-a,P019,East,Gujarat,5,Q2,5357,1574958,1655707,Distributor
pharma-b,P015,West,Tamil Nadu,7,Q3,1758,1474962,1643731,Online
pharma-b,P011,North,Maharashtra,12,Q4,1981,1612534,1548437,Distributor
pharma-b,P015,South,Karnataka,4,Q2,9745,7922685,8281993,Distributor
pharma-a,P013,North,Maharashtra,10,Q4,5165,976185,874925,Online
pharma-a,P014,West,Maharashtra,9,Q3,5860,4611820,4237903,Hospital
pharma-b,P018,North,Tamil Nadu,3,Q1,511,400624,357339,Retail
pharma-a,P018,North,Maharashtra,3,Q1,686,600936,675384,Online
pharma-b,P016,West,Karnataka,8,Q3,3185,372645,339033,Online
pharma-a,P010,East,Gujarat,4,Q2,6649,3125030,3050523,Hospital
pharma-b,P004,North,Delhi,7,Q3,5840,3515680,3837922,Retail
pharma-b,P016,West,Maharashtra,6,Q2,4770,2385000,2613030,Retail
pharma-a,P003,West,Delhi,12,Q4,592,416768,472565,Distributor
pharma-b,P014,West,Karnataka,12,Q4,1320,1152360,1101812,Online
pharma-a,P002,South,Delhi,4,Q2,2048,489472,558136,Retail
pharma-b,P014,South,Delhi,5,Q2,8615,7719040,7738471,Hospital
pharma-a,P019,East,Gujarat,1,Q1,5511,628254,694110,Distributor
pharma-b,P004,East,Gujarat,8,Q3,712,100392,86103,Hospital
pharma-a,P015,South,Gujarat,9,Q3,5746,2085798,2018523,Retail
pharma-b,P016,East,Karnataka,7,Q3,9879,3329223,3649109,Hospital
pharma-b,P004,South,Maharashtra,10,Q4,9202,3910850,4434491,Online
pharma-b,P003,South,Karnataka,2,Q1,3795,428835,409557,Retail
pharma-b,P006,East,Maharashtra,2,Q1,1918,1334928,1397488,Retail
pharma-b,P020,East,Maharashtra,10,Q4,5313,1434510,1504154,Distributor
pharma-a,P006,East,Gujarat,8,Q3,1095,926370,977294,Retail
pharma-a,P018,West,Tamil Nadu,8,Q3,6876,6690348,6550264,Online
pharma-a,P017,East,Maharashtra,4,Q2,5574,652158,681048,Online
pharma-a,P018,West,Delhi,5,Q2,3685,445885,449636,Retail
pharma-b,P008,South,Gujarat,11,Q4,3850,2879800,2986483,Online
pharma-a,P006,West,Tamil Nadu,4,Q2,8852,2390040,2660681,Online
pharma-a,P012,East,Gujarat,2,Q1,9526,4124758,3651095,Retail
pharma-a,P003,West,Gujarat,7,Q3,1425,639825,627869,Online
pharma-b,P015,West,Maharashtra,10,Q4,2737,2247077,2437338,Retail
pharma-a,P008,North,Karnataka,9,Q3,7773,3319071,3621598,Distributor
pharma-a,P012,South,Karnataka,11,Q4,711,223254,217738,Online
pharma-b,P016,West,Maharashtra,10,Q4,3281,1220532,1315595,Online
pharma-a,P013,East,Delhi,8,Q3,1550,454150,511840,Distributor
pharma-b,P016,East,Delhi,2,Q1,5565,2353995,2162530,Distributor
pharma-a,P012,West,Delhi,5,Q2,8990,5789560,5175084,Distributor
pharma-a,P014,North,Maharashtra,9,Q3,6485,1335910,1440871,Hospital
pharma-a,P011,West,Tamil Nadu,4,Q2,4304,2823424,3132251,Hospital
pharma-b,P015,West,Delhi,12,Q4,7388,4477128,5139546,Distributor
pharma-a,P014,North,Gujarat,9,Q3,3814,2349424,2515222,Hospital
pharma-a,P009,West,Delhi,12,Q4,1491,418971,451575,Distributor
pharma-b,P002,South,Delhi,12,Q4,6137,2976445,2711020,Retail
pharma-a,P018,South,Karnataka,5,Q2,6391,1540231,1438065,Distributor
pharma-b,P002,East,Maharashtra,6,Q2,6025,5054975,5010251,Retail
pharma-b,P007,North,Karnataka,3,Q1,4912,3895216,4174486,Retail
pharma-b,P003,West,Maharashtra,11,Q4,9107,7877555,8283371,Retail
pharma-b,P019,West,Delhi,8,Q3,7347,6171480,6736971,Retail
pharma-b,P001,South,Gujarat,6,Q2,5072,2941760,2994946,Online
pharma-a,P014,North,Gujarat,4,Q2,2512,2298480,2374819,Retail
pharma-b,P003,South,Karnataka,3,Q1,8862,7718802,8175461,Online
pharma-a,P012,South,Gujarat,5,Q2,2053,1258489,1205832,Distributor
pharma-b,P009,North,Gujarat,10,Q4,3190,1355750,1371519,Retail
pharma-a,P009,North,Maharashtra,4,Q2,6187,3161557,2900404,Retail
pharma-a,P017,South,Tamil Nadu,8,Q3,3625,1573250,1652418,Hospital
pharma-b,P015,West,Delhi,8,Q3,2142,1148112,1261195,Online
pharma-a,P003,South,Karnataka,12,Q4,6507,1047627,1055329,Retail
pharma-b,P018,East,Tamil Nadu,5,Q2,3945,1597725,1568129,Hospital
pharma-a,P007,North,Gujarat,3,Q1,6422,4219254,4142500,Distributor
pharma-b,P015,South,Tamil Nadu,4,Q2,1778,899668,819334,Hospital
pharma-b,P013,North,Maharashtra,8,Q3,3083,2657546,2573140,Retail
pharma-a,P008,South,Tamil Nadu,5,Q2,1304,817608,897415,Distributor
pharma-b,P010,North,Maharashtra,7,Q3,4424,1592640,1761412,Retail
pharma-a,P008,North,Maharashtra,12,Q4,2104,1045688,1018097,Online
pharma-b,P006,South,Gujarat,5,Q2,6444,6166908,5830479,Hospital
pharma-b,P001,East,Tamil Nadu,10,Q4,6699,1708245,1535460,Distributor
pharma-a,P004,North,Gujarat,5,Q2,9135,4905495,4287106,Online
pharma-b,P002,North,Karnataka,7,Q3,600,241800,235912,Hospital
pharma-a,P015,East,Gujarat,11,Q4,5996,1822784,1828860,Hospital
pharma-b,P005,East,Delhi,2,Q1,891,468666,453039,Online
pharma-b,P011,West,Karnataka,3,Q1,1747,943380,900686,Retail
pharma-b,P005,South,Gujarat,10,Q4,3695,1677530,1559806,Distributor
pharma-a,P015,North,Maharashtra,11,Q4,750,602250,595755,Retail
pharma-b,P001,South,Karnataka,11,Q4,918,416772,434113,Hospital
pharma-b,P014,West,Maharashtra,5,Q2,9361,4184367,3850435,Retail
pharma-a,P004,West,Maharashtra,5,Q2,7956,5473728,5901264,Distributor
pharma-b,P003,South,Gujarat,9,Q3,3217,1283583,1381293,Retail
pharma-a,P001,South,Gujarat,11,Q4,9492,1642116,1571441,Retail
pharma-a,P017,East,Karnataka,2,Q1,7716,7661988,7414833,Hospital
pharma-a,P006,West,Gujarat,7,Q3,3223,1424566,1623233,Distributor
pharma-a,P016,South,Karnataka,5,Q2,1538,518306,578543,Distributor
pharma-a,P002,South,Karnataka,6,Q2,1250,1073750,1156106,Online
pharma-b,P020,West,Karnataka,4,Q2,9693,3247155,3252832,Distributor
pharma-b,P002,South,Tamil Nadu,11,Q4,6938,3212294,2978012,Distributor
pharma-a,P018,East,Gujarat,1,Q1,3630,1197900,1372316,Online
pharma-b,P004,East,Gujarat,7,Q3,4527,4296123,3816729,Hospital
pharma-b,P001,East,Maharashtra,5,Q2,8874,8652150,8640670,Hospital
pharma-b,P019,North,Delhi,2,Q1,9627,2194956,2465795,Online
pharma-b,P006,North,Maharashtra,10,Q4,1351,802494,743061,Distributor
pharma-b,P019,South,Gujarat,2,Q1,1675,974850,865142,Distributor
pharma-a,P001,South,Delhi,6,Q2,6963,4456320,4696428,Distributor
pharma-b,P011,West,Karnataka,8,Q3,5313,4776387,4458475,Online
pharma-b,P013,North,Tamil Nadu,3,Q1,4090,2057270,1982248,Hospital
pharma-b,P016,East,Maharashtra,3,Q1,609,408639,360291,Hospital
pharma-a,P014,South,Gujarat,11,Q4,3020,1401280,1544292,Retail
pharma-b,P001,East,Karnataka,10,Q4,4547,4055924,3891678,Online
pharma-a,P005,West,Gujarat,12,Q4,5883,3494502,3991706,Distributor
pharma-a,P014,West,Gujarat,5,Q2,9657,1467864,1343254,Hospital
pharma-b,P007,West,Tamil Nadu,9,Q3,1638,933660,881869,Distributor
pharma-a,P008,East,Karnataka,8,Q3,6815,2548810,2286332,Retail
pharma-a,P001,South,Gujarat,6,Q2,4437,3163581,3037064,Online
pharma-a,P017,East,Karnataka,3,Q1,9656,9231136,9142485,Retail
pharma-b,P001,North,Maharashtra,5,Q2,8509,8126095,8661949,Online
pharma-b,P009,West,Karnataka,11,Q4,7865,7676240,7591523,Distributor
pharma-a,P019,West,Tamil Nadu,9,Q3,1611,1155087,1089257,Online
pharma-b,P019,West,Tamil Nadu,4,Q2,6806,1333976,1445948,Hospital
pharma-a,P009,North,Delhi,8,Q3,3868,1976548,2001117,Hospital
pharma-a,P017,North,Delhi,2,Q1,8641,3637861,3560717,Distributor
pharma-a,P002,West,Karnataka,2,Q1,8738,6780688,7376693,Online
pharma-b,P003,West,Gujarat,10,Q4,2152,1067392,1009840,Online
pharma-a,P008,West,Karnataka,5,Q2,1649,364429,313268,Distributor
pharma-b,P018,West,Tamil Nadu,2,Q1,2882,1423708,1350113,Online
pharma-a,P018,North,Gujarat,3,Q1,2427,655290,723996,Distributor
pharma-a,P009,North,Gujarat,7,Q3,923,695019,701238,Hospital
pharma-b,P018,East,Delhi,4,Q2,8121,6740430,6188206,Distributor
pharma-a,P015,West,Karnataka,2,Q1,9177,3927756,3772700,Online
pharma-b,P001,West,Maharashtra,7,Q3,4685,1691285,1715353,Hospital
pharma-b,P010,North,Maharashtra,1,Q1,4952,678424,736295,Distributor
pharma-b,P002,South,Karnataka,2,Q1,1334,1125896,1099823,Hospital
pharma-b,P020,West,Karnataka,10,Q4,7235,4601460,4933571,Retail
pharma-b,P010,South,Tamil Nadu,4,Q2,4880,1776320,2040044,Online
pharma-a,P012,North,Gujarat,8,Q3,3693,3438183,3346432,Distributor
pharma-b,P015,East,Gujarat,8,Q3,9679,7927101,9064737,Retail
pharma-b,P003,North,Delhi,4,Q2,2840,1314920,1373128,Hospital
pharma-b,P016,West,Maharashtra,9,Q3,5805,1735695,1847499,Hospital
pharma-a,P016,East,Karnataka,12,Q4,828,300564,261003,Retail
pharma-b,P013,North,Maharashtra,5,Q2,2481,756705,847595,Online
pharma-b,P016,West,Delhi,3,Q1,8369,7490255,8613031,Online
pharma-a,P005,West,Gujarat,12,Q4,8179,1676695,1646050,Retail
pharma-b,P001,West,Delhi,3,Q1,8012,2091132,2134713,Hospital
pharma-b,P007,North,Tamil Nadu,12,Q4,7171,4101812,3975852,Retail
pharma-b,P002,South,Delhi,5,Q2,4539,785247,760810,Retail
pharma-a,P011,East,Tamil Nadu,5,Q2,8405,1924745,1829737,Hospital
pharma-b,P013,West,Gujarat,3,Q1,1234,984732,897336,Hospital
pharma-b,P004,East,Delhi,1,Q1,3527,1770554,1988484,Retail
pharma-b,P001,West,Karnataka,2,Q1,2712,699696,761191,Hospital
pharma-b,P013,West,Tamil Nadu,7,Q3,5791,2275863,2382362,Distributor
pharma-a,P006,East,Karnataka,11,Q4,2366,1911728,2119591,Distributor
pharma-a,P011,South,Karnataka,9,Q3,7616,1332800,1319350,Hospital
pharma-b,P018,North,Karnataka,9,Q3,1024,450560,444218,Retail
pharma-a,P008,West,Tamil Nadu,9,Q3,9676,4779944,4488289,Distributor
pharma-b,P005,West,Maharashtra,6,Q2,2452,318760,313067,Distributor
pharma-b,P016,North,Delhi,3,Q1,6619,900184,916962,Online
pharma-b,P010,North,Karnataka,4,Q2,6130,4836570,4962338,Online
pharma-a,P011,West,Gujarat,3,Q1,7039,2477728,2339204,Hospital
pharma-a,P013,South,Delhi,11,Q4,6166,1011224,970634,Online
pharma-b,P012,North,Gujarat,4,Q2,8276,8259448,8311437,Distributor
pharma-a,P003,South,Tamil Nadu,4,Q2,4876,4305508,4781226,Distributor
pharma-a,P003,West,Tamil Nadu,12,Q4,3113,666182,605697,Distributor
pharma-b,P003,West,Delhi,11,Q4,6671,1187438,1123260,Online
pharma-b,P008,South,Karnataka,3,Q1,4787,4782213,5174995,Hospital
pharma-a,P001,North,Delhi,9,Q3,2271,615441,630739,Online
pharma-a,P020,East,Maharashtra,9,Q3,4613,1623776,1598170,Distributor
pharma-a,P005,West,Gujarat,2,Q1,8487,7400664,8346363,Retail
pharma-a,P001,North,Delhi,9,Q3,9377,8673725,8915123,Hospital
pharma-b,P017,North,Gujarat,2,Q1,4887,566892,514611,Distributor
pharma-a,P011,North,Gujarat,12,Q4,2340,1897740,2023965,Hospital
pharma-b,P013,South,Delhi,11,Q4,8990,7524630,8255125,Online
pharma-a,P006,North,Karnataka,2,Q1,2092,1087840,1153650,Distributor
pharma-b,P001,South,Maharashtra,3,Q1,5261,2840940,3235369,Online
pharma-b,P005,North,Karnataka,12,Q4,6180,4196220,4226036,Retail
pharma-b,P006,North,Tamil Nadu,5,Q2,8843,8338949,8489048,Distributor
pharma-b,P020,North,Karnataka,7,Q3,573,562686,575975,Hospital
pharma-a,P008,North,Delhi,12,Q4,7589,3627542,3537491,Distributor
pharma-b,P004,West,Tamil Nadu,6,Q2,8544,8296224,9193761,Hospital
pharma-a,P001,East,Gujarat,10,Q4,6158,5967102,5174683,Retail
pharma-b,P010,North,Tamil Nadu,5,Q2,6262,876680,884139,Retail
pharma-b,P007,South,Karnataka,4,Q2,876,510708,586728,Distributor
pharma-b,P013,East,Maharashtra,3,Q1,7270,1461270,1633378,Distributor
pharma-b,P016,East,Delhi,9,Q3,7002,1547442,1549292,Hospital
pharma-b,P017,South,Gujarat,4,Q2,5616,769392,773564,Distributor
pharma-b,P009,South,Tamil Nadu,9,Q3,9190,4236590,4318693,Hospital
pharma-a,P001,West,Gujarat,7,Q3,6609,3238410,3348410,Retail
pharma-b,P020,West,Karnataka,8,Q3,7636,6139344,5519084,Retail
pharma-b,P018,South,Maharashtra,3,Q1,8200,3673600,3376805,Distributor
pharma-a,P018,South,Gujarat,12,Q4,6142,2745474,2856485,Online
pharma-a,P006,South,Gujarat,1,Q1,1940,1903140,1877076,Hospital
pharma-a,P014,South,Gujarat,5,Q2,6445,6367660,7158855,Retail
pharma-b,P019,East,Delhi,8,Q3,4157,3720515,3569559,Retail
pharma-b,P004,East,Karnataka,10,Q4,1699,222569,238793,Retail
pharma-a,P004,West,Tamil Nadu,8,Q3,9889,7436528,6432456,Online
pharma-b,P016,East,Tamil Nadu,8,Q3,2724,2367156,2048825,Hospital
pharma-a,P002,East,Maharashtra,9,Q3,4275,2654775,2455923,Online
pharma-a,P013,North,Maharashtra,11,Q4,9449,5263093,5213791,Online
pharma-b,P008,South,Delhi,3,Q1,2683,1159056,1058824,Retail
pharma-a,P005,East,Karnataka,6,Q2,8569,5038572,4964523,Retail
pharma-b,P015,East,Delhi,8,Q3,6055,902195,811485,Hospital
pharma-b,P006,North,Maharashtra,5,Q2,9123,3795168,3717719,Hospital
pharma-a,P013,South,Gujarat,4,Q2,6991,5788548,6250234,Online
pharma-b,P006,North,Delhi,8,Q3,5926,4764504,4944394,Retail
pharma-b,P017,East,Tamil Nadu,8,Q3,1417,697164,713107,Retail
pharma-a,P017,East,Karnataka,3,Q1,1394,352682,404608,Distributor
pharma-b,P014,North,Tamil Nadu,12,Q4,8269,5837914,6626479,Online
pharma-b,P015,North,Gujarat,10,Q4,8966,8123196,7963619,Online
pharma-a,P008,East,Gujarat,12,Q4,5260,4723480,4917917,Retail
pharma-a,P004,East,Tamil Nadu,3,Q1,4262,3183714,3023434,Hospital
pharma-a,P020,East,Tamil Nadu,4,Q2,8599,5150801,5260431,Retail
pharma-b,P007,West,Delhi,5,Q2,9719,7162903,7974872,Online
pharma-a,P016,South,Karnataka,1,Q1,1220,808860,861783,Hospital
pharma-a,P001,North,Delhi,3,Q1,8767,8205912,7978936,Online
pharma-a,P013,South,Delhi,2,Q1,5772,3463200,3279681,Distributor
pharma-a,P009,North,Gujarat,12,Q4,7013,3892215,3422994,Hospital
pharma-a,P001,East,Delhi,9,Q3,8425,2417975,2253236,Retail
pharma-b,P010,West,Tamil Nadu,6,Q2,2605,1912070,1795860,Retail
pharma-a,P012,North,Tamil Nadu,2,Q1,8114,2101526,2254690,Hospital
pharma-a,P007,East,Karnataka,4,Q2,5866,1976842,2240481,Online
pharma-b,P015,West,Tamil Nadu,8,Q3,3984,1418304,1589862,Retail
pharma-b,P011,West,Delhi,1,Q1,3888,3036528,2644450,Distributor
pharma-b,P020,North,Delhi,1,Q1,8205,4824540,4209428,Retail
pharma-a,P014,North,Gujarat,10,Q4,1077,637584,703070,Online
pharma-b,P014,West,Delhi,8,Q3,2983,2720496,3001809,Hospital
pharma-b,P004,South,Delhi,4,Q2,6533,3259967,3184852,Retail
pharma-a,P007,South,Delhi,4,Q2,6838,6612346,7439855,Distributor
pharma-a,P012,East,Gujarat,8,Q3,6721,4039321,3684119,Hospital
pharma-b,P018,North,Maharashtra,11,Q4,8679,2430120,2446590,Retail
pharma-b,P015,West,Delhi,12,Q4,7302,6330834,6669715,Hospital
pharma-a,P013,North,Delhi,10,Q4,3852,2973744,2888888,Retail
pharma-a,P019,West,Karnataka,8,Q3,5968,3001904,3180249,Distributor
pharma-a,P019,North,Gujarat,6,Q2,1542,1147248,1183439,Distributor
pharma-b,P013,South,Maharashtra,1,Q1,6953,2120665,2050726,Hospital
pharma-a,P012,North,Tamil Nadu,5,Q2,1425,792300,794776,Hospital
pharma-b,P017,North,Maharashtra,4,Q2,6462,5705946,6328270,Retail
pharma-b,P008,West,Delhi,3,Q1,8409,6247887,6972963,Distributor
pharma-b,P015,West,Tamil Nadu,12,Q4,1502,663884,636108,Hospital
pharma-b,P003,South,Gujarat,10,Q4,6794,4912062,5303423,Hospital
pharma-b,P010,South,Tamil Nadu,1,Q1,1313,1013636,900299,Retail
pharma-a,P004,South,Karnataka,7,Q3,8844,6058140,5503885,Distributor
pharma-b,P001,South,Maharashtra,4,Q2,7619,6674244,6764392,Distributor
pharma-a,P012,West,Tamil Nadu,2,Q1,2718,2334762,2410077,Hospital
pharma-b,P006,East,Maharashtra,12,Q4,6286,5751690,5602737,Hospital
pharma-b,P014,East,Delhi,9,Q3,3064,790512,724136,Distributor
pharma-b,P005,East,Gujarat,8,Q3,923,913770,1047633,Online
pharma-a,P001,South,Karnataka,9,Q3,3405,2458410,2774354,Retail
pharma-b,P005,West,Gujarat,10,Q4,8656,1783136,1716035,Retail
pharma-b,P020,West,Delhi,8,Q3,3066,1594320,1606874,Distributor
pharma-b,P009,West,Delhi,11,Q4,6397,2737916,2355014,Retail
pharma-a,P004,North,Maharashtra,9,Q3,6290,5302470,5595634,Hospital
pharma-b,P011,West,Delhi,6,Q2,918,794070,836389,Hospital
pharma-a,P011,North,Maharashtra,1,Q1,9708,7348956,7472548,Online
pharma-b,P020,West,Delhi,5,Q2,8684,4732780,4135568,Retail
pharma-b,P018,West,Tamil Nadu,4,Q2,6793,6140872,6387734,Online
pharma-b,P008,South,Karnataka,5,Q2,7777,4300681,4012323,Online
pharma-a,P007,West,Gujarat,3,Q1,3059,2789808,3095550,Online
pharma-a,P017,North,Gujarat,2,Q1,6151,615100,556293,Online
pharma-b,P007,West,Karnataka,5,Q2,5631,850281,805164,Retail
pharma-a,P020,East,Maharashtra,6,Q2,563,201554,199935,Online
pharma-a,P020,West,Gujarat,7,Q3,3184,2257456,1970331,Distributor
pharma-b,P015,South,Tamil Nadu,7,Q3,763,522655,527771,Distributor
pharma-a,P020,North,Tamil Nadu,5,Q2,8441,7065117,6496754,Online
pharma-b,P007,West,Gujarat,9,Q3,6235,3965460,3906454,Distributor
pharma-b,P012,West,Maharashtra,4,Q2,2355,2161890,2247337,Distributor
pharma-b,P009,West,Maharashtra,7,Q3,4483,4321612,4405218,Retail
pharma-b,P016,East,Tamil Nadu,8,Q3,8419,3232896,2977823,Retail
pharma-a,P005,South,Gujarat,5,Q2,8941,5060606,4976157,Online
pharma-a,P020,North,Gujarat,10,Q4,9005,5222900,4959838,Online
pharma-a,P005,South,Gujarat,1,Q1,966,155526,147299,Hospital
pharma-b,P010,East,Maharashtra,8,Q3,4270,2083760,1972540,Distributor
pharma-b,P002,East,Gujarat,2,Q1,9865,3245585,3028697,Retail
pharma-b,P014,South,Tamil Nadu,2,Q1,2707,790444,816544,Retail
pharma-a,P014,East,Karnataka,4,Q2,6592,6578816,7154003,Distributor
pharma-b,P011,North,Gujarat,7,Q3,3062,1883130,1705685,Hospital
pharma-b,P001,West,Gujarat,8,Q3,5828,4359344,4321011,Retail
pharma-b,P007,West,Tamil Nadu,4,Q2,1276,895752,1011832,Online
pharma-a,P019,South,Tamil Nadu,7,Q3,7248,920496,939610,Online
pharma-b,P011,North,Maharashtra,11,Q4,5289,2030976,2333156,Hospital
pharma-b,P005,West,Karnataka,10,Q4,945,757890,662780,Online
pharma-a,P006,South,Tamil Nadu,6,Q2,2920,1632280,1640503,Distributor
pharma-b,P013,South,Maharashtra,6,Q2,5485,4311210,3765940,Distributor
pharma-b,P016,North,Maharashtra,8,Q3,7742,3305834,3011578,Online
pharma-a,P009,East,Gujarat,2,Q1,9561,5459331,5738733,Distributor
pharma-a,P016,East,Delhi,4,Q2,9521,8806925,7491751,Retail
pharma-b,P011,West,Karnataka,7,Q3,9045,2912490,3236150,Distributor
pharma-a,P015,North,Delhi,2,Q1,3611,3509892,3031257,Online
pharma-b,P006,North,Karnataka,9,Q3,2249,955825,923745,Retail
pharma-b,P001,South,Tamil Nadu,9,Q3,5965,1962485,1932927,Retail
pharma-a,P010,South,Delhi,2,Q1,4148,2422432,2134229,Retail
pharma-a,P014,South,Gujarat,1,Q1,9170,4401600,4442131,Hospital
pharma-b,P018,East,Gujarat,4,Q2,7464,6695208,7565736,Hospital
pharma-b,P015,South,Karnataka,9,Q3,6966,3726810,3543419,Online
pharma-a,P013,West,Tamil Nadu,6,Q2,6232,4219064,4036454,Retail
pharma-b,P010,North,Maharashtra,6,Q2,7740,4582080,5132208,Retail
pharma-b,P001,East,Maharashtra,3,Q1,5877,4725108,5185920,Hospital
pharma-a,P018,East,Delhi,9,Q3,7832,1989328,1816990,Online
pharma-b,P012,West,Karnataka,1,Q1,9124,1104004,989049,Hospital
pharma-a,P010,North,Delhi,1,Q1,8149,6942948,7880206,Distributor
pharma-a,P004,West,Tamil Nadu,1,Q1,9068,7136516,6320560,Hospital
pharma-a,P011,East,Tamil Nadu,7,Q3,1963,659568,688833,Hospital
pharma-b,P015,East,Maharashtra,1,Q1,1178,1168576,1284005,Distributor
pharma-b,P002,South,Karnataka,11,Q4,8324,1023852,995021,Hospital
pharma-b,P010,East,Gujarat,4,Q2,5940,3249180,3394539,Hospital
pharma-a,P013,South,Gujarat,4,Q2,7110,2836890,2826029,Retail
pharma-b,P012,East,Gujarat,12,Q4,2093,1247428,1074677,Retail
pharma-a,P012,North,Delhi,11,Q4,3514,1286124,1198209,Online
pharma-b,P008,North,Maharashtra,12,Q4,1071,391986,375165,Hospital
pharma-b,P018,West,Tamil Nadu,11,Q4,3215,3092830,2922270,Distributor
pharma-a,P019,West,Maharashtra,12,Q4,7668,1165536,1188134,Online
pharma-a,P003,West,Maharashtra,10,Q4,8709,1898562,2119292,Online
pharma-a,P008,North,Karnataka,11,Q4,9438,3784638,3648082,Hospital
pharma-a,P018,North,Delhi,1,Q1,2157,1056930,978415,Distributor
pharma-b,P013,South,Delhi,8,Q3,4295,919130,823941,Distributor
pharma-a,P014,North,Karnataka,8,Q3,7093,5014751,5015621,Online
pharma-a,P006,East,Tamil Nadu,12,Q4,5563,3337800,3117603,Hospital
pharma-a,P019,West,Maharashtra,8,Q3,4293,3292731,3016606,Distributor
pharma-b,P004,West,Maharashtra,5,Q2,3326,1633066,1847564,Hospital
pharma-b,P009,West,Maharashtra,7,Q3,5955,815835,901048,Distributor
pharma-a,P012,South,Tamil Nadu,5,Q2,5151,2333403,2460937,Retail
pharma-b,P020,East,Delhi,5,Q2,1914,1483350,1560410,Hospital
pharma-a,P015,North,Delhi,10,Q4,8790,5238840,5755113,Retail
pharma-a,P020,South,Gujarat,4,Q2,7778,2737856,2815251,Distributor
pharma-a,P010,South,Tamil Nadu,11,Q4,7330,747660,793648,Online
pharma-b,P004,East,Tamil Nadu,5,Q2,4927,507481,552660,Online
pharma-a,P007,East,Karnataka,5,Q2,3038,1315454,1257529,Online
pharma-a,P018,South,Karnataka,7,Q3,2997,2850147,2498112,Distributor
pharma-a,P012,East,Maharashtra,1,Q1,9931,7775973,7429721,Retail
pharma-b,P005,West,Delhi,1,Q1,6525,3334275,3737004,Hospital
pharma-b,P017,South,Maharashtra,8,Q3,3061,1781502,1552661,Online
pharma-a,P007,East,Maharashtra,12,Q4,3520,2717440,2813884,Online
pharma-a,P008,South,Tamil Nadu,8,Q3,3094,1738828,1607089,Retail
pharma-b,P005,West,Tamil Nadu,12,Q4,7537,4137813,3878893,Distributor
pharma-a,P019,East,Tamil Nadu,9,Q3,7812,5898060,6263237,Distributor
pharma-a,P019,East,Delhi,10,Q4,3676,3330456,2903748,Online
pharma-b,P012,West,Karnataka,12,Q4,7107,3681426,3686543,Hospital
pharma-b,P008,West,Tamil Nadu,8,Q3,8714,2736196,2952292,Hospital
pharma-a,P003,West,Maharashtra,12,Q4,3881,3861595,3406664,Online
pharma-a,P011,South,Delhi,1,Q1,3897,2599299,2740119,Retail
pharma-a,P007,North,Delhi,11,Q4,2070,1291680,1104021,Online
pharma-b,P009,North,Karnataka,4,Q2,7436,1769768,1789808,Hospital
pharma-a,P017,East,Karnataka,2,Q1,2307,1065834,994219,Retail
pharma-b,P018,North,Delhi,8,Q3,4531,1658346,1812134,Distributor
pharma-a,P001,West,Tamil Nadu,1,Q1,8693,4607290,5085570,Retail
pharma-b,P012,North,Delhi,7,Q3,1120,273280,265934,Retail
pharma-a,P010,West,Gujarat,11,Q4,2659,659432,745112,Distributor
pharma-a,P018,South,Tamil Nadu,11,Q4,2126,1936786,2097354,Distributor
pharma-a,P014,South,Maharashtra,1,Q1,9173,3632508,3123774,Distributor
pharma-b,P020,West,Maharashtra,7,Q3,2727,2252502,2330300,Hospital
pharma-a,P019,West,Delhi,3,Q1,7424,4773632,4624208,Distributor
pharma-a,P018,South,Tamil Nadu,9,Q3,2022,1781382,1723308,Retail
pharma-a,P010,North,Tamil Nadu,4,Q2,8217,2465100,2135208,Online
pharma-a,P009,South,Gujarat,1,Q1,3695,2708435,2310304,Retail
pharma-a,P002,East,Tamil Nadu,3,Q1,7017,6420555,5533676,Hospital
pharma-a,P010,West,Delhi,9,Q3,5847,4490496,4421635,Retail
pharma-a,P008,South,Tamil Nadu,4,Q2,9231,2030820,2268278,Retail
pharma-a,P020,South,Karnataka,3,Q1,9919,5594316,5880668,Retail
pharma-b,P009,North,Maharashtra,5,Q2,4576,3033888,3201299,Distributor
pharma-b,P012,East,Karnataka,11,Q4,1897,1172346,1185360,Distributor
pharma-b,P020,East,Tamil Nadu,9,Q3,1353,213774,212206,Retail
pharma-b,P014,South,Tamil Nadu,7,Q3,9072,3147984,3127245,Distributor
pharma-b,P012,North,Delhi,6,Q2,9415,3285835,3324932,Distributor
pharma-a,P001,West,Tamil Nadu,1,Q1,1388,1178412,1068213,Online
pharma-a,P004,North,Karnataka,6,Q2,8697,887094,829278,Retail
pharma-a,P004,East,Tamil Nadu,10,Q4,7389,2733930,2338920,Hospital
pharma-a,P010,West,Maharashtra,2,Q1,3775,1181575,1120207,Hospital
pharma-b,P006,South,Tamil Nadu,1,Q1,9790,3054480,2667106,Online
pharma-b,P005,West,Tamil Nadu,4,Q2,4286,938634,904601,Distributor
pharma-a,P018,South,Karnataka,2,Q1,627,103455,102690,Online
pharma-a,P020,East,Delhi,8,Q3,4596,675612,642057,Hospital
pharma-b,P001,North,Gujarat,12,Q4,690,72450,79872,Distributor
pharma-b,P015,South,Delhi,3,Q1,7335,2427885,2329411,Distributor
pharma-a,P016,West,Karnataka,6,Q2,3483,1288710,1137709,Hospital
pharma-a,P006,West,Tamil Nadu,2,Q1,1390,703340,685238,Online
pharma-a,P006,East,Gujarat,3,Q1,3666,1741350,1941755,Online
pharma-b,P010,North,Delhi,10,Q4,1218,579768,574692,Online
pharma-b,P007,South,Karnataka,12,Q4,8626,8487984,8952114,Online
pharma-b,P006,West,Maharashtra,6,Q2,9133,5251475,5950779,Hospital
pharma-b,P018,South,Maharashtra,8,Q3,2234,947216,1051154,Hospital
pharma-a,P003,East,Karnataka,12,Q4,4810,1048580,940748,Distributor
pharma-b,P010,West,Tamil Nadu,4,Q2,1718,1353784,1530547,Online
pharma-a,P016,East,Maharashtra,10,Q4,508,405384,394422,Distributor
pharma-b,P011,North,Gujarat,6,Q2,8292,7114536,7785558,Retail
pharma-b,P001,North,Maharashtra,8,Q3,7107,1357437,1341761,Online
pharma-a,P007,North,Maharashtra,2,Q1,2559,1438158,1314426,Retail
pharma-a,P017,North,Tamil Nadu,3,Q1,985,344750,392822,Online
pharma-b,P012,West,Delhi,1,Q1,1002,165330,168788,Distributor
pharma-b,P005,West,Maharashtra,12,Q4,7671,5108886,5599193,Retail
pharma-b,P003,North,Tamil Nadu,5,Q2,3871,1459367,1574205,Retail
pharma-b,P003,North,Delhi,8,Q3,5695,5683610,5328341,Online
pharma-b,P005,East,Gujarat,3,Q1,2579,861386,978275,Hospital
pharma-b,P010,South,Maharashtra,2,Q1,7425,4625775,4295094,Hospital
pharma-a,P017,East,Maharashtra,11,Q4,6036,4394208,3931244,Distributor
pharma-b,P013,East,Karnataka,2,Q1,8614,3385302,3308815,Distributor
pharma-a,P008,North,Tamil Nadu,5,Q2,5652,616068,603157,Distributor
pharma-b,P004,North,Karnataka,8,Q3,2207,726103,757004,Distributor
pharma-b,P008,North,Maharashtra,8,Q3,9401,6693512,7391972,Hospital
pharma-b,P018,West,Gujarat,11,Q4,5763,3244569,3485665,Hospital
pharma-a,P018,South,Maharashtra,5,Q2,2244,1822128,1917068,Distributor
pharma-b,P016,East,Tamil Nadu,4,Q2,4401,1641573,1741118,Distributor
pharma-b,P008,West,Gujarat,8,Q3,1064,208544,218857,Distributor
pharma-a,P012,South,Maharashtra,11,Q4,8424,7716384,8555766,Hospital
pharma-b,P001,South,Tamil Nadu,1,Q1,1853,1602845,1417993,Distributor
pharma-b,P018,West,Delhi,11,Q4,792,677160,701568,Retail
pharma-a,P011,East,Maharashtra,10,Q4,6236,3704184,4172801,Retail
pharma-a,P017,East,Tamil Nadu,12,Q4,3011,1502489,1456612,Hospital
pharma-b,P007,South,Delhi,2,Q1,7479,5609250,4927472,Distributor
pharma-b,P002,West,Karnataka,12,Q4,8494,5308750,5541401,Hospital
pharma-a,P013,South,Maharashtra,2,Q1,2959,2316897,2540486,Online
pharma-b,P020,South,Gujarat,3,Q1,3124,980936,904839,Hospital
pharma-a,P011,West,Tamil Nadu,8,Q3,2744,1245776,1059772,Retail
pharma-b,P014,North,Tamil Nadu,3,Q1,8044,6563904,5807992,Distributor
pharma-a,P007,East,Karnataka,8,Q3,8602,2520386,2251189,Distributor
pharma-b,P008,West,Delhi,3,Q1,2158,1709136,1912125,Retail
pharma-a,P020,East,Karnataka,1,Q1,7697,5449476,5021899,Online
pharma-b,P004,East,Gujarat,8,Q3,1573,1151436,1223599,Distributor
pharma-a,P011,North,Delhi,10,Q4,2727,2124333,2417016,Distributor
pharma-a,P001,East,Delhi,12,Q4,9468,5709204,5699561,Retail
pharma-b,P010,South,Tamil Nadu,4,Q2,8042,5621358,5365421,Retail
pharma-a,P017,North,Tamil Nadu,11,Q4,1670,384100,393663,Hospital
pharma-a,P011,North,Maharashtra,11,Q4,1706,588570,616044,Hospital
pharma-a,P001,West,Delhi,4,Q2,6610,5836630,6145498,Retail
pharma-b,P013,East,Gujarat,5,Q2,2197,601978,549809,Retail
pharma-a,P008,South,Maharashtra,9,Q3,8431,7621624,7048335,Distributor
pharma-b,P002,East,Karnataka,10,Q4,2217,784818,780118,Distributor
pharma-b,P017,South,Tamil Nadu,10,Q4,3276,740376,679337,Hospital
pharma-b,P018,South,Karnataka,7,Q3,1386,870408,741550,Retail
pharma-b,P003,East,Maharashtra,10,Q4,4299,756624,853186,Distributor
pharma-b,P020,South,Gujarat,1,Q1,3733,2068082,2153669,Online
pharma-a,P018,North,Maharashtra,4,Q2,3922,2180632,1893573,Distributor
pharma-b,P013,South,Delhi,6,Q2,5630,2336450,2007833,Online
pharma-a,P001,East,Karnataka,6,Q2,5774,4417110,5004575,Retail
pharma-a,P009,North,Maharashtra,9,Q3,949,743067,755418,Retail
pharma-a,P017,East,Maharashtra,3,Q1,9264,3585168,3576730,Retail
pharma-b,P017,West,Delhi,4,Q2,8110,1386810,1591546,Online
pharma-b,P004,East,Karnataka,4,Q2,1045,581020,628397,Online
pharma-b,P014,West,Maharashtra,11,Q4,7079,2251122,2430458,Retail
pharma-a,P004,North,Tamil Nadu,12,Q4,2028,417768,479080,Distributor
pharma-b,P008,North,Gujarat,4,Q2,8529,2643990,2823567,Retail
pharma-b,P002,South,Tamil Nadu,8,Q3,1764,1017828,867725,Retail
pharma-b,P019,South,Maharashtra,7,Q3,2097,1950210,1972706,Retail
pharma-a,P001,East,Delhi,9,Q3,2623,382958,380294,Hospital
pharma-b,P006,East,Tamil Nadu,12,Q4,5391,1239930,1164996,Distributor
pharma-b,P008,South,Delhi,6,Q2,1493,1322798,1292876,Distributor
pharma-a,P019,North,Delhi,12,Q4,4085,2013905,2199426,Online
pharma-a,P005,North,Tamil Nadu,3,Q1,1060,780160,744019,Hospital
pharma-a,P011,East,Maharashtra,9,Q3,2117,1443794,1489052,Online
pharma-b,P009,East,Tamil Nadu,6,Q2,7818,6731298,7129163,Hospital
pharma-b,P009,East,Karnataka,1,Q1,5654,2069364,1793434,Distributor
pharma-a,P012,East,Tamil Nadu,8,Q3,5097,555573,566236,Retail
pharma-a,P004,West,Tamil Nadu,6,Q2,4476,608736,686305,Hospital
pharma-a,P008,East,Maharashtra,5,Q2,1045,477565,511624,Hospital
pharma-b,P016,North,Gujarat,2,Q1,4675,4216850,4577640,Online
pharma-b,P010,East,Maharashtra,1,Q1,722,101802,113696,Hospital
pharma-a,P010,West,Delhi,6,Q2,4627,3414726,3375759,Retail
pharma-b,P018,West,Delhi,3,Q1,6419,3312204,2834180,Retail
pharma-b,P013,West,Karnataka,6,Q2,7766,4131512,3586795,Retail
pharma-a,P016,East,Maharashtra,2,Q1,8809,1885126,1698859,Hospital
pharma-b,P012,South,Delhi,1,Q1,9623,7611793,6738343,Distributor
pharma-a,P010,South,Maharashtra,6,Q2,852,467748,519389,Hospital
pharma-b,P009,North,Tamil Nadu,11,Q4,4997,2958224,3357056,Online
pharma-b,P007,North,Maharashtra,12,Q4,4247,3801065,4169376,Retail
pharma-a,P019,West,Tamil Nadu,8,Q3,1448,385168,369247,Online
pharma-a,P014,East,Delhi,5,Q2,6721,4751747,4636878,Distributor
pharma-a,P009,East,Maharashtra,11,Q4,9384,3124872,2829778,Hospital
pharma-a,P008,West,Karnataka,5,Q2,5071,4487835,4478564,Retail
pharma-b,P011,North,Delhi,5,Q2,9187,6329843,7264988,Hospital
pharma-a,P019,East,Tamil Nadu,6,Q2,9419,3400259,3805271,Retail
pharma-a,P010,West,Gujarat,1,Q1,8308,7219652,6664976,Online
pharma-b,P014,East,Gujarat,8,Q3,3871,2179373,2199726,Distributor
pharma-a,P009,South,Delhi,2,Q1,9722,1963844,2172995,Online
pharma-a,P014,South,Gujarat,10,Q4,7813,3226769,3170177,Online
pharma-b,P014,West,Maharashtra,12,Q4,1837,1289574,1142752,Retail
pharma-b,P006,West,Delhi,3,Q1,6111,4216590,4416230,Retail
pharma-a,P015,West,Gujarat,8,Q3,753,484179,526818,Online
pharma-b,P011,North,Maharashtra,11,Q4,6640,6414240,6707887,Retail
pharma-b,P016,North,Delhi,5,Q2,7796,4584048,5224860,Hospital
pharma-b,P002,East,Tamil Nadu,8,Q3,1407,334866,382008,Hospital
pharma-a,P012,East,Delhi,5,Q2,5123,696728,725969,Distributor
pharma-b,P011,South,Delhi,7,Q3,4046,2435692,2259106,Distributor
pharma-b,P012,East,Delhi,12,Q4,8256,4119744,4666310,Online
pharma-a,P008,East,Delhi,3,Q1,552,455400,510687,Distributor
pharma-a,P019,East,Karnataka,1,Q1,7861,2075304,2056888,Online
pharma-a,P017,South,Tamil Nadu,7,Q3,9868,4282712,4504022,Online
pharma-a,P018,East,Karnataka,12,Q4,7485,7005960,6802260,Retail
pharma-b,P014,North,Karnataka,8,Q3,7629,6080313,6764604,Distributor
